{
  "$schema": "../../schema/facilities.schema.json",
  "_comment": "设施：唯一的实体。几何是 Point 或 Polygon，同一张类别表。",
  "_reachability": [
    "★ 设施能不能走到，完全由通行线决定 —— 没有单独的 door 字段。",
    "  面状设施：寻路点 = 通行线吸附到它边缘上的那个点（线停在墙上）",
    "  点状设施：寻路点 = 它自己；要求有通行线经过它",
    "  「门」是算出来的，不是填出来的 —— 挪动通行线，入口跟着动，不会有过期的 door。"
  ],
  "_searchIndex": [
    "★ properties.fields 是搜索索引标签，值随便填多少。",
    "  字段定义写在 manifest.facilityCategories[类别].fields 上，对该类别的【所有】设施生效 ——",
    "  这样新增一个值机柜台时，「字母编号 / 航空公司 / 航司代码」会自动出现，不会有人漏填。",
    "  也可以只在单个设施上加临时字段，编辑器里能一键提升成类别级。"
  ],
  "_example": true,
  "_warning": "全部为示意几何，用于验证数据格式与校验器。必须以官方平面图为参考重绘。",
  "type": "FeatureCollection",
  "features": [
    {
      "type": "Feature",
      "id": "fac-elevator-4f-01",
      "geometry": {
        "type": "Point",
        "coordinates": [
          20,
          55
        ]
      },
      "properties": {
        "level": "L4F",
        "zone": "airside_domestic",
        "category": "elevator",
        "name": "电梯 1",
        "nameEn": "Elevator 1",
        "verticalGroup": "vg-elevator-01",
        "verticalLevels": [
          "L3F",
          "L4F",
          "L2F"
        ],
        "accessible": true,
        "verified": false
      }
    },
    {
      "type": "Feature",
      "id": "fac-l3f-0001",
      "geometry": {
        "type": "Polygon",
        "coordinates": [
          [
            [
              -184.45,
              176.99
            ],
            [
              -186.58,
              171.52
            ],
            [
              -163.26,
              161.46
            ],
            [
              -172.44,
              139.53
            ],
            [
              -167.85,
              137.58
            ],
            [
              -156.26,
              165.08
            ],
            [
              -184.45,
              176.99
            ]
          ]
        ]
      },
      "properties": {
        "level": "L3F",
        "zone": "landside",
        "verified": false,
        "category": "checkin",
        "name": "",
        "nameEn": "",
        "aliases": [],
        "pinyin": [],
        "location": "",
        "hours": null,
        "phone": null,
        "accessible": true,
        "tags": [],
        "public": true,
        "through": false,
        "fields": {
          "counterLetter": "M",
          "airline": "中国国际航空",
          "airlineCode": "CA"
        }
      }
    },
    {
      "type": "Feature",
      "id": "fac-l3f-0002",
      "geometry": {
        "type": "Polygon",
        "coordinates": [
          [
            [
              -205.64,
              115.43
            ],
            [
              -209.76,
              106
            ],
            [
              -156.32,
              83.4
            ],
            [
              -152.2,
              93.01
            ],
            [
              -205.64,
              115.43
            ]
          ]
        ]
      },
      "properties": {
        "level": "L3F",
        "zone": "security",
        "verified": false,
        "category": "security",
        "name": "国内安检",
        "nameEn": "",
        "aliases": [],
        "pinyin": [],
        "location": "",
        "hours": null,
        "phone": null,
        "accessible": true,
        "tags": [],
        "public": true,
        "through": true
      }
    },
    {
      "type": "Feature",
      "id": "fac-l3f-0003",
      "geometry": {
        "type": "Polygon",
        "coordinates": [
          [
            [
              -133.45,
              85.69
            ],
            [
              -131.34,
              73.06
            ],
            [
              -86.32,
              61.81
            ],
            [
              -87.88,
              75.17
            ],
            [
              -133.45,
              85.69
            ]
          ]
        ]
      },
      "properties": {
        "level": "L3F",
        "zone": "security",
        "verified": false,
        "category": "security",
        "name": "国内安检",
        "nameEn": "",
        "aliases": [],
        "pinyin": [],
        "location": "",
        "hours": null,
        "phone": null,
        "accessible": true,
        "tags": [],
        "public": true,
        "through": true
      }
    },
    {
      "type": "Feature",
      "id": "fac-l3f-0004",
      "geometry": {
        "type": "Polygon",
        "coordinates": [
          [
            [
              -211.31,
              212.8
            ],
            [
              -211.26,
              206.82
            ],
            [
              -204.96,
              206.82
            ],
            [
              -204.96,
              213.64
            ],
            [
              -211.31,
              212.8
            ]
          ]
        ]
      },
      "properties": {
        "level": "L3F",
        "zone": "landside",
        "verified": false,
        "category": "exit",
        "name": "7号门",
        "nameEn": "",
        "aliases": [],
        "pinyin": [],
        "location": "",
        "hours": null,
        "phone": null,
        "accessible": true,
        "tags": [],
        "public": true,
        "through": false
      }
    },
    {
      "type": "Feature",
      "id": "fac-l3f-0005",
      "geometry": {
        "type": "Polygon",
        "coordinates": [
          [
            [
              -204.96,
              213.59
            ],
            [
              -199.29,
              214.35
            ],
            [
              -199.3,
              206.82
            ],
            [
              -204.96,
              206.82
            ],
            [
              -204.96,
              213.59
            ]
          ]
        ]
      },
      "properties": {
        "level": "L3F",
        "zone": "landside",
        "verified": false,
        "category": "entrance",
        "name": "7号门",
        "nameEn": "",
        "aliases": [],
        "pinyin": [],
        "location": "",
        "hours": null,
        "phone": null,
        "accessible": true,
        "tags": [],
        "public": true,
        "through": false
      }
    },
    {
      "type": "Feature",
      "id": "fac-l3f-0006",
      "geometry": {
        "type": "Point",
        "coordinates": [
          -124.09,
          140.36
        ]
      },
      "properties": {
        "level": "L4F",
        "zone": "airside_domestic",
        "verified": false,
        "category": "escalator",
        "name": "扶梯 01",
        "nameEn": "扶梯 01",
        "aliases": [],
        "pinyin": [],
        "location": "",
        "hours": null,
        "phone": null,
        "accessible": true,
        "tags": [],
        "verticalGroup": "vg-escalator-01",
        "verticalLevels": [
          "L4F",
          "L3F"
        ]
      }
    },
    {
      "type": "Feature",
      "id": "fac-l3f-0007",
      "geometry": {
        "type": "Point",
        "coordinates": [
          -124.09,
          140.36
        ]
      },
      "properties": {
        "level": "L3F",
        "zone": "landside",
        "verified": false,
        "category": "escalator",
        "name": "扶梯 01",
        "nameEn": "扶梯 01",
        "aliases": [],
        "pinyin": [],
        "location": "",
        "hours": null,
        "phone": null,
        "accessible": true,
        "tags": [],
        "verticalGroup": "vg-escalator-01",
        "verticalLevels": [
          "L4F",
          "L3F"
        ]
      }
    },
    {
      "type": "Feature",
      "id": "fac-l3f-0008",
      "geometry": {
        "type": "Point",
        "coordinates": [
          -124.61,
          128.12
        ]
      },
      "properties": {
        "level": "L4F",
        "zone": "airside_domestic",
        "verified": false,
        "category": "escalator",
        "name": "扶梯 02",
        "nameEn": "扶梯 02",
        "aliases": [],
        "pinyin": [],
        "location": "",
        "hours": null,
        "phone": null,
        "accessible": true,
        "tags": [],
        "verticalGroup": "vg-escalator-02",
        "verticalLevels": [
          "L4F",
          "L3F"
        ]
      }
    },
    {
      "type": "Feature",
      "id": "fac-l3f-0009",
      "geometry": {
        "type": "Point",
        "coordinates": [
          -124.61,
          128.12
        ]
      },
      "properties": {
        "level": "L3F",
        "zone": "landside",
        "verified": false,
        "category": "escalator",
        "name": "扶梯 02",
        "nameEn": "扶梯 02",
        "aliases": [],
        "pinyin": [],
        "location": "",
        "hours": null,
        "phone": null,
        "accessible": true,
        "tags": [],
        "verticalGroup": "vg-escalator-02",
        "verticalLevels": [
          "L4F",
          "L3F"
        ]
      }
    },
    {
      "type": "Feature",
      "id": "fac-l3f-0010",
      "geometry": {
        "type": "Point",
        "coordinates": [
          -132.08,
          181.38
        ]
      },
      "properties": {
        "level": "L4F",
        "zone": "airside_domestic",
        "verified": false,
        "category": "escalator",
        "name": "扶梯 03",
        "nameEn": "扶梯 03",
        "aliases": [],
        "pinyin": [],
        "location": "",
        "hours": null,
        "phone": null,
        "accessible": true,
        "tags": [],
        "verticalGroup": "vg-escalator-03",
        "verticalLevels": [
          "L4F",
          "L3F",
          "L2F",
          "L1F",
          "B1"
        ]
      }
    },
    {
      "type": "Feature",
      "id": "fac-l3f-0011",
      "geometry": {
        "type": "Point",
        "coordinates": [
          -132.08,
          181.38
        ]
      },
      "properties": {
        "level": "L3F",
        "zone": "airside_domestic",
        "verified": false,
        "category": "escalator",
        "name": "扶梯 03",
        "nameEn": "扶梯 03",
        "aliases": [],
        "pinyin": [],
        "location": "",
        "hours": null,
        "phone": null,
        "accessible": true,
        "tags": [],
        "verticalGroup": "vg-escalator-03",
        "verticalLevels": [
          "L4F",
          "L3F",
          "L2F",
          "L1F",
          "B1"
        ]
      }
    },
    {
      "type": "Feature",
      "id": "fac-l3f-0012",
      "geometry": {
        "type": "Point",
        "coordinates": [
          -132.08,
          181.38
        ]
      },
      "properties": {
        "level": "L2F",
        "zone": "airside_domestic",
        "verified": false,
        "category": "escalator",
        "name": "扶梯 03",
        "nameEn": "扶梯 03",
        "aliases": [],
        "pinyin": [],
        "location": "",
        "hours": null,
        "phone": null,
        "accessible": true,
        "tags": [],
        "verticalGroup": "vg-escalator-03",
        "verticalLevels": [
          "L4F",
          "L3F",
          "L2F",
          "L1F",
          "B1"
        ]
      }
    },
    {
      "type": "Feature",
      "id": "fac-l3f-0013",
      "geometry": {
        "type": "Point",
        "coordinates": [
          -132.08,
          181.38
        ]
      },
      "properties": {
        "level": "L1F",
        "zone": "airside_domestic",
        "verified": false,
        "category": "escalator",
        "name": "扶梯 03",
        "nameEn": "扶梯 03",
        "aliases": [],
        "pinyin": [],
        "location": "",
        "hours": null,
        "phone": null,
        "accessible": true,
        "tags": [],
        "verticalGroup": "vg-escalator-03",
        "verticalLevels": [
          "L4F",
          "L3F",
          "L2F",
          "L1F",
          "B1"
        ]
      }
    },
    {
      "type": "Feature",
      "id": "fac-l3f-0014",
      "geometry": {
        "type": "Point",
        "coordinates": [
          -132.08,
          181.38
        ]
      },
      "properties": {
        "level": "B1",
        "zone": "airside_domestic",
        "verified": false,
        "category": "escalator",
        "name": "扶梯 03",
        "nameEn": "扶梯 03",
        "aliases": [],
        "pinyin": [],
        "location": "",
        "hours": null,
        "phone": null,
        "accessible": true,
        "tags": [],
        "verticalGroup": "vg-escalator-03",
        "verticalLevels": [
          "L4F",
          "L3F",
          "L2F",
          "L1F",
          "B1"
        ]
      }
    },
    {
      "type": "Feature",
      "id": "fac-l3f-0015",
      "geometry": {
        "type": "Point",
        "coordinates": [
          -179.5,
          192.65
        ]
      },
      "properties": {
        "level": "L4F",
        "zone": "airside_domestic",
        "verified": false,
        "category": "escalator",
        "name": "扶梯 04",
        "nameEn": "扶梯 04",
        "aliases": [],
        "pinyin": [],
        "location": "",
        "hours": null,
        "phone": null,
        "accessible": true,
        "tags": [],
        "verticalGroup": "vg-escalator-04",
        "verticalLevels": [
          "L4F",
          "L3F",
          "L2F",
          "L1F",
          "B1"
        ]
      }
    },
    {
      "type": "Feature",
      "id": "fac-l3f-0016",
      "geometry": {
        "type": "Point",
        "coordinates": [
          -179.5,
          192.65
        ]
      },
      "properties": {
        "level": "L3F",
        "zone": "airside_domestic",
        "verified": false,
        "category": "escalator",
        "name": "扶梯 04",
        "nameEn": "扶梯 04",
        "aliases": [],
        "pinyin": [],
        "location": "",
        "hours": null,
        "phone": null,
        "accessible": true,
        "tags": [],
        "verticalGroup": "vg-escalator-04",
        "verticalLevels": [
          "L4F",
          "L3F",
          "L2F",
          "L1F",
          "B1"
        ]
      }
    },
    {
      "type": "Feature",
      "id": "fac-l3f-0017",
      "geometry": {
        "type": "Point",
        "coordinates": [
          -179.5,
          192.65
        ]
      },
      "properties": {
        "level": "L2F",
        "zone": "airside_domestic",
        "verified": false,
        "category": "escalator",
        "name": "扶梯 04",
        "nameEn": "扶梯 04",
        "aliases": [],
        "pinyin": [],
        "location": "",
        "hours": null,
        "phone": null,
        "accessible": true,
        "tags": [],
        "verticalGroup": "vg-escalator-04",
        "verticalLevels": [
          "L4F",
          "L3F",
          "L2F",
          "L1F",
          "B1"
        ]
      }
    },
    {
      "type": "Feature",
      "id": "fac-l3f-0018",
      "geometry": {
        "type": "Point",
        "coordinates": [
          -179.5,
          192.65
        ]
      },
      "properties": {
        "level": "L1F",
        "zone": "airside_domestic",
        "verified": false,
        "category": "escalator",
        "name": "扶梯 04",
        "nameEn": "扶梯 04",
        "aliases": [],
        "pinyin": [],
        "location": "",
        "hours": null,
        "phone": null,
        "accessible": true,
        "tags": [],
        "verticalGroup": "vg-escalator-04",
        "verticalLevels": [
          "L4F",
          "L3F",
          "L2F",
          "L1F",
          "B1"
        ]
      }
    },
    {
      "type": "Feature",
      "id": "fac-l3f-0019",
      "geometry": {
        "type": "Point",
        "coordinates": [
          -179.5,
          192.65
        ]
      },
      "properties": {
        "level": "B1",
        "zone": "airside_domestic",
        "verified": false,
        "category": "escalator",
        "name": "扶梯 04",
        "nameEn": "扶梯 04",
        "aliases": [],
        "pinyin": [],
        "location": "",
        "hours": null,
        "phone": null,
        "accessible": true,
        "tags": [],
        "verticalGroup": "vg-escalator-04",
        "verticalLevels": [
          "L4F",
          "L3F",
          "L2F",
          "L1F",
          "B1"
        ]
      }
    },
    {
      "type": "Feature",
      "id": "fac-l3f-0020",
      "geometry": {
        "type": "Point",
        "coordinates": [
          -162.5,
          187.76
        ]
      },
      "properties": {
        "level": "L4F",
        "zone": "airside_domestic",
        "verified": false,
        "category": "elevator",
        "name": "电梯 02",
        "nameEn": "电梯 02",
        "aliases": [],
        "pinyin": [],
        "location": "",
        "hours": null,
        "phone": null,
        "accessible": true,
        "tags": [],
        "verticalGroup": "vg-elevator-02",
        "verticalLevels": [
          "L4F",
          "L3F",
          "L2F",
          "L1F",
          "B1"
        ]
      }
    },
    {
      "type": "Feature",
      "id": "fac-l3f-0021",
      "geometry": {
        "type": "Point",
        "coordinates": [
          -162.5,
          187.76
        ]
      },
      "properties": {
        "level": "L3F",
        "zone": "airside_domestic",
        "verified": false,
        "category": "elevator",
        "name": "电梯 02",
        "nameEn": "电梯 02",
        "aliases": [],
        "pinyin": [],
        "location": "",
        "hours": null,
        "phone": null,
        "accessible": true,
        "tags": [],
        "verticalGroup": "vg-elevator-02",
        "verticalLevels": [
          "L4F",
          "L3F",
          "L2F",
          "L1F",
          "B1"
        ]
      }
    },
    {
      "type": "Feature",
      "id": "fac-l3f-0022",
      "geometry": {
        "type": "Point",
        "coordinates": [
          -162.5,
          187.76
        ]
      },
      "properties": {
        "level": "L2F",
        "zone": "airside_domestic",
        "verified": false,
        "category": "elevator",
        "name": "电梯 02",
        "nameEn": "电梯 02",
        "aliases": [],
        "pinyin": [],
        "location": "",
        "hours": null,
        "phone": null,
        "accessible": true,
        "tags": [],
        "verticalGroup": "vg-elevator-02",
        "verticalLevels": [
          "L4F",
          "L3F",
          "L2F",
          "L1F",
          "B1"
        ]
      }
    },
    {
      "type": "Feature",
      "id": "fac-l3f-0023",
      "geometry": {
        "type": "Point",
        "coordinates": [
          -162.5,
          187.76
        ]
      },
      "properties": {
        "level": "L1F",
        "zone": "airside_domestic",
        "verified": false,
        "category": "elevator",
        "name": "电梯 02",
        "nameEn": "电梯 02",
        "aliases": [],
        "pinyin": [],
        "location": "",
        "hours": null,
        "phone": null,
        "accessible": true,
        "tags": [],
        "verticalGroup": "vg-elevator-02",
        "verticalLevels": [
          "L4F",
          "L3F",
          "L2F",
          "L1F",
          "B1"
        ]
      }
    },
    {
      "type": "Feature",
      "id": "fac-l3f-0024",
      "geometry": {
        "type": "Point",
        "coordinates": [
          -162.5,
          187.76
        ]
      },
      "properties": {
        "level": "B1",
        "zone": "airside_domestic",
        "verified": false,
        "category": "elevator",
        "name": "电梯 02",
        "nameEn": "电梯 02",
        "aliases": [],
        "pinyin": [],
        "location": "",
        "hours": null,
        "phone": null,
        "accessible": true,
        "tags": [],
        "verticalGroup": "vg-elevator-02",
        "verticalLevels": [
          "L4F",
          "L3F",
          "L2F",
          "L1F",
          "B1"
        ]
      }
    },
    {
      "type": "Feature",
      "id": "fac-l3f-0025",
      "geometry": {
        "type": "Point",
        "coordinates": [
          -107.21,
          177.91
        ]
      },
      "properties": {
        "level": "L4F",
        "zone": "airside_domestic",
        "verified": false,
        "category": "elevator",
        "name": "电梯 03",
        "nameEn": "电梯 03",
        "aliases": [],
        "pinyin": [],
        "location": "",
        "hours": null,
        "phone": null,
        "accessible": true,
        "tags": [],
        "verticalGroup": "vg-elevator-03",
        "verticalLevels": [
          "L4F",
          "L3F",
          "L2F",
          "L1F",
          "B1"
        ]
      }
    },
    {
      "type": "Feature",
      "id": "fac-l3f-0026",
      "geometry": {
        "type": "Point",
        "coordinates": [
          -107.21,
          177.91
        ]
      },
      "properties": {
        "level": "L3F",
        "zone": "airside_domestic",
        "verified": false,
        "category": "elevator",
        "name": "电梯 03",
        "nameEn": "电梯 03",
        "aliases": [],
        "pinyin": [],
        "location": "",
        "hours": null,
        "phone": null,
        "accessible": true,
        "tags": [],
        "verticalGroup": "vg-elevator-03",
        "verticalLevels": [
          "L4F",
          "L3F",
          "L2F",
          "L1F",
          "B1"
        ]
      }
    },
    {
      "type": "Feature",
      "id": "fac-l3f-0027",
      "geometry": {
        "type": "Point",
        "coordinates": [
          -107.21,
          177.91
        ]
      },
      "properties": {
        "level": "L2F",
        "zone": "airside_domestic",
        "verified": false,
        "category": "elevator",
        "name": "电梯 03",
        "nameEn": "电梯 03",
        "aliases": [],
        "pinyin": [],
        "location": "",
        "hours": null,
        "phone": null,
        "accessible": true,
        "tags": [],
        "verticalGroup": "vg-elevator-03",
        "verticalLevels": [
          "L4F",
          "L3F",
          "L2F",
          "L1F",
          "B1"
        ]
      }
    },
    {
      "type": "Feature",
      "id": "fac-l3f-0028",
      "geometry": {
        "type": "Point",
        "coordinates": [
          -107.21,
          177.91
        ]
      },
      "properties": {
        "level": "L1F",
        "zone": "airside_domestic",
        "verified": false,
        "category": "elevator",
        "name": "电梯 03",
        "nameEn": "电梯 03",
        "aliases": [],
        "pinyin": [],
        "location": "",
        "hours": null,
        "phone": null,
        "accessible": true,
        "tags": [],
        "verticalGroup": "vg-elevator-03",
        "verticalLevels": [
          "L4F",
          "L3F",
          "L2F",
          "L1F",
          "B1"
        ]
      }
    },
    {
      "type": "Feature",
      "id": "fac-l3f-0029",
      "geometry": {
        "type": "Point",
        "coordinates": [
          -107.21,
          177.91
        ]
      },
      "properties": {
        "level": "B1",
        "zone": "airside_domestic",
        "verified": false,
        "category": "elevator",
        "name": "电梯 03",
        "nameEn": "电梯 03",
        "aliases": [],
        "pinyin": [],
        "location": "",
        "hours": null,
        "phone": null,
        "accessible": true,
        "tags": [],
        "verticalGroup": "vg-elevator-03",
        "verticalLevels": [
          "L4F",
          "L3F",
          "L2F",
          "L1F",
          "B1"
        ]
      }
    },
    {
      "type": "Feature",
      "id": "fac-l3f-0030",
      "geometry": {
        "type": "Polygon",
        "coordinates": [
          [
            [
              133.37,
              214.56
            ],
            [
              111.53,
              198.19
            ],
            [
              111.35,
              196.76
            ],
            [
              128.64,
              173.53
            ],
            [
              132.58,
              176.68
            ],
            [
              119.46,
              194.16
            ],
            [
              138.37,
              208.21
            ],
            [
              133.37,
              214.56
            ]
          ]
        ]
      },
      "properties": {
        "level": "L3F",
        "zone": "airside_domestic",
        "verified": false,
        "category": "checkin",
        "name": "",
        "nameEn": "",
        "aliases": [],
        "pinyin": [],
        "location": "",
        "hours": null,
        "phone": null,
        "accessible": true,
        "tags": [],
        "public": true,
        "through": false,
        "fields": {
          "counterLetter": "R",
          "airline": "中国联合航空",
          "airlineCode": "KN"
        }
      }
    },
    {
      "type": "Feature",
      "id": "fac-l3f-0031",
      "geometry": {
        "type": "Polygon",
        "coordinates": [
          [
            [
              123.81,
              126.76
            ],
            [
              130.38,
              118.16
            ],
            [
              176.85,
              152.93
            ],
            [
              170.16,
              161.31
            ],
            [
              123.81,
              126.76
            ]
          ]
        ]
      },
      "properties": {
        "level": "L3F",
        "zone": "security",
        "verified": false,
        "category": "security",
        "name": "国内安检",
        "nameEn": "",
        "aliases": [],
        "pinyin": [],
        "location": "",
        "hours": null,
        "phone": null,
        "accessible": true,
        "tags": [],
        "public": true,
        "through": true
      }
    },
    {
      "type": "Feature",
      "id": "fac-l3f-0032",
      "geometry": {
        "type": "Polygon",
        "coordinates": [
          [
            [
              106.89,
              115.95
            ],
            [
              65.83,
              93.79
            ],
            [
              67.4,
              79.08
            ],
            [
              108.4,
              101.47
            ],
            [
              106.89,
              115.95
            ]
          ]
        ]
      },
      "properties": {
        "level": "L3F",
        "zone": "security",
        "verified": false,
        "category": "security",
        "name": "国内安检",
        "nameEn": "",
        "aliases": [],
        "pinyin": [],
        "location": "",
        "hours": null,
        "phone": null,
        "accessible": true,
        "tags": [],
        "public": true,
        "through": false
      }
    },
    {
      "type": "Feature",
      "id": "fac-l3f-0033",
      "geometry": {
        "type": "Point",
        "coordinates": [
          85.52,
          165.92
        ]
      },
      "properties": {
        "level": "L4F",
        "zone": "airside_domestic",
        "verified": false,
        "category": "elevator",
        "name": "电梯 04",
        "nameEn": "电梯 04",
        "aliases": [],
        "pinyin": [],
        "location": "",
        "hours": null,
        "phone": null,
        "accessible": true,
        "tags": [],
        "verticalGroup": "vg-elevator-04",
        "verticalLevels": [
          "L4F",
          "L3F"
        ]
      }
    },
    {
      "type": "Feature",
      "id": "fac-l3f-0034",
      "geometry": {
        "type": "Point",
        "coordinates": [
          85.52,
          165.92
        ]
      },
      "properties": {
        "level": "L3F",
        "zone": "airside_domestic",
        "verified": false,
        "category": "elevator",
        "name": "电梯 04",
        "nameEn": "电梯 04",
        "aliases": [],
        "pinyin": [],
        "location": "",
        "hours": null,
        "phone": null,
        "accessible": true,
        "tags": [],
        "verticalGroup": "vg-elevator-04",
        "verticalLevels": [
          "L4F",
          "L3F"
        ]
      }
    },
    {
      "type": "Feature",
      "id": "fac-l3f-0035",
      "geometry": {
        "type": "Point",
        "coordinates": [
          89.24,
          153.95
        ]
      },
      "properties": {
        "level": "L4F",
        "zone": "airside_domestic",
        "verified": false,
        "category": "elevator",
        "name": "电梯 05",
        "nameEn": "电梯 05",
        "aliases": [],
        "pinyin": [],
        "location": "",
        "hours": null,
        "phone": null,
        "accessible": true,
        "tags": [],
        "verticalGroup": "vg-elevator-05",
        "verticalLevels": [
          "L4F",
          "L3F"
        ]
      }
    },
    {
      "type": "Feature",
      "id": "fac-l3f-0036",
      "geometry": {
        "type": "Point",
        "coordinates": [
          89.24,
          153.95
        ]
      },
      "properties": {
        "level": "L3F",
        "zone": "airside_domestic",
        "verified": false,
        "category": "elevator",
        "name": "电梯 05",
        "nameEn": "电梯 05",
        "aliases": [],
        "pinyin": [],
        "location": "",
        "hours": null,
        "phone": null,
        "accessible": true,
        "tags": [],
        "verticalGroup": "vg-elevator-05",
        "verticalLevels": [
          "L4F",
          "L3F"
        ]
      }
    },
    {
      "type": "Feature",
      "id": "fac-l3f-0037",
      "geometry": {
        "type": "Point",
        "coordinates": [
          -149.62,
          91.58
        ]
      },
      "properties": {
        "level": "L4F",
        "zone": "airside_domestic",
        "verified": false,
        "category": "elevator",
        "name": "电梯 06",
        "nameEn": "电梯 06",
        "aliases": [],
        "pinyin": [],
        "location": "",
        "hours": null,
        "phone": null,
        "accessible": true,
        "tags": [],
        "verticalGroup": "vg-elevator-06",
        "verticalLevels": [
          "L4F",
          "L3F",
          "L2F",
          "L1F",
          "B1"
        ]
      }
    },
    {
      "type": "Feature",
      "id": "fac-l3f-0038",
      "geometry": {
        "type": "Point",
        "coordinates": [
          -149.62,
          91.58
        ]
      },
      "properties": {
        "level": "L3F",
        "zone": "airside_domestic",
        "verified": false,
        "category": "elevator",
        "name": "电梯 06",
        "nameEn": "电梯 06",
        "aliases": [],
        "pinyin": [],
        "location": "",
        "hours": null,
        "phone": null,
        "accessible": true,
        "tags": [],
        "verticalGroup": "vg-elevator-06",
        "verticalLevels": [
          "L4F",
          "L3F",
          "L2F",
          "L1F",
          "B1"
        ]
      }
    },
    {
      "type": "Feature",
      "id": "fac-l3f-0039",
      "geometry": {
        "type": "Point",
        "coordinates": [
          -149.62,
          91.58
        ]
      },
      "properties": {
        "level": "L2F",
        "zone": "airside_domestic",
        "verified": false,
        "category": "elevator",
        "name": "电梯 06",
        "nameEn": "电梯 06",
        "aliases": [],
        "pinyin": [],
        "location": "",
        "hours": null,
        "phone": null,
        "accessible": true,
        "tags": [],
        "verticalGroup": "vg-elevator-06",
        "verticalLevels": [
          "L4F",
          "L3F",
          "L2F",
          "L1F",
          "B1"
        ]
      }
    },
    {
      "type": "Feature",
      "id": "fac-l3f-0040",
      "geometry": {
        "type": "Point",
        "coordinates": [
          -149.62,
          91.58
        ]
      },
      "properties": {
        "level": "L1F",
        "zone": "airside_domestic",
        "verified": false,
        "category": "elevator",
        "name": "电梯 06",
        "nameEn": "电梯 06",
        "aliases": [],
        "pinyin": [],
        "location": "",
        "hours": null,
        "phone": null,
        "accessible": true,
        "tags": [],
        "verticalGroup": "vg-elevator-06",
        "verticalLevels": [
          "L4F",
          "L3F",
          "L2F",
          "L1F",
          "B1"
        ]
      }
    },
    {
      "type": "Feature",
      "id": "fac-l3f-0041",
      "geometry": {
        "type": "Point",
        "coordinates": [
          -149.62,
          91.58
        ]
      },
      "properties": {
        "level": "B1",
        "zone": "airside_domestic",
        "verified": false,
        "category": "elevator",
        "name": "电梯 06",
        "nameEn": "电梯 06",
        "aliases": [],
        "pinyin": [],
        "location": "",
        "hours": null,
        "phone": null,
        "accessible": true,
        "tags": [],
        "verticalGroup": "vg-elevator-06",
        "verticalLevels": [
          "L4F",
          "L3F",
          "L2F",
          "L1F",
          "B1"
        ]
      }
    },
    {
      "type": "Feature",
      "id": "fac-l3f-0042",
      "geometry": {
        "type": "Polygon",
        "coordinates": [
          [
            [
              -143.7,
              90.6
            ],
            [
              -144.92,
              87.66
            ],
            [
              -146.93,
              88.81
            ],
            [
              -149.81,
              81.92
            ],
            [
              -143.54,
              79.51
            ],
            [
              -139.35,
              89.33
            ],
            [
              -143.7,
              90.6
            ]
          ]
        ]
      },
      "properties": {
        "level": "L3F",
        "zone": "landside",
        "verified": false,
        "category": "baggage_drop",
        "name": "超规行李托运",
        "nameEn": "",
        "aliases": [],
        "pinyin": [],
        "location": "",
        "hours": null,
        "phone": null,
        "accessible": true,
        "tags": [],
        "public": true,
        "through": false,
        "fields": {
          "baggageKind": "超规"
        },
        "_mergedFrom": "oversize_baggage"
      }
    },
    {
      "type": "Feature",
      "id": "fac-l3f-0043",
      "geometry": {
        "type": "Polygon",
        "coordinates": [
          [
            [
              -137.62,
              93
            ],
            [
              -144.03,
              77.92
            ],
            [
              -137.04,
              75.28
            ],
            [
              -136.03,
              77.6
            ],
            [
              -132.84,
              76.24
            ],
            [
              -133.85,
              73.86
            ],
            [
              -131.34,
              73.06
            ],
            [
              -133.45,
              85.69
            ],
            [
              -134,
              91.55
            ],
            [
              -137.62,
              93
            ]
          ]
        ]
      },
      "properties": {
        "level": "L3F",
        "zone": "landside",
        "verified": false,
        "category": "service_desk",
        "name": "",
        "nameEn": "顺丰速运",
        "aliases": [],
        "pinyin": [],
        "location": "",
        "hours": null,
        "phone": null,
        "accessible": true,
        "tags": [],
        "public": true,
        "through": false,
        "fields": {
          "service": "邮政"
        },
        "_mergedFrom": "postal"
      }
    },
    {
      "type": "Feature",
      "id": "fac-l3f-0044",
      "geometry": {
        "type": "Point",
        "coordinates": [
          -135.22,
          75.6
        ]
      },
      "properties": {
        "level": "L5F",
        "zone": "landside",
        "verified": false,
        "category": "elevator",
        "name": "电梯 07",
        "nameEn": "电梯 07",
        "aliases": [],
        "pinyin": [],
        "location": "",
        "hours": null,
        "phone": null,
        "accessible": true,
        "tags": [],
        "verticalGroup": "vg-elevator-07",
        "verticalLevels": [
          "L5F",
          "L4F",
          "L3F",
          "L2F",
          "L1F"
        ]
      }
    },
    {
      "type": "Feature",
      "id": "fac-l3f-0045",
      "geometry": {
        "type": "Point",
        "coordinates": [
          -135.22,
          75.6
        ]
      },
      "properties": {
        "level": "L4F",
        "zone": "landside",
        "verified": false,
        "category": "elevator",
        "name": "电梯 07",
        "nameEn": "电梯 07",
        "aliases": [],
        "pinyin": [],
        "location": "",
        "hours": null,
        "phone": null,
        "accessible": true,
        "tags": [],
        "verticalGroup": "vg-elevator-07",
        "verticalLevels": [
          "L5F",
          "L4F",
          "L3F",
          "L2F",
          "L1F"
        ]
      }
    },
    {
      "type": "Feature",
      "id": "fac-l3f-0046",
      "geometry": {
        "type": "Point",
        "coordinates": [
          -135.22,
          75.6
        ]
      },
      "properties": {
        "level": "L3F",
        "zone": "landside",
        "verified": false,
        "category": "elevator",
        "name": "电梯 07",
        "nameEn": "电梯 07",
        "aliases": [],
        "pinyin": [],
        "location": "",
        "hours": null,
        "phone": null,
        "accessible": true,
        "tags": [],
        "verticalGroup": "vg-elevator-07",
        "verticalLevels": [
          "L5F",
          "L4F",
          "L3F",
          "L2F",
          "L1F"
        ]
      }
    },
    {
      "type": "Feature",
      "id": "fac-l3f-0047",
      "geometry": {
        "type": "Point",
        "coordinates": [
          -135.22,
          75.6
        ]
      },
      "properties": {
        "level": "L2F",
        "zone": "landside",
        "verified": false,
        "category": "elevator",
        "name": "电梯 07",
        "nameEn": "电梯 07",
        "aliases": [],
        "pinyin": [],
        "location": "",
        "hours": null,
        "phone": null,
        "accessible": true,
        "tags": [],
        "verticalGroup": "vg-elevator-07",
        "verticalLevels": [
          "L5F",
          "L4F",
          "L3F",
          "L2F",
          "L1F"
        ]
      }
    },
    {
      "type": "Feature",
      "id": "fac-l3f-0048",
      "geometry": {
        "type": "Point",
        "coordinates": [
          -135.22,
          75.6
        ]
      },
      "properties": {
        "level": "L1F",
        "zone": "landside",
        "verified": false,
        "category": "elevator",
        "name": "电梯 07",
        "nameEn": "电梯 07",
        "aliases": [],
        "pinyin": [],
        "location": "",
        "hours": null,
        "phone": null,
        "accessible": true,
        "tags": [],
        "verticalGroup": "vg-elevator-07",
        "verticalLevels": [
          "L5F",
          "L4F",
          "L3F",
          "L2F",
          "L1F"
        ]
      }
    },
    {
      "type": "Feature",
      "id": "fac-l3f-0049",
      "geometry": {
        "type": "Polygon",
        "coordinates": [
          [
            [
              -149.77,
              80.24
            ],
            [
              -151.04,
              77.02
            ],
            [
              -145.45,
              74.88
            ],
            [
              -144.03,
              77.92
            ],
            [
              -149.77,
              80.24
            ]
          ]
        ]
      },
      "properties": {
        "level": "L3F",
        "zone": "airside_domestic",
        "verified": false,
        "category": "service_desk",
        "name": "安检服务台",
        "nameEn": "",
        "aliases": [],
        "pinyin": [],
        "location": "",
        "hours": null,
        "phone": null,
        "accessible": true,
        "tags": [],
        "public": true,
        "through": false,
        "fields": {
          "service": "柜台"
        },
        "_mergedFrom": "counter"
      }
    },
    {
      "type": "Feature",
      "id": "fac-l3f-0050",
      "geometry": {
        "type": "Point",
        "coordinates": [
          -228.09,
          122.18
        ]
      },
      "properties": {
        "level": "L4F",
        "zone": "landside",
        "verified": false,
        "category": "elevator",
        "name": "电梯 08",
        "nameEn": "电梯 08",
        "aliases": [],
        "pinyin": [],
        "location": "",
        "hours": null,
        "phone": null,
        "accessible": true,
        "tags": [],
        "verticalGroup": "vg-elevator-08",
        "verticalLevels": [
          "L4F",
          "L3F"
        ]
      }
    },
    {
      "type": "Feature",
      "id": "fac-l3f-0051",
      "geometry": {
        "type": "Point",
        "coordinates": [
          -228.09,
          122.18
        ]
      },
      "properties": {
        "level": "L3F",
        "zone": "landside",
        "verified": false,
        "category": "elevator",
        "name": "电梯 08",
        "nameEn": "电梯 08",
        "aliases": [],
        "pinyin": [],
        "location": "",
        "hours": null,
        "phone": null,
        "accessible": true,
        "tags": [],
        "verticalGroup": "vg-elevator-08",
        "verticalLevels": [
          "L4F",
          "L3F"
        ]
      }
    },
    {
      "type": "Feature",
      "id": "fac-l3f-0055",
      "geometry": {
        "type": "Point",
        "coordinates": [
          -219.21,
          118.81
        ]
      },
      "properties": {
        "level": "L4F",
        "zone": "landside",
        "verified": false,
        "category": "stairs",
        "name": "楼梯 01",
        "nameEn": "楼梯 01",
        "aliases": [],
        "pinyin": [],
        "location": "",
        "hours": null,
        "phone": null,
        "accessible": true,
        "tags": [],
        "verticalGroup": "vg-stairs-01",
        "verticalLevels": [
          "L4F",
          "L3F"
        ]
      }
    },
    {
      "type": "Feature",
      "id": "fac-l3f-0056",
      "geometry": {
        "type": "Point",
        "coordinates": [
          -219.21,
          118.81
        ]
      },
      "properties": {
        "level": "L3F",
        "zone": "landside",
        "verified": false,
        "category": "stairs",
        "name": "楼梯 01",
        "nameEn": "楼梯 01",
        "aliases": [],
        "pinyin": [],
        "location": "",
        "hours": null,
        "phone": null,
        "accessible": true,
        "tags": [],
        "verticalGroup": "vg-stairs-01",
        "verticalLevels": [
          "L4F",
          "L3F"
        ]
      }
    },
    {
      "type": "Feature",
      "id": "fac-l3f-0059",
      "geometry": {
        "type": "Polygon",
        "coordinates": [
          [
            [
              -226.36,
              136.84
            ],
            [
              -228.96,
              130.4
            ],
            [
              -225.18,
              128.62
            ],
            [
              -222.27,
              135.26
            ],
            [
              -226.36,
              136.84
            ]
          ]
        ]
      },
      "properties": {
        "level": "L3F",
        "zone": "landside",
        "verified": false,
        "category": "security",
        "name": "国内安检",
        "nameEn": "",
        "aliases": [],
        "pinyin": [],
        "location": "",
        "hours": null,
        "phone": null,
        "accessible": true,
        "tags": [],
        "public": true,
        "through": false
      }
    },
    {
      "type": "Feature",
      "id": "fac-l3f-0060",
      "geometry": {
        "type": "Polygon",
        "coordinates": [
          [
            [
              -214.15,
              144.1
            ],
            [
              -216.7,
              137.71
            ],
            [
              -206.23,
              133.16
            ],
            [
              -205,
              136.94
            ],
            [
              -209.09,
              138.63
            ],
            [
              -208.07,
              141.49
            ],
            [
              -214.15,
              144.1
            ]
          ]
        ]
      },
      "properties": {
        "level": "L3F",
        "zone": "landside",
        "verified": false,
        "category": "lounge",
        "name": "商务舱/头等舱休息室",
        "nameEn": "",
        "aliases": [],
        "pinyin": [],
        "location": "",
        "hours": null,
        "phone": null,
        "accessible": true,
        "tags": [],
        "public": true,
        "through": false,
        "fields": {
          "access": "航司"
        },
        "_mergedFrom": "airline_lounge"
      }
    },
    {
      "type": "Feature",
      "id": "fac-l3f-0061",
      "geometry": {
        "type": "Point",
        "coordinates": [
          -229.88,
          134.24
        ]
      },
      "properties": {
        "level": "L4F",
        "zone": "landside",
        "verified": false,
        "category": "elevator",
        "name": "电梯 09",
        "nameEn": "电梯 09",
        "aliases": [],
        "pinyin": [],
        "location": "",
        "hours": null,
        "phone": null,
        "accessible": true,
        "tags": [],
        "verticalGroup": "vg-elevator-09",
        "verticalLevels": [
          "L4F",
          "L3F"
        ]
      }
    },
    {
      "type": "Feature",
      "id": "fac-l3f-0062",
      "geometry": {
        "type": "Point",
        "coordinates": [
          -229.88,
          134.24
        ]
      },
      "properties": {
        "level": "L3F",
        "zone": "landside",
        "verified": false,
        "category": "elevator",
        "name": "电梯 09",
        "nameEn": "电梯 09",
        "aliases": [],
        "pinyin": [],
        "location": "",
        "hours": null,
        "phone": null,
        "accessible": true,
        "tags": [],
        "verticalGroup": "vg-elevator-09",
        "verticalLevels": [
          "L4F",
          "L3F"
        ]
      }
    },
    {
      "type": "Feature",
      "id": "fac-l3f-0065",
      "geometry": {
        "type": "Polygon",
        "coordinates": [
          [
            [
              -230.91,
              136.83
            ],
            [
              -232.3,
              133.05
            ],
            [
              -234.73,
              134.17
            ],
            [
              -235.24,
              133.08
            ],
            [
              -233.79,
              132.28
            ],
            [
              -235.1,
              128.76
            ],
            [
              -239.82,
              130.97
            ],
            [
              -237.93,
              135.74
            ],
            [
              -238.55,
              135.96
            ],
            [
              -240.51,
              131.34
            ],
            [
              -243.86,
              132.9
            ],
            [
              -243.2,
              134.76
            ],
            [
              -243.97,
              135.23
            ],
            [
              -242.37,
              138.68
            ],
            [
              -241.06,
              138.32
            ],
            [
              -240.84,
              139.41
            ],
            [
              -237.68,
              138.28
            ],
            [
              -237.13,
              139.56
            ],
            [
              -235.2,
              138.61
            ],
            [
              -230.91,
              136.83
            ]
          ]
        ]
      },
      "properties": {
        "level": "L3F",
        "zone": "landside",
        "verified": false,
        "category": "restroom",
        "name": "卫生间",
        "nameEn": "",
        "aliases": [],
        "pinyin": [],
        "location": "",
        "hours": null,
        "phone": null,
        "accessible": true,
        "tags": [],
        "public": true,
        "through": false
      }
    },
    {
      "type": "Feature",
      "id": "fac-l3f-0066",
      "geometry": {
        "type": "Polygon",
        "coordinates": [
          [
            [
              -240.84,
              139.41
            ],
            [
              -241.36,
              141.49
            ],
            [
              -238.12,
              142.1
            ],
            [
              -236.39,
              141.44
            ],
            [
              -237.13,
              139.56
            ],
            [
              -237.68,
              138.28
            ],
            [
              -240.84,
              139.41
            ]
          ]
        ]
      },
      "properties": {
        "level": "L3F",
        "zone": "landside",
        "verified": false,
        "category": "restroom",
        "nameEn": "",
        "aliases": [],
        "pinyin": [],
        "location": "",
        "hours": null,
        "phone": null,
        "accessible": true,
        "tags": [],
        "public": true,
        "through": false,
        "_mergedFrom": "accessible_restroom",
        "fields": {
          "restroomType": "accessible"
        }
      }
    },
    {
      "type": "Feature",
      "id": "fac-l3f-0067",
      "geometry": {
        "type": "Point",
        "coordinates": [
          -242.73,
          140.21
        ]
      },
      "properties": {
        "level": "L4F",
        "zone": "landside",
        "verified": false,
        "category": "elevator",
        "name": "电梯 10",
        "nameEn": "电梯 10",
        "aliases": [],
        "pinyin": [],
        "location": "",
        "hours": null,
        "phone": null,
        "accessible": true,
        "tags": [],
        "verticalGroup": "vg-elevator-10",
        "verticalLevels": [
          "L4F",
          "L3F",
          "L1F"
        ]
      }
    },
    {
      "type": "Feature",
      "id": "fac-l3f-0068",
      "geometry": {
        "type": "Point",
        "coordinates": [
          -242.73,
          140.21
        ]
      },
      "properties": {
        "level": "L3F",
        "zone": "landside",
        "verified": false,
        "category": "elevator",
        "name": "电梯 10",
        "nameEn": "电梯 10",
        "aliases": [],
        "pinyin": [],
        "location": "",
        "hours": null,
        "phone": null,
        "accessible": true,
        "tags": [],
        "verticalGroup": "vg-elevator-10",
        "verticalLevels": [
          "L4F",
          "L3F",
          "L1F"
        ]
      }
    },
    {
      "type": "Feature",
      "id": "fac-l3f-0069",
      "geometry": {
        "type": "Point",
        "coordinates": [
          -242.73,
          140.21
        ]
      },
      "properties": {
        "level": "L1F",
        "zone": "landside",
        "verified": false,
        "category": "elevator",
        "name": "电梯 10",
        "nameEn": "电梯 10",
        "aliases": [],
        "pinyin": [],
        "location": "",
        "hours": null,
        "phone": null,
        "accessible": true,
        "tags": [],
        "verticalGroup": "vg-elevator-10",
        "verticalLevels": [
          "L4F",
          "L3F",
          "L1F"
        ]
      }
    },
    {
      "type": "Feature",
      "id": "fac-l3f-0070",
      "geometry": {
        "type": "Polygon",
        "coordinates": [
          [
            [
              -236.49,
              161.87
            ],
            [
              -233.68,
              157.01
            ],
            [
              -208.03,
              176.38
            ],
            [
              -211.35,
              180.87
            ],
            [
              -236.49,
              161.87
            ]
          ]
        ]
      },
      "properties": {
        "level": "L3F",
        "zone": "landside",
        "verified": false,
        "category": "checkin",
        "name": "南航/厦航贵宾旅客专享值机区",
        "nameEn": "",
        "aliases": [],
        "pinyin": [],
        "location": "",
        "hours": null,
        "phone": null,
        "accessible": true,
        "tags": [],
        "public": true,
        "through": false,
        "fields": {
          "counterLetter": "Q",
          "airline": "厦门航空 南方航空",
          "airlineCode": "CZ MF"
        }
      }
    },
    {
      "type": "Feature",
      "id": "fac-l3f-0071",
      "geometry": {
        "type": "Polygon",
        "coordinates": [
          [
            [
              -198.38,
              188.58
            ],
            [
              -202.31,
              179.67
            ],
            [
              -200.71,
              178.91
            ],
            [
              -201.36,
              177.49
            ],
            [
              -199.51,
              176.65
            ],
            [
              -196.89,
              182.95
            ],
            [
              -196.2,
              182.69
            ],
            [
              -194.45,
              187.02
            ],
            [
              -198.38,
              188.58
            ]
          ]
        ]
      },
      "properties": {
        "level": "L3F",
        "zone": "landside",
        "verified": false,
        "category": "restroom",
        "nameEn": "",
        "aliases": [],
        "pinyin": [],
        "location": "",
        "hours": null,
        "phone": null,
        "accessible": true,
        "tags": [],
        "public": true,
        "through": false,
        "fields": {
          "restroomType": "male"
        }
      }
    },
    {
      "type": "Feature",
      "id": "fac-l3f-0072",
      "geometry": {
        "type": "Polygon",
        "coordinates": [
          [
            [
              -194.96,
              179.49
            ],
            [
              -196.64,
              175.49
            ],
            [
              -193.58,
              174.4
            ],
            [
              -193.91,
              173.27
            ],
            [
              -187.33,
              170.04
            ],
            [
              -185.15,
              175.2
            ],
            [
              -194.96,
              179.49
            ]
          ]
        ]
      },
      "properties": {
        "level": "L3F",
        "zone": "landside",
        "verified": false,
        "category": "restroom",
        "nameEn": "",
        "aliases": [],
        "pinyin": [],
        "location": "",
        "hours": null,
        "phone": null,
        "accessible": true,
        "tags": [],
        "public": true,
        "through": false,
        "fields": {
          "restroomType": "female"
        }
      }
    },
    {
      "type": "Feature",
      "id": "fac-l3f-0073",
      "geometry": {
        "type": "Polygon",
        "coordinates": [
          [
            [
              -195.03,
              185.58
            ],
            [
              -192.82,
              185.82
            ],
            [
              -192.42,
              182.98
            ],
            [
              -196.2,
              182.69
            ],
            [
              -195.03,
              185.58
            ]
          ]
        ]
      },
      "properties": {
        "level": "L3F",
        "zone": "landside",
        "verified": false,
        "category": "restroom",
        "nameEn": "",
        "aliases": [],
        "pinyin": [],
        "location": "",
        "hours": null,
        "phone": null,
        "accessible": true,
        "tags": [],
        "public": true,
        "through": false,
        "_mergedFrom": "accessible_restroom",
        "fields": {
          "restroomType": "accessible"
        }
      }
    },
    {
      "type": "Feature",
      "id": "fac-l3f-0074",
      "geometry": {
        "type": "Polygon",
        "coordinates": [
          [
            [
              -158.05,
              169.61
            ],
            [
              -159.44,
              166.42
            ],
            [
              -156.29,
              165.09
            ],
            [
              -155.02,
              168.34
            ],
            [
              -158.05,
              169.61
            ]
          ]
        ]
      },
      "properties": {
        "level": "L3F",
        "zone": "landside",
        "verified": false,
        "category": "service_desk",
        "name": "国航票务服务柜台",
        "nameEn": "",
        "aliases": [],
        "pinyin": [],
        "location": "",
        "hours": null,
        "phone": null,
        "accessible": true,
        "tags": [],
        "public": true,
        "through": false,
        "fields": {
          "service": "柜台"
        },
        "_mergedFrom": "counter"
      }
    },
    {
      "type": "Feature",
      "id": "fac-l3f-0075",
      "geometry": {
        "type": "Polygon",
        "coordinates": [
          [
            [
              -143.53,
              150.14
            ],
            [
              -150.91,
              132.52
            ],
            [
              -148.11,
              131.03
            ],
            [
              -140.61,
              148.6
            ],
            [
              -136.55,
              153.86
            ],
            [
              -129.23,
              155.75
            ],
            [
              -121.5,
              154.44
            ],
            [
              -121.56,
              157.18
            ],
            [
              -128.43,
              158.55
            ],
            [
              -134.66,
              158.33
            ],
            [
              -137.98,
              156.49
            ],
            [
              -140.84,
              153.81
            ],
            [
              -143.53,
              150.14
            ]
          ]
        ]
      },
      "properties": {
        "level": "L3F",
        "zone": "landside",
        "verified": false,
        "category": "service_desk",
        "name": "国内自助值机区",
        "nameEn": "",
        "aliases": [],
        "pinyin": [],
        "location": "",
        "hours": null,
        "phone": null,
        "accessible": true,
        "tags": [],
        "public": true,
        "through": false,
        "fields": {
          "service": "柜台"
        },
        "_mergedFrom": "counter"
      }
    },
    {
      "type": "Feature",
      "id": "fac-l3f-0076",
      "geometry": {
        "type": "Polygon",
        "coordinates": [
          [
            [
              -94.23,
              150.3
            ],
            [
              -95,
              149.05
            ],
            [
              -94.59,
              143.88
            ],
            [
              -89.93,
              144.29
            ],
            [
              -89.9,
              145.33
            ],
            [
              -81.57,
              146.18
            ],
            [
              -81.65,
              148.12
            ],
            [
              -80.28,
              148.28
            ],
            [
              -80.82,
              151.98
            ],
            [
              -94.23,
              150.3
            ]
          ]
        ]
      },
      "properties": {
        "level": "L3F",
        "zone": "landside",
        "verified": false,
        "category": "restroom",
        "nameEn": "",
        "aliases": [],
        "pinyin": [],
        "location": "",
        "hours": null,
        "phone": null,
        "accessible": true,
        "tags": [],
        "public": true,
        "through": false,
        "fields": {
          "restroomType": "female"
        }
      }
    },
    {
      "type": "Feature",
      "id": "fac-l3f-0077",
      "geometry": {
        "type": "Polygon",
        "coordinates": [
          [
            [
              -83.43,
              142.22
            ],
            [
              -83.07,
              139.81
            ],
            [
              -82.45,
              139.89
            ],
            [
              -81.36,
              131.17
            ],
            [
              -76.65,
              131.69
            ],
            [
              -78.13,
              142.74
            ],
            [
              -83.43,
              142.22
            ]
          ]
        ]
      },
      "properties": {
        "level": "L3F",
        "zone": "landside",
        "verified": false,
        "category": "restroom",
        "nameEn": "",
        "aliases": [],
        "pinyin": [],
        "location": "",
        "hours": null,
        "phone": null,
        "accessible": true,
        "tags": [],
        "public": true,
        "through": false,
        "fields": {
          "restroomType": "male"
        }
      }
    },
    {
      "type": "Feature",
      "id": "fac-l3f-0078",
      "geometry": {
        "type": "Polygon",
        "coordinates": [
          [
            [
              -78.13,
              142.74
            ],
            [
              -78.54,
              145.79
            ],
            [
              -81.05,
              145.48
            ],
            [
              -80.67,
              142.49
            ],
            [
              -78.13,
              142.74
            ]
          ]
        ]
      },
      "properties": {
        "level": "L3F",
        "zone": "landside",
        "verified": false,
        "category": "restroom",
        "nameEn": "",
        "aliases": [],
        "pinyin": [],
        "location": "",
        "hours": null,
        "phone": null,
        "accessible": true,
        "tags": [],
        "public": true,
        "through": false,
        "_mergedFrom": "accessible_restroom",
        "fields": {
          "restroomType": "accessible"
        }
      }
    },
    {
      "type": "Feature",
      "id": "fac-l3f-0079",
      "geometry": {
        "type": "Polygon",
        "coordinates": [
          [
            [
              -95.83,
              140.8
            ],
            [
              -95.42,
              137.64
            ],
            [
              -89.23,
              138.49
            ],
            [
              -89.64,
              141.52
            ],
            [
              -95.83,
              140.8
            ]
          ]
        ]
      },
      "properties": {
        "level": "L3F",
        "zone": "landside",
        "verified": false,
        "category": "nursing",
        "name": "母婴室",
        "nameEn": "",
        "aliases": [],
        "pinyin": [],
        "location": "",
        "hours": null,
        "phone": null,
        "accessible": true,
        "tags": [],
        "public": true,
        "through": false
      }
    },
    {
      "type": "Feature",
      "id": "fac-l3f-0080",
      "geometry": {
        "type": "Polygon",
        "coordinates": [
          [
            [
              -96.5,
              145.15
            ],
            [
              -96.35,
              143.36
            ],
            [
              -97.64,
              143.39
            ],
            [
              -97.72,
              145.2
            ],
            [
              -96.5,
              145.15
            ]
          ]
        ]
      },
      "properties": {
        "level": "L3F",
        "zone": "landside",
        "verified": false,
        "category": "water",
        "name": "饮水处",
        "nameEn": "",
        "aliases": [],
        "pinyin": [],
        "location": "",
        "hours": null,
        "phone": null,
        "accessible": true,
        "tags": [],
        "public": true,
        "through": false
      }
    },
    {
      "type": "Feature",
      "id": "fac-l3f-0081",
      "geometry": {
        "type": "Polygon",
        "coordinates": [
          [
            [
              -79.16,
              152.67
            ],
            [
              -78.7,
              148.63
            ],
            [
              -76.66,
              148.78
            ],
            [
              -76.4,
              146.28
            ],
            [
              -60.97,
              148.02
            ],
            [
              -61.59,
              151.85
            ],
            [
              -79.16,
              152.67
            ]
          ]
        ]
      },
      "properties": {
        "level": "L3F",
        "zone": "landside",
        "verified": false,
        "category": "commerce",
        "name": "阳阳中国饭",
        "nameEn": "",
        "aliases": [],
        "pinyin": [],
        "location": "",
        "hours": null,
        "phone": null,
        "accessible": true,
        "tags": [],
        "public": true,
        "through": false,
        "fields": {
          "kind": "餐饮"
        },
        "_mergedFrom": "dining"
      }
    },
    {
      "type": "Feature",
      "id": "fac-l3f-0082",
      "geometry": {
        "type": "Polygon",
        "coordinates": [
          [
            [
              -57.65,
              152
            ],
            [
              -56.94,
              146.33
            ],
            [
              -40.9,
              148.73
            ],
            [
              -41.46,
              152.51
            ],
            [
              -57.65,
              152
            ]
          ]
        ]
      },
      "properties": {
        "level": "L3F",
        "zone": "landside",
        "verified": false,
        "category": "commerce",
        "name": "全家",
        "nameEn": "FamilyMart",
        "aliases": [
          "FamilyMart"
        ],
        "pinyin": [],
        "location": "",
        "hours": null,
        "phone": null,
        "accessible": true,
        "tags": [],
        "public": true,
        "through": false,
        "fields": {
          "kind": "零售"
        },
        "_mergedFrom": "convenience"
      }
    },
    {
      "type": "Feature",
      "id": "fac-l3f-0083",
      "geometry": {
        "type": "Polygon",
        "coordinates": [
          [
            [
              -34.92,
              152.84
            ],
            [
              -34.39,
              149.21
            ],
            [
              -21.73,
              150.97
            ],
            [
              -22.42,
              154.22
            ],
            [
              -34.92,
              152.84
            ]
          ]
        ]
      },
      "properties": {
        "level": "L3F",
        "zone": "landside",
        "verified": false,
        "category": "commerce",
        "name": "四季四时",
        "nameEn": "",
        "aliases": [],
        "pinyin": [],
        "location": "",
        "hours": null,
        "phone": null,
        "accessible": true,
        "tags": [],
        "public": true,
        "through": false,
        "fields": {
          "kind": "零售"
        },
        "_mergedFrom": "retail"
      }
    },
    {
      "type": "Feature",
      "id": "fac-l3f-0084",
      "geometry": {
        "type": "Point",
        "coordinates": [
          -137.96,
          30.19
        ]
      },
      "properties": {
        "level": "L3F",
        "zone": "airside_domestic",
        "verified": false,
        "category": "elevator",
        "name": "电梯 11",
        "nameEn": "电梯 11",
        "aliases": [],
        "pinyin": [],
        "location": "",
        "hours": null,
        "phone": null,
        "accessible": true,
        "tags": [],
        "verticalGroup": "vg-elevator-11",
        "verticalLevels": [
          "L3F",
          "L2F"
        ],
        "verticalOneWay": {
          "from": "L3F",
          "to": "L2F"
        }
      }
    },
    {
      "type": "Feature",
      "id": "fac-l3f-0085",
      "geometry": {
        "type": "Point",
        "coordinates": [
          -137.96,
          30.19
        ]
      },
      "properties": {
        "level": "L2F",
        "zone": "airside_domestic",
        "verified": false,
        "category": "elevator",
        "name": "电梯 11",
        "nameEn": "电梯 11",
        "aliases": [],
        "pinyin": [],
        "location": "",
        "hours": null,
        "phone": null,
        "accessible": true,
        "tags": [],
        "verticalGroup": "vg-elevator-11",
        "verticalLevels": [
          "L3F",
          "L2F"
        ],
        "verticalOneWay": {
          "from": "L3F",
          "to": "L2F"
        }
      }
    },
    {
      "type": "Feature",
      "id": "fac-l3f-0086",
      "geometry": {
        "type": "Point",
        "coordinates": [
          125.63,
          60.12
        ]
      },
      "properties": {
        "level": "L3F",
        "zone": "airside_domestic",
        "verified": false,
        "category": "elevator",
        "name": "电梯 12",
        "nameEn": "电梯 12",
        "aliases": [],
        "pinyin": [],
        "location": "",
        "hours": null,
        "phone": null,
        "accessible": true,
        "tags": [],
        "verticalGroup": "vg-elevator-12",
        "verticalLevels": [
          "L3F",
          "L2F"
        ],
        "verticalOneWay": {
          "from": "L3F",
          "to": "L2F"
        }
      }
    },
    {
      "type": "Feature",
      "id": "fac-l3f-0087",
      "geometry": {
        "type": "Point",
        "coordinates": [
          125.63,
          60.12
        ]
      },
      "properties": {
        "level": "L2F",
        "zone": "airside_domestic",
        "verified": false,
        "category": "elevator",
        "name": "电梯 12",
        "nameEn": "电梯 12",
        "aliases": [],
        "pinyin": [],
        "location": "",
        "hours": null,
        "phone": null,
        "accessible": true,
        "tags": [],
        "verticalGroup": "vg-elevator-12",
        "verticalLevels": [
          "L3F",
          "L2F"
        ],
        "verticalOneWay": {
          "from": "L3F",
          "to": "L2F"
        }
      }
    },
    {
      "type": "Feature",
      "id": "fac-l3f-0088",
      "geometry": {
        "type": "Polygon",
        "coordinates": [
          [
            [
              -207.03,
              80.7
            ],
            [
              -211.91,
              78.2
            ],
            [
              -213.19,
              74.09
            ],
            [
              -208.91,
              59.77
            ],
            [
              -202.03,
              48.55
            ],
            [
              -192.25,
              38.5
            ],
            [
              -183.48,
              32.61
            ],
            [
              -170.04,
              27.06
            ],
            [
              -163.93,
              26.89
            ],
            [
              -157.66,
              30.5
            ],
            [
              -155.38,
              34.95
            ],
            [
              -156.16,
              45.66
            ],
            [
              -146.78,
              46.55
            ],
            [
              -147.94,
              50.61
            ],
            [
              -156.38,
              49.27
            ],
            [
              -157.33,
              55.1
            ],
            [
              -149.61,
              56.77
            ],
            [
              -150.66,
              60.66
            ],
            [
              -158.88,
              59.21
            ],
            [
              -161.05,
              61.66
            ],
            [
              -164.82,
              63.82
            ],
            [
              -207.03,
              80.7
            ]
          ]
        ]
      },
      "properties": {
        "level": "L3F",
        "zone": "airside_domestic",
        "verified": false,
        "category": "lounge",
        "name": "南航/厦航贵宾休息室",
        "nameEn": "",
        "aliases": [],
        "pinyin": [],
        "location": "",
        "hours": null,
        "phone": null,
        "accessible": true,
        "tags": [],
        "public": true,
        "through": false,
        "fields": {
          "access": "航司"
        },
        "_mergedFrom": "airline_lounge"
      }
    },
    {
      "type": "Feature",
      "id": "fac-l3f-0089",
      "geometry": {
        "type": "Polygon",
        "coordinates": [
          [
            [
              -73.76,
              106
            ],
            [
              -73.11,
              99.62
            ],
            [
              -64.65,
              98.64
            ],
            [
              -64.95,
              100.75
            ],
            [
              -67.74,
              100.42
            ],
            [
              -68.41,
              106.65
            ],
            [
              -73.76,
              106
            ]
          ]
        ]
      },
      "properties": {
        "level": "L3F",
        "zone": "airside_domestic",
        "verified": false,
        "category": "medical",
        "name": "急救中心",
        "nameEn": "",
        "aliases": [],
        "pinyin": [],
        "location": "",
        "hours": null,
        "phone": null,
        "accessible": true,
        "tags": [],
        "public": true,
        "through": false
      }
    },
    {
      "type": "Feature",
      "id": "fac-l3f-0090",
      "geometry": {
        "type": "Polygon",
        "coordinates": [
          [
            [
              -94.79,
              133.08
            ],
            [
              -92.23,
              112.71
            ],
            [
              -83.31,
              113.86
            ],
            [
              -85.82,
              134.08
            ],
            [
              -94.79,
              133.08
            ]
          ]
        ]
      },
      "properties": {
        "level": "L3F",
        "zone": "landside",
        "verified": false,
        "category": "commerce",
        "name": "自助按摩椅",
        "nameEn": "",
        "aliases": [],
        "pinyin": [],
        "location": "",
        "hours": null,
        "phone": null,
        "accessible": true,
        "tags": [],
        "public": true,
        "through": false,
        "fields": {
          "kind": "零售"
        },
        "_mergedFrom": "retail"
      }
    },
    {
      "type": "Feature",
      "id": "fac-l3f-0091",
      "geometry": {
        "type": "Polygon",
        "coordinates": [
          [
            [
              -80.89,
              94.72
            ],
            [
              -84.56,
              95.24
            ],
            [
              -87.9,
              93.56
            ],
            [
              -89.1,
              91.53
            ],
            [
              -89.18,
              87.66
            ],
            [
              -88.35,
              82.08
            ],
            [
              -79.21,
              83.06
            ],
            [
              -80.89,
              94.72
            ]
          ]
        ]
      },
      "properties": {
        "level": "L3F",
        "zone": "landside",
        "verified": false,
        "category": "commerce",
        "name": "北京伴手礼特产店",
        "nameEn": "",
        "aliases": [],
        "pinyin": [],
        "location": "",
        "hours": null,
        "phone": null,
        "accessible": true,
        "tags": [],
        "public": true,
        "through": false,
        "fields": {
          "kind": "零售"
        },
        "_mergedFrom": "souvenir"
      }
    },
    {
      "type": "Feature",
      "id": "fac-l3f-0092",
      "geometry": {
        "type": "Polygon",
        "coordinates": [
          [
            [
              -53.93,
              159.95
            ],
            [
              -53.3,
              157.73
            ],
            [
              -42.07,
              161.09
            ],
            [
              -42.82,
              163.31
            ],
            [
              -53.93,
              159.95
            ]
          ]
        ]
      },
      "properties": {
        "level": "L3F",
        "zone": "landside",
        "verified": false,
        "category": "seating",
        "name": "休息区",
        "nameEn": "",
        "aliases": [],
        "pinyin": [],
        "location": "",
        "hours": null,
        "phone": null,
        "accessible": true,
        "tags": [],
        "public": true,
        "through": false,
        "_mergedFrom": "rest_area"
      }
    },
    {
      "type": "Feature",
      "id": "fac-l3f-0093",
      "geometry": {
        "type": "Polygon",
        "coordinates": [
          [
            [
              -37.61,
              164.81
            ],
            [
              -37.02,
              162.2
            ],
            [
              -22.9,
              164.7
            ],
            [
              -23.24,
              167.37
            ],
            [
              -37.61,
              164.81
            ]
          ]
        ]
      },
      "properties": {
        "level": "L3F",
        "zone": "landside",
        "verified": false,
        "category": "seating",
        "name": "休息区",
        "nameEn": "",
        "aliases": [],
        "pinyin": [],
        "location": "",
        "hours": null,
        "phone": null,
        "accessible": true,
        "tags": [],
        "public": true,
        "through": false,
        "_mergedFrom": "rest_area"
      }
    },
    {
      "type": "Feature",
      "id": "fac-l3f-0094",
      "geometry": {
        "type": "Polygon",
        "coordinates": [
          [
            [
              -17.81,
              167.62
            ],
            [
              -17.55,
              165.21
            ],
            [
              -4.75,
              166.22
            ],
            [
              -4.81,
              168.69
            ],
            [
              -17.81,
              167.62
            ]
          ]
        ]
      },
      "properties": {
        "level": "L3F",
        "zone": "landside",
        "verified": false,
        "category": "seating",
        "name": "休息区",
        "nameEn": "",
        "aliases": [],
        "pinyin": [],
        "location": "",
        "hours": null,
        "phone": null,
        "accessible": true,
        "tags": [],
        "public": true,
        "through": false,
        "_mergedFrom": "rest_area"
      }
    },
    {
      "type": "Feature",
      "id": "fac-l3f-0095",
      "geometry": {
        "type": "Polygon",
        "coordinates": [
          [
            [
              1.55,
              168.98
            ],
            [
              1.58,
              166.13
            ],
            [
              11.59,
              166.16
            ],
            [
              11.79,
              168.64
            ],
            [
              1.55,
              168.98
            ]
          ]
        ]
      },
      "properties": {
        "level": "L3F",
        "zone": "landside",
        "verified": false,
        "category": "seating",
        "name": "休息区",
        "nameEn": "",
        "aliases": [],
        "pinyin": [],
        "location": "",
        "hours": null,
        "phone": null,
        "accessible": true,
        "tags": [],
        "public": true,
        "through": false,
        "_mergedFrom": "rest_area"
      }
    },
    {
      "type": "Feature",
      "id": "fac-l3f-0096",
      "geometry": {
        "type": "Polygon",
        "coordinates": [
          [
            [
              123.53,
              223.61
            ],
            [
              124.15,
              222.68
            ],
            [
              134.73,
              229.23
            ],
            [
              134.02,
              230.25
            ],
            [
              123.53,
              223.61
            ]
          ]
        ]
      },
      "properties": {
        "level": "L3F",
        "zone": "airside_domestic",
        "verified": false,
        "category": "self_checkin",
        "name": "中国联合航空自助值机区",
        "nameEn": "",
        "aliases": [],
        "pinyin": [],
        "location": "",
        "hours": null,
        "phone": null,
        "accessible": true,
        "tags": [],
        "public": true,
        "through": false
      }
    },
    {
      "type": "Feature",
      "id": "fac-l3f-0097",
      "geometry": {
        "type": "Polygon",
        "coordinates": [
          [
            [
              17.98,
              161.18
            ],
            [
              2.35,
              157.76
            ],
            [
              2.7,
              154.02
            ],
            [
              18.47,
              155.92
            ],
            [
              17.98,
              161.18
            ]
          ]
        ]
      },
      "properties": {
        "level": "L3F",
        "zone": "landside",
        "verified": false,
        "category": "commerce",
        "name": "兴礼遇",
        "nameEn": "",
        "aliases": [],
        "pinyin": [],
        "location": "",
        "hours": null,
        "phone": null,
        "accessible": true,
        "tags": [],
        "public": true,
        "through": false
      }
    },
    {
      "type": "Feature",
      "id": "fac-l3f-0098",
      "geometry": {
        "type": "Point",
        "coordinates": [
          -59.27,
          176.3
        ]
      },
      "properties": {
        "level": "L4F",
        "zone": "landside",
        "verified": false,
        "category": "escalator",
        "name": "扶梯 05",
        "nameEn": "扶梯 05",
        "aliases": [],
        "pinyin": [],
        "location": "",
        "hours": null,
        "phone": null,
        "accessible": true,
        "tags": [],
        "verticalGroup": "vg-escalator-05",
        "verticalLevels": [
          "L4F",
          "L3F",
          "L2F",
          "L1F"
        ]
      }
    },
    {
      "type": "Feature",
      "id": "fac-l3f-0099",
      "geometry": {
        "type": "Point",
        "coordinates": [
          -59.27,
          176.3
        ]
      },
      "properties": {
        "level": "L3F",
        "zone": "landside",
        "verified": false,
        "category": "escalator",
        "name": "扶梯 05",
        "nameEn": "扶梯 05",
        "aliases": [],
        "pinyin": [],
        "location": "",
        "hours": null,
        "phone": null,
        "accessible": true,
        "tags": [],
        "verticalGroup": "vg-escalator-05",
        "verticalLevels": [
          "L4F",
          "L3F",
          "L2F",
          "L1F"
        ]
      }
    },
    {
      "type": "Feature",
      "id": "fac-l3f-0100",
      "geometry": {
        "type": "Point",
        "coordinates": [
          -59.27,
          176.3
        ]
      },
      "properties": {
        "level": "L2F",
        "zone": "landside",
        "verified": false,
        "category": "escalator",
        "name": "扶梯 05",
        "nameEn": "扶梯 05",
        "aliases": [],
        "pinyin": [],
        "location": "",
        "hours": null,
        "phone": null,
        "accessible": true,
        "tags": [],
        "verticalGroup": "vg-escalator-05",
        "verticalLevels": [
          "L4F",
          "L3F",
          "L2F",
          "L1F"
        ]
      }
    },
    {
      "type": "Feature",
      "id": "fac-l3f-0101",
      "geometry": {
        "type": "Point",
        "coordinates": [
          -59.27,
          176.3
        ]
      },
      "properties": {
        "level": "L1F",
        "zone": "landside",
        "verified": false,
        "category": "escalator",
        "name": "扶梯 05",
        "nameEn": "扶梯 05",
        "aliases": [],
        "pinyin": [],
        "location": "",
        "hours": null,
        "phone": null,
        "accessible": true,
        "tags": [],
        "verticalGroup": "vg-escalator-05",
        "verticalLevels": [
          "L4F",
          "L3F",
          "L2F",
          "L1F"
        ]
      }
    },
    {
      "type": "Feature",
      "id": "fac-l3f-0102",
      "geometry": {
        "type": "Point",
        "coordinates": [
          14.22,
          185.21
        ]
      },
      "properties": {
        "level": "L4F",
        "zone": "landside",
        "verified": false,
        "category": "escalator",
        "name": "扶梯 06",
        "nameEn": "扶梯 06",
        "aliases": [],
        "pinyin": [],
        "location": "",
        "hours": null,
        "phone": null,
        "accessible": true,
        "tags": [],
        "verticalGroup": "vg-escalator-06",
        "verticalLevels": [
          "L4F",
          "L3F",
          "L2F",
          "L1F"
        ]
      }
    },
    {
      "type": "Feature",
      "id": "fac-l3f-0103",
      "geometry": {
        "type": "Point",
        "coordinates": [
          14.22,
          185.21
        ]
      },
      "properties": {
        "level": "L3F",
        "zone": "landside",
        "verified": false,
        "category": "escalator",
        "name": "扶梯 06",
        "nameEn": "扶梯 06",
        "aliases": [],
        "pinyin": [],
        "location": "",
        "hours": null,
        "phone": null,
        "accessible": true,
        "tags": [],
        "verticalGroup": "vg-escalator-06",
        "verticalLevels": [
          "L4F",
          "L3F",
          "L2F",
          "L1F"
        ]
      }
    },
    {
      "type": "Feature",
      "id": "fac-l3f-0104",
      "geometry": {
        "type": "Point",
        "coordinates": [
          14.22,
          185.21
        ]
      },
      "properties": {
        "level": "L2F",
        "zone": "landside",
        "verified": false,
        "category": "escalator",
        "name": "扶梯 06",
        "nameEn": "扶梯 06",
        "aliases": [],
        "pinyin": [],
        "location": "",
        "hours": null,
        "phone": null,
        "accessible": true,
        "tags": [],
        "verticalGroup": "vg-escalator-06",
        "verticalLevels": [
          "L4F",
          "L3F",
          "L2F",
          "L1F"
        ]
      }
    },
    {
      "type": "Feature",
      "id": "fac-l3f-0105",
      "geometry": {
        "type": "Point",
        "coordinates": [
          14.22,
          185.21
        ]
      },
      "properties": {
        "level": "L1F",
        "zone": "landside",
        "verified": false,
        "category": "escalator",
        "name": "扶梯 06",
        "nameEn": "扶梯 06",
        "aliases": [],
        "pinyin": [],
        "location": "",
        "hours": null,
        "phone": null,
        "accessible": true,
        "tags": [],
        "verticalGroup": "vg-escalator-06",
        "verticalLevels": [
          "L4F",
          "L3F",
          "L2F",
          "L1F"
        ]
      }
    },
    {
      "type": "Feature",
      "id": "fac-l3f-0106",
      "geometry": {
        "type": "Point",
        "coordinates": [
          81.99,
          206.95
        ]
      },
      "properties": {
        "level": "L4F",
        "zone": "landside",
        "verified": false,
        "category": "escalator",
        "name": "扶梯 07",
        "nameEn": "扶梯 07",
        "aliases": [],
        "pinyin": [],
        "location": "",
        "hours": null,
        "phone": null,
        "accessible": true,
        "tags": [],
        "verticalGroup": "vg-escalator-07",
        "verticalLevels": [
          "L4F",
          "L3F",
          "L2F",
          "L1F"
        ]
      }
    },
    {
      "type": "Feature",
      "id": "fac-l3f-0109",
      "geometry": {
        "type": "Point",
        "coordinates": [
          81.99,
          206.95
        ]
      },
      "properties": {
        "level": "L1F",
        "zone": "landside",
        "verified": false,
        "category": "escalator",
        "name": "扶梯 07",
        "nameEn": "扶梯 07",
        "aliases": [],
        "pinyin": [],
        "location": "",
        "hours": null,
        "phone": null,
        "accessible": true,
        "tags": [],
        "verticalGroup": "vg-escalator-07",
        "verticalLevels": [
          "L4F",
          "L3F",
          "L2F",
          "L1F"
        ]
      }
    },
    {
      "type": "Feature",
      "id": "fac-l3f-0110",
      "geometry": {
        "type": "Point",
        "coordinates": [
          126.36,
          229.31
        ]
      },
      "properties": {
        "level": "L4F",
        "zone": "landside",
        "verified": false,
        "category": "escalator",
        "name": "扶梯 08",
        "nameEn": "扶梯 08",
        "aliases": [],
        "pinyin": [],
        "location": "",
        "hours": null,
        "phone": null,
        "accessible": true,
        "tags": [],
        "verticalGroup": "vg-escalator-08",
        "verticalLevels": [
          "L4F",
          "L3F",
          "L2F",
          "L1F",
          "B1"
        ]
      }
    },
    {
      "type": "Feature",
      "id": "fac-l3f-0111",
      "geometry": {
        "type": "Point",
        "coordinates": [
          126.36,
          229.31
        ]
      },
      "properties": {
        "level": "L3F",
        "zone": "landside",
        "verified": false,
        "category": "escalator",
        "name": "扶梯 08",
        "nameEn": "扶梯 08",
        "aliases": [],
        "pinyin": [],
        "location": "",
        "hours": null,
        "phone": null,
        "accessible": true,
        "tags": [],
        "verticalGroup": "vg-escalator-08",
        "verticalLevels": [
          "L4F",
          "L3F",
          "L2F",
          "L1F",
          "B1"
        ]
      }
    },
    {
      "type": "Feature",
      "id": "fac-l3f-0112",
      "geometry": {
        "type": "Point",
        "coordinates": [
          126.36,
          229.31
        ]
      },
      "properties": {
        "level": "L2F",
        "zone": "landside",
        "verified": false,
        "category": "escalator",
        "name": "扶梯 08",
        "nameEn": "扶梯 08",
        "aliases": [],
        "pinyin": [],
        "location": "",
        "hours": null,
        "phone": null,
        "accessible": true,
        "tags": [],
        "verticalGroup": "vg-escalator-08",
        "verticalLevels": [
          "L4F",
          "L3F",
          "L2F",
          "L1F",
          "B1"
        ]
      }
    },
    {
      "type": "Feature",
      "id": "fac-l3f-0113",
      "geometry": {
        "type": "Point",
        "coordinates": [
          126.36,
          229.31
        ]
      },
      "properties": {
        "level": "L1F",
        "zone": "landside",
        "verified": false,
        "category": "escalator",
        "name": "扶梯 08",
        "nameEn": "扶梯 08",
        "aliases": [],
        "pinyin": [],
        "location": "",
        "hours": null,
        "phone": null,
        "accessible": true,
        "tags": [],
        "verticalGroup": "vg-escalator-08",
        "verticalLevels": [
          "L4F",
          "L3F",
          "L2F",
          "L1F",
          "B1"
        ]
      }
    },
    {
      "type": "Feature",
      "id": "fac-l3f-0114",
      "geometry": {
        "type": "Point",
        "coordinates": [
          126.36,
          229.31
        ]
      },
      "properties": {
        "level": "B1",
        "zone": "landside",
        "verified": false,
        "category": "escalator",
        "name": "扶梯 08",
        "nameEn": "扶梯 08",
        "aliases": [],
        "pinyin": [],
        "location": "",
        "hours": null,
        "phone": null,
        "accessible": true,
        "tags": [],
        "verticalGroup": "vg-escalator-08",
        "verticalLevels": [
          "L4F",
          "L3F",
          "L2F",
          "L1F",
          "B1"
        ]
      }
    },
    {
      "type": "Feature",
      "id": "fac-l3f-0107",
      "geometry": {
        "type": "Point",
        "coordinates": [
          83.11,
          207.02
        ]
      },
      "properties": {
        "level": "L4F",
        "zone": "landside",
        "verified": false,
        "category": "escalator",
        "name": "扶梯 09",
        "nameEn": "扶梯 09",
        "aliases": [],
        "pinyin": [],
        "location": "",
        "hours": null,
        "phone": null,
        "accessible": true,
        "tags": [],
        "verticalGroup": "vg-escalator-09",
        "verticalLevels": [
          "L4F",
          "L3F",
          "L2F",
          "L1F",
          "B1"
        ]
      }
    },
    {
      "type": "Feature",
      "id": "fac-l3f-0115",
      "geometry": {
        "type": "Point",
        "coordinates": [
          83.11,
          207.02
        ]
      },
      "properties": {
        "level": "L3F",
        "zone": "landside",
        "verified": false,
        "category": "escalator",
        "name": "扶梯 09",
        "nameEn": "扶梯 09",
        "aliases": [],
        "pinyin": [],
        "location": "",
        "hours": null,
        "phone": null,
        "accessible": true,
        "tags": [],
        "verticalGroup": "vg-escalator-09",
        "verticalLevels": [
          "L4F",
          "L3F",
          "L2F",
          "L1F",
          "B1"
        ]
      }
    },
    {
      "type": "Feature",
      "id": "fac-l3f-0116",
      "geometry": {
        "type": "Point",
        "coordinates": [
          81.36,
          208.07
        ]
      },
      "properties": {
        "level": "L2F",
        "zone": "landside",
        "verified": false,
        "category": "escalator",
        "name": "扶梯 09",
        "nameEn": "扶梯 09",
        "aliases": [],
        "pinyin": [],
        "location": "",
        "hours": null,
        "phone": null,
        "accessible": true,
        "tags": [],
        "verticalGroup": "vg-escalator-09",
        "verticalLevels": [
          "L4F",
          "L3F",
          "L2F",
          "L1F",
          "B1"
        ]
      }
    },
    {
      "type": "Feature",
      "id": "fac-l3f-0117",
      "geometry": {
        "type": "Point",
        "coordinates": [
          83.11,
          207.02
        ]
      },
      "properties": {
        "level": "L1F",
        "zone": "landside",
        "verified": false,
        "category": "escalator",
        "name": "扶梯 09",
        "nameEn": "扶梯 09",
        "aliases": [],
        "pinyin": [],
        "location": "",
        "hours": null,
        "phone": null,
        "accessible": true,
        "tags": [],
        "verticalGroup": "vg-escalator-09",
        "verticalLevels": [
          "L4F",
          "L3F",
          "L2F",
          "L1F",
          "B1"
        ]
      }
    },
    {
      "type": "Feature",
      "id": "fac-l3f-0118",
      "geometry": {
        "type": "Point",
        "coordinates": [
          83.11,
          207.02
        ]
      },
      "properties": {
        "level": "B1",
        "zone": "landside",
        "verified": false,
        "category": "escalator",
        "name": "扶梯 09",
        "nameEn": "扶梯 09",
        "aliases": [],
        "pinyin": [],
        "location": "",
        "hours": null,
        "phone": null,
        "accessible": true,
        "tags": [],
        "verticalGroup": "vg-escalator-09",
        "verticalLevels": [
          "L4F",
          "L3F",
          "L2F",
          "L1F",
          "B1"
        ]
      }
    },
    {
      "type": "Feature",
      "id": "fac-l3f-0119",
      "geometry": {
        "type": "Point",
        "coordinates": [
          -34.4,
          177.62
        ]
      },
      "properties": {
        "level": "L4F",
        "zone": "landside",
        "verified": false,
        "category": "elevator",
        "name": "电梯 13",
        "nameEn": "电梯 13",
        "aliases": [],
        "pinyin": [],
        "location": "",
        "hours": null,
        "phone": null,
        "accessible": true,
        "tags": [],
        "verticalGroup": "vg-elevator-13",
        "verticalLevels": [
          "L4F",
          "L3F",
          "L2F",
          "L1F",
          "B1"
        ]
      }
    },
    {
      "type": "Feature",
      "id": "fac-l3f-0120",
      "geometry": {
        "type": "Point",
        "coordinates": [
          -34.4,
          177.62
        ]
      },
      "properties": {
        "level": "L3F",
        "zone": "landside",
        "verified": false,
        "category": "elevator",
        "name": "电梯 13",
        "nameEn": "电梯 13",
        "aliases": [],
        "pinyin": [],
        "location": "",
        "hours": null,
        "phone": null,
        "accessible": true,
        "tags": [],
        "verticalGroup": "vg-elevator-13",
        "verticalLevels": [
          "L4F",
          "L3F",
          "L2F",
          "L1F",
          "B1"
        ]
      }
    },
    {
      "type": "Feature",
      "id": "fac-l3f-0121",
      "geometry": {
        "type": "Point",
        "coordinates": [
          -34.4,
          177.62
        ]
      },
      "properties": {
        "level": "L2F",
        "zone": "landside",
        "verified": false,
        "category": "elevator",
        "name": "电梯 13",
        "nameEn": "电梯 13",
        "aliases": [],
        "pinyin": [],
        "location": "",
        "hours": null,
        "phone": null,
        "accessible": true,
        "tags": [],
        "verticalGroup": "vg-elevator-13",
        "verticalLevels": [
          "L4F",
          "L3F",
          "L2F",
          "L1F",
          "B1"
        ]
      }
    },
    {
      "type": "Feature",
      "id": "fac-l3f-0122",
      "geometry": {
        "type": "Point",
        "coordinates": [
          -34.4,
          177.62
        ]
      },
      "properties": {
        "level": "L1F",
        "zone": "landside",
        "verified": false,
        "category": "elevator",
        "name": "电梯 13",
        "nameEn": "电梯 13",
        "aliases": [],
        "pinyin": [],
        "location": "",
        "hours": null,
        "phone": null,
        "accessible": true,
        "tags": [],
        "verticalGroup": "vg-elevator-13",
        "verticalLevels": [
          "L4F",
          "L3F",
          "L2F",
          "L1F",
          "B1"
        ]
      }
    },
    {
      "type": "Feature",
      "id": "fac-l3f-0123",
      "geometry": {
        "type": "Point",
        "coordinates": [
          -34.4,
          177.62
        ]
      },
      "properties": {
        "level": "B1",
        "zone": "landside",
        "verified": false,
        "category": "elevator",
        "name": "电梯 13",
        "nameEn": "电梯 13",
        "aliases": [],
        "pinyin": [],
        "location": "",
        "hours": null,
        "phone": null,
        "accessible": true,
        "tags": [],
        "verticalGroup": "vg-elevator-13",
        "verticalLevels": [
          "L4F",
          "L3F",
          "L2F",
          "L1F",
          "B1"
        ]
      }
    },
    {
      "type": "Feature",
      "id": "fac-l3f-0124",
      "geometry": {
        "type": "Point",
        "coordinates": [
          -11.62,
          180.41
        ]
      },
      "properties": {
        "level": "L4F",
        "zone": "landside",
        "verified": false,
        "category": "elevator",
        "name": "电梯 14",
        "nameEn": "电梯 14",
        "aliases": [],
        "pinyin": [],
        "location": "",
        "hours": null,
        "phone": null,
        "accessible": true,
        "tags": [],
        "verticalGroup": "vg-elevator-14",
        "verticalLevels": [
          "L4F",
          "L3F",
          "L2F",
          "L1F",
          "B1"
        ]
      }
    },
    {
      "type": "Feature",
      "id": "fac-l3f-0125",
      "geometry": {
        "type": "Point",
        "coordinates": [
          -11.62,
          180.41
        ]
      },
      "properties": {
        "level": "L3F",
        "zone": "landside",
        "verified": false,
        "category": "elevator",
        "name": "电梯 14",
        "nameEn": "电梯 14",
        "aliases": [],
        "pinyin": [],
        "location": "",
        "hours": null,
        "phone": null,
        "accessible": true,
        "tags": [],
        "verticalGroup": "vg-elevator-14",
        "verticalLevels": [
          "L4F",
          "L3F",
          "L2F",
          "L1F",
          "B1"
        ]
      }
    },
    {
      "type": "Feature",
      "id": "fac-l3f-0126",
      "geometry": {
        "type": "Point",
        "coordinates": [
          -11.62,
          180.41
        ]
      },
      "properties": {
        "level": "L2F",
        "zone": "landside",
        "verified": false,
        "category": "elevator",
        "name": "电梯 14",
        "nameEn": "电梯 14",
        "aliases": [],
        "pinyin": [],
        "location": "",
        "hours": null,
        "phone": null,
        "accessible": true,
        "tags": [],
        "verticalGroup": "vg-elevator-14",
        "verticalLevels": [
          "L4F",
          "L3F",
          "L2F",
          "L1F",
          "B1"
        ]
      }
    },
    {
      "type": "Feature",
      "id": "fac-l3f-0127",
      "geometry": {
        "type": "Point",
        "coordinates": [
          -11.62,
          180.41
        ]
      },
      "properties": {
        "level": "L1F",
        "zone": "landside",
        "verified": false,
        "category": "elevator",
        "name": "电梯 14",
        "nameEn": "电梯 14",
        "aliases": [],
        "pinyin": [],
        "location": "",
        "hours": null,
        "phone": null,
        "accessible": true,
        "tags": [],
        "verticalGroup": "vg-elevator-14",
        "verticalLevels": [
          "L4F",
          "L3F",
          "L2F",
          "L1F",
          "B1"
        ]
      }
    },
    {
      "type": "Feature",
      "id": "fac-l3f-0128",
      "geometry": {
        "type": "Point",
        "coordinates": [
          -11.62,
          180.41
        ]
      },
      "properties": {
        "level": "B1",
        "zone": "landside",
        "verified": false,
        "category": "elevator",
        "name": "电梯 14",
        "nameEn": "电梯 14",
        "aliases": [],
        "pinyin": [],
        "location": "",
        "hours": null,
        "phone": null,
        "accessible": true,
        "tags": [],
        "verticalGroup": "vg-elevator-14",
        "verticalLevels": [
          "L4F",
          "L3F",
          "L2F",
          "L1F",
          "B1"
        ]
      }
    },
    {
      "type": "Feature",
      "id": "fac-l3f-0129",
      "geometry": {
        "type": "Point",
        "coordinates": [
          59.84,
          198.1
        ]
      },
      "properties": {
        "level": "L4F",
        "zone": "landside",
        "verified": false,
        "category": "elevator",
        "name": "电梯 15",
        "nameEn": "电梯 15",
        "aliases": [],
        "pinyin": [],
        "location": "",
        "hours": null,
        "phone": null,
        "accessible": true,
        "tags": [],
        "verticalGroup": "vg-elevator-15",
        "verticalLevels": [
          "L4F",
          "L3F",
          "L2F",
          "L1F",
          "B1"
        ]
      }
    },
    {
      "type": "Feature",
      "id": "fac-l3f-0130",
      "geometry": {
        "type": "Point",
        "coordinates": [
          59.84,
          198.1
        ]
      },
      "properties": {
        "level": "L3F",
        "zone": "landside",
        "verified": false,
        "category": "elevator",
        "name": "电梯 15",
        "nameEn": "电梯 15",
        "aliases": [],
        "pinyin": [],
        "location": "",
        "hours": null,
        "phone": null,
        "accessible": true,
        "tags": [],
        "verticalGroup": "vg-elevator-15",
        "verticalLevels": [
          "L4F",
          "L3F",
          "L2F",
          "L1F",
          "B1"
        ]
      }
    },
    {
      "type": "Feature",
      "id": "fac-l3f-0131",
      "geometry": {
        "type": "Point",
        "coordinates": [
          59.84,
          198.1
        ]
      },
      "properties": {
        "level": "L2F",
        "zone": "landside",
        "verified": false,
        "category": "elevator",
        "name": "电梯 15",
        "nameEn": "电梯 15",
        "aliases": [],
        "pinyin": [],
        "location": "",
        "hours": null,
        "phone": null,
        "accessible": true,
        "tags": [],
        "verticalGroup": "vg-elevator-15",
        "verticalLevels": [
          "L4F",
          "L3F",
          "L2F",
          "L1F",
          "B1"
        ]
      }
    },
    {
      "type": "Feature",
      "id": "fac-l3f-0132",
      "geometry": {
        "type": "Point",
        "coordinates": [
          59.84,
          198.1
        ]
      },
      "properties": {
        "level": "L1F",
        "zone": "landside",
        "verified": false,
        "category": "elevator",
        "name": "电梯 15",
        "nameEn": "电梯 15",
        "aliases": [],
        "pinyin": [],
        "location": "",
        "hours": null,
        "phone": null,
        "accessible": true,
        "tags": [],
        "verticalGroup": "vg-elevator-15",
        "verticalLevels": [
          "L4F",
          "L3F",
          "L2F",
          "L1F",
          "B1"
        ]
      }
    },
    {
      "type": "Feature",
      "id": "fac-l3f-0133",
      "geometry": {
        "type": "Point",
        "coordinates": [
          59.84,
          198.1
        ]
      },
      "properties": {
        "level": "B1",
        "zone": "landside",
        "verified": false,
        "category": "elevator",
        "name": "电梯 15",
        "nameEn": "电梯 15",
        "aliases": [],
        "pinyin": [],
        "location": "",
        "hours": null,
        "phone": null,
        "accessible": true,
        "tags": [],
        "verticalGroup": "vg-elevator-15",
        "verticalLevels": [
          "L4F",
          "L3F",
          "L2F",
          "L1F",
          "B1"
        ]
      }
    },
    {
      "type": "Feature",
      "id": "fac-l3f-0134",
      "geometry": {
        "type": "Point",
        "coordinates": [
          111.53,
          220.95
        ]
      },
      "properties": {
        "level": "L4F",
        "zone": "landside",
        "verified": false,
        "category": "elevator",
        "name": "电梯 16",
        "nameEn": "电梯 16",
        "aliases": [],
        "pinyin": [],
        "location": "",
        "hours": null,
        "phone": null,
        "accessible": true,
        "tags": [],
        "verticalGroup": "vg-elevator-16",
        "verticalLevels": [
          "L4F",
          "L3F",
          "L2F",
          "L1F",
          "B1"
        ]
      }
    },
    {
      "type": "Feature",
      "id": "fac-l3f-0135",
      "geometry": {
        "type": "Point",
        "coordinates": [
          111.53,
          220.95
        ]
      },
      "properties": {
        "level": "L3F",
        "zone": "landside",
        "verified": false,
        "category": "elevator",
        "name": "电梯 16",
        "nameEn": "电梯 16",
        "aliases": [],
        "pinyin": [],
        "location": "",
        "hours": null,
        "phone": null,
        "accessible": true,
        "tags": [],
        "verticalGroup": "vg-elevator-16",
        "verticalLevels": [
          "L4F",
          "L3F",
          "L2F",
          "L1F",
          "B1"
        ]
      }
    },
    {
      "type": "Feature",
      "id": "fac-l3f-0136",
      "geometry": {
        "type": "Point",
        "coordinates": [
          111.53,
          220.95
        ]
      },
      "properties": {
        "level": "L2F",
        "zone": "landside",
        "verified": false,
        "category": "elevator",
        "name": "电梯 16",
        "nameEn": "电梯 16",
        "aliases": [],
        "pinyin": [],
        "location": "",
        "hours": null,
        "phone": null,
        "accessible": true,
        "tags": [],
        "verticalGroup": "vg-elevator-16",
        "verticalLevels": [
          "L4F",
          "L3F",
          "L2F",
          "L1F",
          "B1"
        ]
      }
    },
    {
      "type": "Feature",
      "id": "fac-l3f-0137",
      "geometry": {
        "type": "Point",
        "coordinates": [
          111.53,
          220.95
        ]
      },
      "properties": {
        "level": "L1F",
        "zone": "landside",
        "verified": false,
        "category": "elevator",
        "name": "电梯 16",
        "nameEn": "电梯 16",
        "aliases": [],
        "pinyin": [],
        "location": "",
        "hours": null,
        "phone": null,
        "accessible": true,
        "tags": [],
        "verticalGroup": "vg-elevator-16",
        "verticalLevels": [
          "L4F",
          "L3F",
          "L2F",
          "L1F",
          "B1"
        ]
      }
    },
    {
      "type": "Feature",
      "id": "fac-l3f-0138",
      "geometry": {
        "type": "Point",
        "coordinates": [
          111.53,
          220.95
        ]
      },
      "properties": {
        "level": "B1",
        "zone": "landside",
        "verified": false,
        "category": "elevator",
        "name": "电梯 16",
        "nameEn": "电梯 16",
        "aliases": [],
        "pinyin": [],
        "location": "",
        "hours": null,
        "phone": null,
        "accessible": true,
        "tags": [],
        "verticalGroup": "vg-elevator-16",
        "verticalLevels": [
          "L4F",
          "L3F",
          "L2F",
          "L1F",
          "B1"
        ]
      }
    },
    {
      "type": "Feature",
      "id": "fac-l3f-0139",
      "geometry": {
        "type": "Polygon",
        "coordinates": [
          [
            [
              -210.32,
              130.25
            ],
            [
              -213.41,
              123.35
            ],
            [
              -204.21,
              119.16
            ],
            [
              -201.97,
              124.33
            ],
            [
              -202.1,
              125.56
            ],
            [
              -202.85,
              126.97
            ],
            [
              -203.61,
              127.41
            ],
            [
              -210.32,
              130.25
            ]
          ]
        ]
      },
      "properties": {
        "level": "L3F",
        "zone": "landside",
        "verified": false,
        "category": "lounge",
        "name": "头等舱/商务舱休息室",
        "nameEn": "",
        "aliases": [],
        "pinyin": [],
        "location": "",
        "hours": null,
        "phone": null,
        "accessible": true,
        "tags": [],
        "public": true,
        "through": false
      }
    },
    {
      "type": "Feature",
      "id": "fac-l3f-0140",
      "geometry": {
        "type": "Polygon",
        "coordinates": [
          [
            [
              53.7,
              111.24
            ],
            [
              55.26,
              99.24
            ],
            [
              64.7,
              100.46
            ],
            [
              63.7,
              107.68
            ],
            [
              61.48,
              111.74
            ],
            [
              58.81,
              112.29
            ],
            [
              56.03,
              111.9
            ],
            [
              53.7,
              111.24
            ]
          ]
        ]
      },
      "properties": {
        "level": "L3F",
        "zone": "landside",
        "verified": false,
        "category": "commerce",
        "name": "北京伴手礼",
        "nameEn": "",
        "aliases": [],
        "pinyin": [],
        "location": "",
        "hours": null,
        "phone": null,
        "accessible": true,
        "tags": [],
        "public": true,
        "through": false,
        "fields": {
          "kind": "零售"
        }
      }
    },
    {
      "type": "Feature",
      "id": "fac-l3f-0141",
      "geometry": {
        "type": "Polygon",
        "coordinates": [
          [
            [
              53.92,
              132.01
            ],
            [
              54.76,
              123.95
            ],
            [
              61.87,
              124.84
            ],
            [
              60.92,
              133.06
            ],
            [
              53.92,
              132.01
            ]
          ]
        ]
      },
      "properties": {
        "level": "L3F",
        "zone": "landside",
        "verified": false,
        "category": "commerce",
        "name": "京东快递",
        "nameEn": "",
        "aliases": [],
        "pinyin": [],
        "location": "",
        "hours": null,
        "phone": null,
        "accessible": true,
        "tags": [],
        "public": true,
        "through": false,
        "fields": {
          "kind": "快递"
        }
      }
    },
    {
      "type": "Feature",
      "id": "fac-l3f-0142",
      "geometry": {
        "type": "Polygon",
        "coordinates": [
          [
            [
              53.94,
              131.83
            ],
            [
              51.2,
              155.44
            ],
            [
              58.2,
              156.27
            ],
            [
              60.92,
              133.05
            ],
            [
              53.94,
              131.83
            ]
          ]
        ]
      },
      "properties": {
        "level": "L3F",
        "zone": "landside",
        "verified": false,
        "category": "commerce",
        "name": "自助按摩椅",
        "nameEn": "",
        "aliases": [],
        "pinyin": [],
        "location": "",
        "hours": null,
        "phone": null,
        "accessible": true,
        "tags": [],
        "public": true,
        "through": false,
        "fields": {
          "kind": "按摩"
        }
      }
    },
    {
      "type": "Feature",
      "id": "fac-l3f-0143",
      "geometry": {
        "type": "Polygon",
        "coordinates": [
          [
            [
              51.91,
              155.52
            ],
            [
              51.46,
              158.66
            ],
            [
              57.74,
              159.41
            ],
            [
              58.2,
              156.27
            ],
            [
              51.91,
              155.52
            ]
          ]
        ]
      },
      "properties": {
        "level": "L3F",
        "zone": "landside",
        "verified": false,
        "category": "nursing",
        "name": "母婴室",
        "nameEn": "",
        "aliases": [],
        "pinyin": [],
        "location": "",
        "hours": null,
        "phone": null,
        "accessible": true,
        "tags": [],
        "public": true,
        "through": false
      }
    },
    {
      "type": "Feature",
      "id": "fac-l3f-0144",
      "geometry": {
        "type": "Polygon",
        "coordinates": [
          [
            [
              40.42,
              166.72
            ],
            [
              41.05,
              162.73
            ],
            [
              42.29,
              162.95
            ],
            [
              42.42,
              161.08
            ],
            [
              50.89,
              162.31
            ],
            [
              51.27,
              161.61
            ],
            [
              55.88,
              162.23
            ],
            [
              55.01,
              168.17
            ],
            [
              40.42,
              166.72
            ]
          ]
        ]
      },
      "properties": {
        "level": "L3F",
        "zone": "airside_domestic",
        "verified": false,
        "category": "restroom",
        "nameEn": "",
        "aliases": [],
        "pinyin": [],
        "location": "",
        "hours": null,
        "phone": null,
        "accessible": true,
        "tags": [],
        "public": true,
        "through": false,
        "fields": {
          "restroomType": "female"
        }
      }
    },
    {
      "type": "Feature",
      "id": "fac-l3f-0145",
      "geometry": {
        "type": "Polygon",
        "coordinates": [
          [
            [
              40.17,
              156.95
            ],
            [
              41.39,
              146.05
            ],
            [
              45.96,
              146.62
            ],
            [
              44.94,
              155.27
            ],
            [
              45.58,
              155.4
            ],
            [
              45.31,
              157.79
            ],
            [
              40.17,
              156.95
            ]
          ]
        ]
      },
      "properties": {
        "level": "L3F",
        "zone": "airside_domestic",
        "verified": false,
        "category": "restroom",
        "nameEn": "",
        "aliases": [],
        "pinyin": [],
        "location": "",
        "hours": null,
        "phone": null,
        "accessible": true,
        "tags": [],
        "public": true,
        "through": false,
        "fields": {
          "restroomType": "male"
        }
      }
    },
    {
      "type": "Feature",
      "id": "fac-l3f-0146",
      "geometry": {
        "type": "Polygon",
        "coordinates": [
          [
            [
              40.17,
              156.95
            ],
            [
              39.7,
              160.14
            ],
            [
              42.47,
              160.39
            ],
            [
              42.82,
              157.38
            ],
            [
              40.17,
              156.95
            ]
          ]
        ]
      },
      "properties": {
        "level": "L3F",
        "zone": "airside_domestic",
        "verified": false,
        "category": "restroom",
        "nameEn": "",
        "aliases": [],
        "pinyin": [],
        "location": "",
        "hours": null,
        "phone": null,
        "accessible": true,
        "tags": [],
        "public": true,
        "through": false,
        "fields": {
          "restroomType": "accessible"
        }
      }
    },
    {
      "type": "Feature",
      "id": "fac-l3f-0147",
      "geometry": {
        "type": "Polygon",
        "coordinates": [
          [
            [
              100.27,
              180.62
            ],
            [
              97.96,
              179.04
            ],
            [
              106.64,
              167.44
            ],
            [
              108.92,
              168.88
            ],
            [
              100.27,
              180.62
            ]
          ]
        ]
      },
      "properties": {
        "level": "L3F",
        "zone": "landside",
        "verified": false,
        "category": "self_checkin",
        "name": "",
        "nameEn": "",
        "aliases": [],
        "pinyin": [],
        "location": "",
        "hours": null,
        "phone": null,
        "accessible": true,
        "tags": [],
        "public": true,
        "through": false
      }
    },
    {
      "type": "Feature",
      "id": "fac-l3f-0148",
      "geometry": {
        "type": "Polygon",
        "coordinates": [
          [
            [
              75.5,
              171.33
            ],
            [
              76.48,
              164.61
            ],
            [
              78.2,
              164.96
            ],
            [
              77.36,
              171.65
            ],
            [
              75.5,
              171.33
            ]
          ]
        ]
      },
      "properties": {
        "level": "L3F",
        "zone": "landside",
        "verified": false,
        "category": "self_checkin",
        "name": "",
        "nameEn": "",
        "aliases": [],
        "pinyin": [],
        "location": "",
        "hours": null,
        "phone": null,
        "accessible": true,
        "tags": [],
        "public": true,
        "through": false
      }
    },
    {
      "type": "Feature",
      "id": "fac-l3f-0149",
      "geometry": {
        "type": "Polygon",
        "coordinates": [
          [
            [
              82.82,
              183.8
            ],
            [
              77.22,
              181.32
            ],
            [
              77.99,
              179.07
            ],
            [
              83.7,
              181.81
            ],
            [
              82.82,
              183.8
            ]
          ]
        ]
      },
      "properties": {
        "level": "L3F",
        "zone": "landside",
        "verified": false,
        "category": "service_desk",
        "name": "中国联合航空票务服务柜台",
        "nameEn": "",
        "aliases": [],
        "pinyin": [],
        "location": "",
        "hours": null,
        "phone": null,
        "accessible": true,
        "tags": [],
        "public": true,
        "through": false
      }
    },
    {
      "type": "Feature",
      "id": "fac-l3f-0150",
      "geometry": {
        "type": "Polygon",
        "coordinates": [
          [
            [
              144.76,
              220.52
            ],
            [
              136.46,
              213.97
            ],
            [
              140.52,
              208.96
            ],
            [
              146.44,
              213.44
            ],
            [
              144.87,
              214.99
            ],
            [
              147.57,
              217.12
            ],
            [
              144.76,
              220.52
            ]
          ]
        ]
      },
      "properties": {
        "level": "L3F",
        "zone": "landside",
        "verified": false,
        "category": "restroom",
        "nameEn": "",
        "aliases": [],
        "pinyin": [],
        "location": "",
        "hours": null,
        "phone": null,
        "accessible": true,
        "tags": [],
        "public": true,
        "through": false,
        "fields": {
          "restroomType": "female"
        }
      }
    },
    {
      "type": "Feature",
      "id": "fac-l3f-0151",
      "geometry": {
        "type": "Polygon",
        "coordinates": [
          [
            [
              142.38,
              228.19
            ],
            [
              145.46,
              224.02
            ],
            [
              146.2,
              224.58
            ],
            [
              150.16,
              218.91
            ],
            [
              151.91,
              220.14
            ],
            [
              150.82,
              221.54
            ],
            [
              152.12,
              222.66
            ],
            [
              145.95,
              230.58
            ],
            [
              142.38,
              228.19
            ]
          ]
        ]
      },
      "properties": {
        "level": "L3F",
        "zone": "landside",
        "verified": false,
        "category": "restroom",
        "nameEn": "",
        "aliases": [],
        "pinyin": [],
        "location": "",
        "hours": null,
        "phone": null,
        "accessible": true,
        "tags": [],
        "public": true,
        "through": false,
        "fields": {
          "restroomType": "male"
        }
      }
    },
    {
      "type": "Feature",
      "id": "fac-l3f-0152",
      "geometry": {
        "type": "Polygon",
        "coordinates": [
          [
            [
              143.62,
              226.51
            ],
            [
              141.37,
              226.37
            ],
            [
              141.82,
              223.6
            ],
            [
              145.46,
              224.02
            ],
            [
              143.62,
              226.51
            ]
          ]
        ]
      },
      "properties": {
        "level": "L3F",
        "zone": "landside",
        "verified": false,
        "category": "restroom",
        "nameEn": "",
        "aliases": [],
        "pinyin": [],
        "location": "",
        "hours": null,
        "phone": null,
        "accessible": true,
        "tags": [],
        "public": true,
        "through": false,
        "fields": {
          "restroomType": "accessible"
        }
      }
    },
    {
      "type": "Feature",
      "id": "fac-l3f-0153",
      "geometry": {
        "type": "Polygon",
        "coordinates": [
          [
            [
              160.35,
              226.03
            ],
            [
              158.44,
              220.78
            ],
            [
              188.51,
              207.88
            ],
            [
              190.67,
              213.13
            ],
            [
              160.35,
              226.03
            ]
          ]
        ]
      },
      "properties": {
        "level": "L3F",
        "zone": "landside",
        "verified": false,
        "category": "checkin",
        "name": "东航/上海航高端旅客专享值机区",
        "nameEn": "",
        "aliases": [],
        "pinyin": [],
        "location": "",
        "hours": null,
        "phone": null,
        "accessible": true,
        "tags": [],
        "public": true,
        "through": false,
        "fields": {
          "counterLetter": "0",
          "airline": "中国东方航空 / 上海航空",
          "airlineCode": "MU / FM"
        }
      }
    },
    {
      "type": "Feature",
      "id": "fac-l3f-0154",
      "geometry": {
        "type": "Point",
        "coordinates": [
          200.82,
          194.15
        ]
      },
      "properties": {
        "level": "L4F",
        "zone": "landside",
        "verified": false,
        "category": "elevator",
        "name": "电梯 17",
        "nameEn": "电梯 17",
        "aliases": [],
        "pinyin": [],
        "location": "",
        "hours": null,
        "phone": null,
        "accessible": true,
        "tags": [],
        "verticalGroup": "vg-elevator-17",
        "verticalLevels": [
          "L4F",
          "L3F"
        ]
      }
    },
    {
      "type": "Feature",
      "id": "fac-l3f-0155",
      "geometry": {
        "type": "Point",
        "coordinates": [
          200.82,
          194.15
        ]
      },
      "properties": {
        "level": "L3F",
        "zone": "landside",
        "verified": false,
        "category": "elevator",
        "name": "电梯 17",
        "nameEn": "电梯 17",
        "aliases": [],
        "pinyin": [],
        "location": "",
        "hours": null,
        "phone": null,
        "accessible": true,
        "tags": [],
        "verticalGroup": "vg-elevator-17",
        "verticalLevels": [
          "L4F",
          "L3F"
        ]
      }
    },
    {
      "type": "Feature",
      "id": "fac-l3f-0156",
      "geometry": {
        "type": "Point",
        "coordinates": [
          223.04,
          198.52
        ]
      },
      "properties": {
        "level": "L4F",
        "zone": "landside",
        "verified": false,
        "category": "elevator",
        "name": "电梯 18",
        "nameEn": "电梯 18",
        "aliases": [],
        "pinyin": [],
        "location": "",
        "hours": null,
        "phone": null,
        "accessible": true,
        "tags": [],
        "verticalGroup": "vg-elevator-18",
        "verticalLevels": [
          "L4F",
          "L3F"
        ]
      }
    },
    {
      "type": "Feature",
      "id": "fac-l3f-0157",
      "geometry": {
        "type": "Point",
        "coordinates": [
          223.04,
          198.52
        ]
      },
      "properties": {
        "level": "L3F",
        "zone": "landside",
        "verified": false,
        "category": "elevator",
        "name": "电梯 18",
        "nameEn": "电梯 18",
        "aliases": [],
        "pinyin": [],
        "location": "",
        "hours": null,
        "phone": null,
        "accessible": true,
        "tags": [],
        "verticalGroup": "vg-elevator-18",
        "verticalLevels": [
          "L4F",
          "L3F"
        ]
      }
    },
    {
      "type": "Feature",
      "id": "fac-l3f-0158",
      "geometry": {
        "type": "Point",
        "coordinates": [
          221.5,
          194.33
        ]
      },
      "properties": {
        "level": "L4F",
        "zone": "landside",
        "verified": false,
        "category": "stairs",
        "name": "楼梯 02",
        "nameEn": "楼梯 02",
        "aliases": [],
        "pinyin": [],
        "location": "",
        "hours": null,
        "phone": null,
        "accessible": true,
        "tags": [],
        "verticalGroup": "vg-stairs-02",
        "verticalLevels": [
          "L4F",
          "L3F"
        ]
      }
    },
    {
      "type": "Feature",
      "id": "fac-l3f-0159",
      "geometry": {
        "type": "Point",
        "coordinates": [
          null,
          null
        ]
      },
      "properties": {
        "level": "L3F",
        "zone": "landside",
        "verified": false,
        "category": "stairs",
        "name": "楼梯 02",
        "nameEn": "楼梯 02",
        "aliases": [],
        "pinyin": [],
        "location": "",
        "hours": null,
        "phone": null,
        "accessible": true,
        "tags": [],
        "verticalGroup": "vg-stairs-02",
        "verticalLevels": [
          "L4F",
          "L3F"
        ]
      }
    },
    {
      "type": "Feature",
      "id": "fac-l3f-0160",
      "geometry": {
        "type": "Point",
        "coordinates": [
          225.52,
          196.07
        ]
      },
      "properties": {
        "level": "L4F",
        "zone": "landside",
        "verified": false,
        "category": "stairs",
        "name": "楼梯 03",
        "nameEn": "楼梯 03",
        "aliases": [],
        "pinyin": [],
        "location": "",
        "hours": null,
        "phone": null,
        "accessible": true,
        "tags": [],
        "verticalGroup": "vg-stairs-03",
        "verticalLevels": [
          "L4F",
          "L3F"
        ]
      }
    },
    {
      "type": "Feature",
      "id": "fac-l3f-0161",
      "geometry": {
        "type": "Point",
        "coordinates": [
          225.52,
          196.07
        ]
      },
      "properties": {
        "level": "L3F",
        "zone": "landside",
        "verified": false,
        "category": "stairs",
        "name": "楼梯 03",
        "nameEn": "楼梯 03",
        "aliases": [],
        "pinyin": [],
        "location": "",
        "hours": null,
        "phone": null,
        "accessible": true,
        "tags": [],
        "verticalGroup": "vg-stairs-03",
        "verticalLevels": [
          "L4F",
          "L3F"
        ]
      }
    },
    {
      "type": "Feature",
      "id": "fac-l3f-0162",
      "geometry": {
        "type": "Polygon",
        "coordinates": [
          [
            [
              164.5,
              181.65
            ],
            [
              166.99,
              178.25
            ],
            [
              176.24,
              185.15
            ],
            [
              171.86,
              190.65
            ],
            [
              166.43,
              186.73
            ],
            [
              168.36,
              184.24
            ],
            [
              164.5,
              181.65
            ]
          ]
        ]
      },
      "properties": {
        "level": "L3F",
        "zone": "landside",
        "verified": false,
        "category": "lounge",
        "name": "头等舱/公务舱休息室",
        "nameEn": "",
        "aliases": [],
        "pinyin": [],
        "location": "",
        "hours": null,
        "phone": null,
        "accessible": true,
        "tags": [],
        "public": true,
        "through": false
      }
    },
    {
      "type": "Feature",
      "id": "fac-l3f-0163",
      "geometry": {
        "type": "Polygon",
        "coordinates": [
          [
            [
              180.97,
              183.55
            ],
            [
              174.06,
              178.36
            ],
            [
              178.87,
              172.08
            ],
            [
              186.13,
              177.49
            ],
            [
              180.97,
              183.55
            ]
          ]
        ]
      },
      "properties": {
        "level": "L3F",
        "zone": "landside",
        "verified": false,
        "category": "lounge",
        "name": "头等舱。商务舱休息室",
        "nameEn": "",
        "aliases": [],
        "pinyin": [],
        "location": "",
        "hours": null,
        "phone": null,
        "accessible": true,
        "tags": [],
        "public": true,
        "through": false
      }
    },
    {
      "type": "Feature",
      "id": "fac-l3f-0164",
      "geometry": {
        "type": "Polygon",
        "coordinates": [
          [
            [
              193.7,
              190.62
            ],
            [
              189.89,
              187.8
            ],
            [
              192.31,
              184.75
            ],
            [
              194.32,
              186.13
            ],
            [
              195.21,
              185.07
            ],
            [
              193.96,
              183.96
            ],
            [
              196.21,
              181.14
            ],
            [
              200.38,
              184.22
            ],
            [
              197.04,
              188.33
            ],
            [
              196.05,
              187.52
            ],
            [
              193.7,
              190.62
            ]
          ]
        ]
      },
      "properties": {
        "level": "L3F",
        "zone": "landside",
        "verified": false,
        "category": "restroom",
        "nameEn": "",
        "aliases": [],
        "pinyin": [],
        "location": "",
        "hours": null,
        "phone": null,
        "accessible": true,
        "tags": [],
        "public": true,
        "through": false,
        "fields": {
          "restroomType": "male"
        }
      }
    },
    {
      "type": "Feature",
      "id": "fac-l3f-0165",
      "geometry": {
        "type": "Polygon",
        "coordinates": [
          [
            [
              193.7,
              190.62
            ],
            [
              196.05,
              187.52
            ],
            [
              197.04,
              188.33
            ],
            [
              197.84,
              188.83
            ],
            [
              200.84,
              184.7
            ],
            [
              203.8,
              186.82
            ],
            [
              202.27,
              188.83
            ],
            [
              203.14,
              189.49
            ],
            [
              200.58,
              192.45
            ],
            [
              199.57,
              191.55
            ],
            [
              198.71,
              192.65
            ],
            [
              196.21,
              190.84
            ],
            [
              195.33,
              191.95
            ],
            [
              193.7,
              190.62
            ]
          ]
        ]
      },
      "properties": {
        "level": "L3F",
        "zone": "landside",
        "verified": false,
        "category": "restroom",
        "nameEn": "",
        "aliases": [],
        "pinyin": [],
        "location": "",
        "hours": null,
        "phone": null,
        "accessible": true,
        "tags": [],
        "public": true,
        "through": false,
        "fields": {
          "restroomType": "female"
        }
      }
    },
    {
      "type": "Feature",
      "id": "fac-l3f-0166",
      "geometry": {
        "type": "Polygon",
        "coordinates": [
          [
            [
              195.33,
              191.95
            ],
            [
              194.3,
              193.48
            ],
            [
              195.29,
              194.38
            ],
            [
              198.95,
              194.91
            ],
            [
              199.23,
              193.06
            ],
            [
              196.21,
              190.84
            ],
            [
              195.33,
              191.95
            ]
          ]
        ]
      },
      "properties": {
        "level": "L3F",
        "zone": "landside",
        "verified": false,
        "category": "restroom",
        "nameEn": "",
        "aliases": [],
        "pinyin": [],
        "location": "",
        "hours": null,
        "phone": null,
        "accessible": true,
        "tags": [],
        "public": true,
        "through": false,
        "fields": {
          "restroomType": "accessible"
        }
      }
    },
    {
      "type": "Feature",
      "id": "fac-l3f-0167",
      "geometry": {
        "type": "Point",
        "coordinates": [
          194.54,
          167.99
        ]
      },
      "properties": {
        "level": "L4F",
        "zone": "landside",
        "verified": false,
        "category": "elevator",
        "name": "电梯 19",
        "nameEn": "电梯 19",
        "aliases": [],
        "pinyin": [],
        "location": "",
        "hours": null,
        "phone": null,
        "accessible": true,
        "tags": [],
        "verticalGroup": "vg-elevator-19",
        "verticalLevels": [
          "L4F",
          "L3F"
        ]
      }
    },
    {
      "type": "Feature",
      "id": "fac-l3f-0168",
      "geometry": {
        "type": "Point",
        "coordinates": [
          194.54,
          167.99
        ]
      },
      "properties": {
        "level": "L3F",
        "zone": "airside_domestic",
        "verified": false,
        "category": "elevator",
        "name": "电梯 19",
        "nameEn": "电梯 19",
        "aliases": [],
        "pinyin": [],
        "location": "",
        "hours": null,
        "phone": null,
        "accessible": true,
        "tags": [],
        "verticalGroup": "vg-elevator-19",
        "verticalLevels": [
          "L4F",
          "L3F"
        ]
      }
    },
    {
      "type": "Feature",
      "id": "fac-l3f-0169",
      "geometry": {
        "type": "Point",
        "coordinates": [
          189.1,
          149.86
        ]
      },
      "properties": {
        "level": "L4F",
        "zone": "airside_domestic",
        "verified": false,
        "category": "escalator",
        "name": "扶梯 10",
        "nameEn": "扶梯 10",
        "aliases": [],
        "pinyin": [],
        "location": "",
        "hours": null,
        "phone": null,
        "accessible": true,
        "tags": [],
        "verticalGroup": "vg-escalator-10",
        "verticalLevels": [
          "L4F",
          "L3F"
        ],
        "verticalOneWay": {
          "from": "L3F",
          "to": "L4F"
        }
      }
    },
    {
      "type": "Feature",
      "id": "fac-l3f-0170",
      "geometry": {
        "type": "Point",
        "coordinates": [
          189.1,
          149.86
        ]
      },
      "properties": {
        "level": "L3F",
        "zone": "airside_domestic",
        "verified": false,
        "category": "escalator",
        "name": "扶梯 10",
        "nameEn": "扶梯 10",
        "aliases": [],
        "pinyin": [],
        "location": "",
        "hours": null,
        "phone": null,
        "accessible": true,
        "tags": [],
        "verticalGroup": "vg-escalator-10",
        "verticalLevels": [
          "L4F",
          "L3F"
        ],
        "verticalOneWay": {
          "from": "L3F",
          "to": "L4F"
        }
      }
    },
    {
      "type": "Feature",
      "id": "fac-l3f-0171",
      "geometry": {
        "type": "Polygon",
        "coordinates": [
          [
            [
              178.33,
              127.24
            ],
            [
              141.34,
              99.85
            ],
            [
              138.03,
              94.94
            ],
            [
              138.91,
              77.14
            ],
            [
              142.06,
              72.84
            ],
            [
              148.4,
              70.96
            ],
            [
              154.9,
              70.3
            ],
            [
              163.06,
              72.07
            ],
            [
              167.85,
              74.33
            ],
            [
              175.57,
              82.32
            ],
            [
              180.26,
              89.76
            ],
            [
              185.22,
              101.72
            ],
            [
              187.04,
              107.56
            ],
            [
              187.86,
              117.43
            ],
            [
              187.48,
              122.94
            ],
            [
              185.49,
              126.25
            ],
            [
              183.34,
              127.52
            ],
            [
              178.33,
              127.24
            ]
          ]
        ]
      },
      "properties": {
        "level": "L3F",
        "zone": "airside_domestic",
        "verified": false,
        "category": "lounge",
        "name": "东航贵宾休息室",
        "nameEn": "",
        "aliases": [],
        "pinyin": [],
        "location": "",
        "hours": null,
        "phone": null,
        "accessible": true,
        "tags": [],
        "public": true,
        "through": false,
        "fields": {
          "airline": "中国东方航空"
        }
      }
    },
    {
      "type": "Feature",
      "id": "fac-l3f-0172",
      "geometry": {
        "type": "Point",
        "coordinates": [
          161.79,
          78.33
        ]
      },
      "properties": {
        "level": "L3F",
        "zone": "airside_domestic",
        "verified": false,
        "category": "elevator",
        "name": "电梯 20",
        "nameEn": "电梯 20",
        "aliases": [],
        "pinyin": [],
        "location": "",
        "hours": null,
        "phone": null,
        "accessible": true,
        "tags": [],
        "verticalGroup": "vg-elevator-20",
        "verticalLevels": [
          "L3F",
          "L2F"
        ]
      }
    },
    {
      "type": "Feature",
      "id": "fac-l3f-0173",
      "geometry": {
        "type": "Point",
        "coordinates": [
          161.79,
          78.33
        ]
      },
      "properties": {
        "level": "L2F",
        "zone": "airside_domestic",
        "verified": false,
        "category": "elevator",
        "name": "电梯 20",
        "nameEn": "电梯 20",
        "aliases": [],
        "pinyin": [],
        "location": "",
        "hours": null,
        "phone": null,
        "accessible": true,
        "tags": [],
        "verticalGroup": "vg-elevator-20",
        "verticalLevels": [
          "L3F",
          "L2F"
        ]
      }
    },
    {
      "type": "Feature",
      "id": "fac-l3f-0174",
      "geometry": {
        "type": "Point",
        "coordinates": [
          -177.75,
          37.41
        ]
      },
      "properties": {
        "level": "L3F",
        "zone": "airside_domestic",
        "verified": false,
        "category": "elevator",
        "name": "电梯 21",
        "nameEn": "电梯 21",
        "aliases": [],
        "pinyin": [],
        "location": "",
        "hours": null,
        "phone": null,
        "accessible": true,
        "tags": [],
        "verticalGroup": "vg-elevator-21",
        "verticalLevels": [
          "L3F",
          "L2F"
        ]
      }
    },
    {
      "type": "Feature",
      "id": "fac-l3f-0175",
      "geometry": {
        "type": "Point",
        "coordinates": [
          -177.75,
          37.41
        ]
      },
      "properties": {
        "level": "L2F",
        "zone": "airside_domestic",
        "verified": false,
        "category": "elevator",
        "name": "电梯 21",
        "nameEn": "电梯 21",
        "aliases": [],
        "pinyin": [],
        "location": "",
        "hours": null,
        "phone": null,
        "accessible": true,
        "tags": [],
        "verticalGroup": "vg-elevator-21",
        "verticalLevels": [
          "L3F",
          "L2F"
        ]
      }
    },
    {
      "type": "Feature",
      "id": "fac-l3f-0176",
      "geometry": {
        "type": "Point",
        "coordinates": [
          57.31,
          164.09
        ]
      },
      "properties": {
        "level": "L3F",
        "zone": "airside_domestic",
        "verified": false,
        "category": "water",
        "name": "饮水处",
        "nameEn": "",
        "aliases": [],
        "pinyin": [],
        "location": "",
        "hours": null,
        "phone": null,
        "accessible": true,
        "tags": []
      }
    },
    {
      "type": "Feature",
      "id": "fac-l3f-0177",
      "geometry": {
        "type": "Point",
        "coordinates": [
          137.78,
          217.65
        ]
      },
      "properties": {
        "level": "L3F",
        "zone": "airside_domestic",
        "verified": false,
        "category": "water",
        "name": "饮水处",
        "nameEn": "",
        "aliases": [],
        "pinyin": [],
        "location": "",
        "hours": null,
        "phone": null,
        "accessible": true,
        "tags": []
      }
    },
    {
      "type": "Feature",
      "id": "fac-l3f-0178",
      "geometry": {
        "type": "Point",
        "coordinates": [
          -189.8,
          179.8
        ]
      },
      "properties": {
        "level": "L3F",
        "zone": "airside_domestic",
        "verified": false,
        "category": "water",
        "name": "饮水处",
        "nameEn": "",
        "aliases": [],
        "pinyin": [],
        "location": "",
        "hours": null,
        "phone": null,
        "accessible": true,
        "tags": []
      }
    },
    {
      "type": "Feature",
      "id": "fac-l3f-0179",
      "geometry": {
        "type": "Polygon",
        "coordinates": [
          [
            [
              -118.07,
              149.14
            ],
            [
              -117.09,
              142.62
            ],
            [
              -115.52,
              142.79
            ],
            [
              -116.39,
              149.21
            ],
            [
              -118.07,
              149.14
            ]
          ]
        ]
      },
      "properties": {
        "level": "L3F",
        "zone": "landside",
        "verified": false,
        "category": "self_checkin",
        "name": "自助值机区",
        "nameEn": "",
        "aliases": [],
        "pinyin": [],
        "location": "",
        "hours": null,
        "phone": null,
        "accessible": true,
        "tags": [],
        "public": true,
        "through": false
      }
    },
    {
      "type": "Feature",
      "id": "fac-l3f-0180",
      "geometry": {
        "type": "Point",
        "coordinates": [
          -220.65,
          100.44
        ]
      },
      "properties": {
        "level": "L3F",
        "zone": "airside_domestic",
        "verified": false,
        "category": "escalator",
        "name": "扶梯 11",
        "nameEn": "扶梯 11",
        "aliases": [],
        "pinyin": [],
        "location": "",
        "hours": null,
        "phone": null,
        "accessible": true,
        "tags": [],
        "verticalGroup": "vg-escalator-11",
        "verticalLevels": [
          "L3F",
          "L2F"
        ]
      }
    },
    {
      "type": "Feature",
      "id": "fac-l3f-0181",
      "geometry": {
        "type": "Point",
        "coordinates": [
          -220.65,
          100.44
        ]
      },
      "properties": {
        "level": "L2F",
        "zone": "airside_domestic",
        "verified": false,
        "category": "escalator",
        "name": "扶梯 11",
        "nameEn": "扶梯 11",
        "aliases": [],
        "pinyin": [],
        "location": "",
        "hours": null,
        "phone": null,
        "accessible": true,
        "tags": [],
        "verticalGroup": "vg-escalator-11",
        "verticalLevels": [
          "L3F",
          "L2F"
        ]
      }
    },
    {
      "type": "Feature",
      "id": "fac-l3f-0182",
      "geometry": {
        "type": "Point",
        "coordinates": [
          -148.18,
          208.81
        ]
      },
      "properties": {
        "level": "L3F",
        "zone": "landside",
        "verified": false,
        "category": "entrance_exit",
        "name": "8号门",
        "nameEn": "",
        "aliases": [],
        "pinyin": [],
        "location": "",
        "hours": null,
        "phone": null,
        "accessible": true,
        "tags": []
      }
    },
    {
      "type": "Feature",
      "id": "fac-l3f-0183",
      "geometry": {
        "type": "Point",
        "coordinates": [
          -90.99,
          205.34
        ]
      },
      "properties": {
        "level": "L3F",
        "zone": "landside",
        "verified": false,
        "category": "entrance_exit",
        "name": "9号门",
        "nameEn": "",
        "aliases": [],
        "pinyin": [],
        "location": "",
        "hours": null,
        "phone": null,
        "accessible": true,
        "tags": []
      }
    },
    {
      "type": "Feature",
      "id": "fac-l3f-0184",
      "geometry": {
        "type": "Point",
        "coordinates": [
          37.88,
          220.82
        ]
      },
      "properties": {
        "level": "L3F",
        "zone": "landside",
        "verified": false,
        "category": "entrance_exit",
        "name": "10号门",
        "nameEn": "",
        "aliases": [],
        "pinyin": [],
        "location": "",
        "hours": null,
        "phone": null,
        "accessible": true,
        "tags": []
      }
    },
    {
      "type": "Feature",
      "id": "fac-l3f-0185",
      "geometry": {
        "type": "Point",
        "coordinates": [
          92.27,
          237.93
        ]
      },
      "properties": {
        "level": "L3F",
        "zone": "landside",
        "verified": false,
        "category": "entrance_exit",
        "name": "11号门",
        "nameEn": "",
        "aliases": [],
        "pinyin": [],
        "location": "",
        "hours": null,
        "phone": null,
        "accessible": true,
        "tags": []
      }
    },
    {
      "type": "Feature",
      "id": "fac-l3f-0186",
      "geometry": {
        "type": "Point",
        "coordinates": [
          150.21,
          256.91
        ]
      },
      "properties": {
        "level": "L3F",
        "zone": "landside",
        "verified": false,
        "category": "entrance_exit",
        "name": "12号门",
        "nameEn": "",
        "aliases": [],
        "pinyin": [],
        "location": "",
        "hours": null,
        "phone": null,
        "accessible": true,
        "tags": []
      }
    },
    {
      "type": "Feature",
      "id": "fac-l3f-0187",
      "geometry": {
        "type": "Point",
        "coordinates": [
          -204.96,
          213.59
        ]
      },
      "properties": {
        "level": "L3F",
        "zone": "landside",
        "verified": false,
        "category": "entrance_exit",
        "name": "7号门",
        "nameEn": "",
        "aliases": [],
        "pinyin": [],
        "location": "",
        "hours": null,
        "phone": null,
        "accessible": true,
        "tags": []
      }
    },
    {
      "type": "Feature",
      "id": "fac-l3f-0188",
      "geometry": {
        "type": "Polygon",
        "coordinates": [
          [
            [
              -160.69,
              -59.66
            ],
            [
              -195.45,
              -103.66
            ],
            [
              -195.82,
              -110.68
            ],
            [
              -193.6,
              -113.27
            ],
            [
              -182.75,
              -116.23
            ],
            [
              -175.85,
              -115.12
            ],
            [
              -170.3,
              -112.04
            ],
            [
              -139.74,
              -88.99
            ],
            [
              -133.58,
              -82.46
            ],
            [
              -131.36,
              -76.42
            ],
            [
              -130.37,
              -69.15
            ],
            [
              -133.82,
              -53.62
            ],
            [
              -148.49,
              -52.14
            ],
            [
              -157.98,
              -62.12
            ],
            [
              -160.69,
              -59.66
            ]
          ]
        ]
      },
      "properties": {
        "level": "L3F",
        "zone": "airside_domestic",
        "verified": false,
        "category": "lounge",
        "name": "CHUM嘉宾休息室",
        "nameEn": "",
        "aliases": [],
        "pinyin": [],
        "location": "",
        "hours": null,
        "phone": null,
        "accessible": true,
        "tags": [],
        "public": true,
        "through": false
      }
    },
    {
      "type": "Feature",
      "id": "fac-l3f-0189",
      "geometry": {
        "type": "Point",
        "coordinates": [
          -154.55,
          -54.58
        ]
      },
      "properties": {
        "level": "L3F",
        "zone": "landside",
        "verified": false,
        "category": "escalator",
        "name": "扶梯 12",
        "nameEn": "扶梯 12",
        "aliases": [],
        "pinyin": [],
        "location": "",
        "hours": null,
        "phone": null,
        "accessible": true,
        "tags": [],
        "verticalGroup": "vg-escalator-12",
        "verticalLevels": [
          "L3F",
          "L2F"
        ]
      }
    },
    {
      "type": "Feature",
      "id": "fac-l3f-0190",
      "geometry": {
        "type": "Point",
        "coordinates": [
          -154.55,
          -54.58
        ]
      },
      "properties": {
        "level": "L2F",
        "zone": "landside",
        "verified": false,
        "category": "escalator",
        "name": "扶梯 12",
        "nameEn": "扶梯 12",
        "aliases": [],
        "pinyin": [],
        "location": "",
        "hours": null,
        "phone": null,
        "accessible": true,
        "tags": [],
        "verticalGroup": "vg-escalator-12",
        "verticalLevels": [
          "L3F",
          "L2F"
        ]
      }
    },
    {
      "type": "Feature",
      "id": "fac-l3f-0191",
      "geometry": {
        "type": "Polygon",
        "coordinates": [
          [
            [
              172.98,
              -24.54
            ],
            [
              169.03,
              -20.94
            ],
            [
              164.91,
              -24.28
            ],
            [
              153.07,
              -15.5
            ],
            [
              147.54,
              -14.28
            ],
            [
              144.73,
              -15.94
            ],
            [
              142.98,
              -19.19
            ],
            [
              141.4,
              -27.26
            ],
            [
              142.37,
              -36.91
            ],
            [
              145.35,
              -46.03
            ],
            [
              147.89,
              -50.15
            ],
            [
              150.7,
              -52.43
            ],
            [
              179.82,
              -65.07
            ],
            [
              184.91,
              -65.77
            ],
            [
              190,
              -65.33
            ],
            [
              192.89,
              -64.19
            ],
            [
              203.33,
              -56.38
            ],
            [
              204.3,
              -54.36
            ],
            [
              204.74,
              -51.91
            ],
            [
              204.74,
              -49.63
            ],
            [
              203.86,
              -47.87
            ],
            [
              172.98,
              -24.54
            ]
          ]
        ]
      },
      "properties": {
        "level": "L3F",
        "zone": "airside_domestic",
        "verified": false,
        "category": "lounge",
        "name": "BCS嘉宾休息室",
        "nameEn": "",
        "aliases": [],
        "pinyin": [],
        "location": "",
        "hours": null,
        "phone": null,
        "accessible": true,
        "tags": [],
        "public": true,
        "through": false
      }
    },
    {
      "type": "Feature",
      "id": "fac-l3f-0192",
      "geometry": {
        "type": "Point",
        "coordinates": [
          161.66,
          -17.52
        ]
      },
      "properties": {
        "level": "L3F",
        "zone": "landside",
        "verified": false,
        "category": "escalator",
        "name": "扶梯 13",
        "nameEn": "扶梯 13",
        "aliases": [],
        "pinyin": [],
        "location": "",
        "hours": null,
        "phone": null,
        "accessible": true,
        "tags": [],
        "verticalGroup": "vg-escalator-13",
        "verticalLevels": [
          "L3F",
          "L2F"
        ]
      }
    },
    {
      "type": "Feature",
      "id": "fac-l3f-0193",
      "geometry": {
        "type": "Point",
        "coordinates": [
          161.66,
          -17.52
        ]
      },
      "properties": {
        "level": "L2F",
        "zone": "landside",
        "verified": false,
        "category": "escalator",
        "name": "扶梯 13",
        "nameEn": "扶梯 13",
        "aliases": [],
        "pinyin": [],
        "location": "",
        "hours": null,
        "phone": null,
        "accessible": true,
        "tags": [],
        "verticalGroup": "vg-escalator-13",
        "verticalLevels": [
          "L3F",
          "L2F"
        ]
      }
    },
    {
      "type": "Feature",
      "id": "fac-l3f-0194",
      "geometry": {
        "type": "Point",
        "coordinates": [
          -73.26,
          37.36
        ]
      },
      "properties": {
        "level": "L3F",
        "zone": "landside",
        "verified": false,
        "category": "escalator",
        "name": "扶梯 14",
        "nameEn": "扶梯 14",
        "aliases": [],
        "pinyin": [],
        "location": "",
        "hours": null,
        "phone": null,
        "accessible": true,
        "tags": [],
        "verticalGroup": "vg-escalator-14",
        "verticalLevels": [
          "L3F",
          "L2F"
        ]
      }
    },
    {
      "type": "Feature",
      "id": "fac-l3f-0195",
      "geometry": {
        "type": "Point",
        "coordinates": [
          -73.26,
          37.36
        ]
      },
      "properties": {
        "level": "L2F",
        "zone": "landside",
        "verified": false,
        "category": "escalator",
        "name": "扶梯 14",
        "nameEn": "扶梯 14",
        "aliases": [],
        "pinyin": [],
        "location": "",
        "hours": null,
        "phone": null,
        "accessible": true,
        "tags": [],
        "verticalGroup": "vg-escalator-14",
        "verticalLevels": [
          "L3F",
          "L2F"
        ]
      }
    },
    {
      "type": "Feature",
      "id": "fac-l3f-0196",
      "geometry": {
        "type": "Point",
        "coordinates": [
          59.89,
          54.2
        ]
      },
      "properties": {
        "level": "L3F",
        "zone": "landside",
        "verified": false,
        "category": "escalator",
        "name": "扶梯 15",
        "nameEn": "扶梯 15",
        "aliases": [],
        "pinyin": [],
        "location": "",
        "hours": null,
        "phone": null,
        "accessible": true,
        "tags": [],
        "verticalGroup": "vg-escalator-15",
        "verticalLevels": [
          "L3F",
          "L2F"
        ]
      }
    },
    {
      "type": "Feature",
      "id": "fac-l3f-0197",
      "geometry": {
        "type": "Point",
        "coordinates": [
          59.89,
          54.2
        ]
      },
      "properties": {
        "level": "L2F",
        "zone": "landside",
        "verified": false,
        "category": "escalator",
        "name": "扶梯 15",
        "nameEn": "扶梯 15",
        "aliases": [],
        "pinyin": [],
        "location": "",
        "hours": null,
        "phone": null,
        "accessible": true,
        "tags": [],
        "verticalGroup": "vg-escalator-15",
        "verticalLevels": [
          "L3F",
          "L2F"
        ]
      }
    },
    {
      "type": "Feature",
      "id": "fac-l3f-0198",
      "geometry": {
        "type": "Point",
        "coordinates": [
          -56.03,
          42.22
        ]
      },
      "properties": {
        "level": "L3F",
        "zone": "landside",
        "verified": false,
        "category": "escalator",
        "name": "扶梯 16",
        "nameEn": "扶梯 16",
        "aliases": [],
        "pinyin": [],
        "location": "",
        "hours": null,
        "phone": null,
        "accessible": true,
        "tags": [],
        "verticalGroup": "vg-escalator-16",
        "verticalLevels": [
          "L3F",
          "L2F"
        ]
      }
    },
    {
      "type": "Feature",
      "id": "fac-l3f-0199",
      "geometry": {
        "type": "Point",
        "coordinates": [
          -56.03,
          42.22
        ]
      },
      "properties": {
        "level": "L2F",
        "zone": "landside",
        "verified": false,
        "category": "escalator",
        "name": "扶梯 16",
        "nameEn": "扶梯 16",
        "aliases": [],
        "pinyin": [],
        "location": "",
        "hours": null,
        "phone": null,
        "accessible": true,
        "tags": [],
        "verticalGroup": "vg-escalator-16",
        "verticalLevels": [
          "L3F",
          "L2F"
        ]
      }
    },
    {
      "type": "Feature",
      "id": "fac-l3f-0200",
      "geometry": {
        "type": "Point",
        "coordinates": [
          42.66,
          54.2
        ]
      },
      "properties": {
        "level": "L3F",
        "zone": "landside",
        "verified": false,
        "category": "escalator",
        "name": "扶梯 17",
        "nameEn": "扶梯 17",
        "aliases": [],
        "pinyin": [],
        "location": "",
        "hours": null,
        "phone": null,
        "accessible": true,
        "tags": [],
        "verticalGroup": "vg-escalator-17",
        "verticalLevels": [
          "L3F",
          "L2F"
        ]
      }
    },
    {
      "type": "Feature",
      "id": "fac-l3f-0201",
      "geometry": {
        "type": "Point",
        "coordinates": [
          42.66,
          54.2
        ]
      },
      "properties": {
        "level": "L2F",
        "zone": "landside",
        "verified": false,
        "category": "escalator",
        "name": "扶梯 17",
        "nameEn": "扶梯 17",
        "aliases": [],
        "pinyin": [],
        "location": "",
        "hours": null,
        "phone": null,
        "accessible": true,
        "tags": [],
        "verticalGroup": "vg-escalator-17",
        "verticalLevels": [
          "L3F",
          "L2F"
        ]
      }
    },
    {
      "type": "Feature",
      "id": "fac-l3f-0202",
      "geometry": {
        "type": "Polygon",
        "coordinates": [
          [
            [
              112.18,
              120.09
            ],
            [
              116.78,
              114.04
            ],
            [
              120.48,
              116.7
            ],
            [
              115.54,
              122.69
            ],
            [
              112.18,
              120.09
            ]
          ]
        ]
      },
      "properties": {
        "level": "L3F",
        "zone": "landside",
        "verified": false,
        "category": "baggage_drop",
        "name": "超规行李托运",
        "nameEn": "",
        "aliases": [],
        "pinyin": [],
        "location": "",
        "hours": null,
        "phone": null,
        "accessible": true,
        "tags": [],
        "public": true,
        "through": false
      }
    },
    {
      "type": "Feature",
      "id": "fac-l3f-0203",
      "geometry": {
        "type": "Point",
        "coordinates": [
          119.35,
          122.68
        ]
      },
      "properties": {
        "level": "L4F",
        "zone": "landside",
        "verified": false,
        "category": "elevator",
        "name": "电梯 22",
        "nameEn": "电梯 22",
        "aliases": [],
        "pinyin": [],
        "location": "",
        "hours": null,
        "phone": null,
        "accessible": true,
        "tags": [],
        "verticalGroup": "vg-elevator-22",
        "verticalLevels": [
          "L4F",
          "L3F"
        ]
      }
    },
    {
      "type": "Feature",
      "id": "fac-l3f-0204",
      "geometry": {
        "type": "Point",
        "coordinates": [
          119.35,
          122.68
        ]
      },
      "properties": {
        "level": "L3F",
        "zone": "landside",
        "verified": false,
        "category": "elevator",
        "name": "电梯 22",
        "nameEn": "电梯 22",
        "aliases": [],
        "pinyin": [],
        "location": "",
        "hours": null,
        "phone": null,
        "accessible": true,
        "tags": [],
        "verticalGroup": "vg-elevator-22",
        "verticalLevels": [
          "L4F",
          "L3F"
        ]
      }
    },
    {
      "type": "Feature",
      "id": "fac-l3f-0205",
      "geometry": {
        "type": "Point",
        "coordinates": [
          111.14,
          105.84
        ]
      },
      "properties": {
        "level": "L4F",
        "zone": "landside",
        "verified": false,
        "category": "elevator",
        "name": "电梯 23",
        "nameEn": "电梯 23",
        "aliases": [],
        "pinyin": [],
        "location": "",
        "hours": null,
        "phone": null,
        "accessible": true,
        "tags": [],
        "verticalGroup": "vg-elevator-23",
        "verticalLevels": [
          "L4F",
          "L3F"
        ]
      }
    },
    {
      "type": "Feature",
      "id": "fac-l3f-0206",
      "geometry": {
        "type": "Point",
        "coordinates": [
          111.14,
          105.84
        ]
      },
      "properties": {
        "level": "L3F",
        "zone": "landside",
        "verified": false,
        "category": "elevator",
        "name": "电梯 23",
        "nameEn": "电梯 23",
        "aliases": [],
        "pinyin": [],
        "location": "",
        "hours": null,
        "phone": null,
        "accessible": true,
        "tags": [],
        "verticalGroup": "vg-elevator-23",
        "verticalLevels": [
          "L4F",
          "L3F"
        ]
      }
    },
    {
      "type": "Feature",
      "id": "fac-l3f-0207",
      "geometry": {
        "type": "Polygon",
        "coordinates": [
          [
            [
              123.87,
              112.87
            ],
            [
              118.85,
              108.99
            ],
            [
              120.34,
              107.1
            ],
            [
              125.41,
              110.88
            ],
            [
              123.87,
              112.87
            ]
          ]
        ]
      },
      "properties": {
        "level": "L3F",
        "zone": "landside",
        "verified": false,
        "category": "service_desk",
        "name": "服务台",
        "nameEn": "",
        "aliases": [],
        "pinyin": [],
        "location": "",
        "hours": null,
        "phone": null,
        "accessible": true,
        "tags": [],
        "public": true,
        "through": false
      }
    },
    {
      "type": "Feature",
      "id": "fac-l3f-0208",
      "geometry": {
        "type": "Polygon",
        "coordinates": [
          [
            [
              121.92,
              115.68
            ],
            [
              123.87,
              112.87
            ],
            [
              130.38,
              118.16
            ],
            [
              128.49,
              120.64
            ],
            [
              121.92,
              115.68
            ]
          ]
        ]
      },
      "properties": {
        "level": "L3F",
        "zone": "landside",
        "verified": false,
        "category": "commerce",
        "name": "顺丰速运",
        "nameEn": "",
        "aliases": [],
        "pinyin": [],
        "location": "",
        "hours": null,
        "phone": null,
        "accessible": true,
        "tags": [],
        "public": true,
        "through": false,
        "fields": {
          "kind": "快递"
        }
      }
    },
    {
      "type": "Feature",
      "id": "fac-l3f-0209",
      "geometry": {
        "type": "Point",
        "coordinates": [
          -20.56,
          -94.44
        ]
      },
      "properties": {
        "level": "L4F",
        "zone": "airside_intl",
        "verified": false,
        "category": "escalator",
        "name": "扶梯 18",
        "nameEn": "扶梯 18",
        "aliases": [],
        "pinyin": [],
        "location": "",
        "hours": null,
        "phone": null,
        "accessible": true,
        "tags": [],
        "verticalGroup": "vg-escalator-18",
        "verticalLevels": [
          "L4F",
          "L3F"
        ]
      }
    },
    {
      "type": "Feature",
      "id": "fac-l3f-0210",
      "geometry": {
        "type": "Point",
        "coordinates": [
          -20.56,
          -94.44
        ]
      },
      "properties": {
        "level": "L3F",
        "zone": "airside_intl",
        "verified": false,
        "category": "escalator",
        "name": "扶梯 18",
        "nameEn": "扶梯 18",
        "aliases": [],
        "pinyin": [],
        "location": "",
        "hours": null,
        "phone": null,
        "accessible": true,
        "tags": [],
        "verticalGroup": "vg-escalator-18",
        "verticalLevels": [
          "L4F",
          "L3F"
        ]
      }
    },
    {
      "type": "Feature",
      "id": "fac-l3f-0211",
      "geometry": {
        "type": "Point",
        "coordinates": [
          40.77,
          -86.88
        ]
      },
      "properties": {
        "level": "L4F",
        "zone": "airside_intl",
        "verified": false,
        "category": "escalator",
        "name": "扶梯 19",
        "nameEn": "扶梯 19",
        "aliases": [],
        "pinyin": [],
        "location": "",
        "hours": null,
        "phone": null,
        "accessible": true,
        "tags": [],
        "verticalGroup": "vg-escalator-19",
        "verticalLevels": [
          "L4F",
          "L3F"
        ]
      }
    },
    {
      "type": "Feature",
      "id": "fac-l3f-0212",
      "geometry": {
        "type": "Point",
        "coordinates": [
          40.77,
          -86.88
        ]
      },
      "properties": {
        "level": "L3F",
        "zone": "airside_intl",
        "verified": false,
        "category": "escalator",
        "name": "扶梯 19",
        "nameEn": "扶梯 19",
        "aliases": [],
        "pinyin": [],
        "location": "",
        "hours": null,
        "phone": null,
        "accessible": true,
        "tags": [],
        "verticalGroup": "vg-escalator-19",
        "verticalLevels": [
          "L4F",
          "L3F"
        ]
      }
    },
    {
      "type": "Feature",
      "id": "fac-l3f-0213",
      "geometry": {
        "type": "Point",
        "coordinates": [
          -19.88,
          -85.94
        ]
      },
      "properties": {
        "level": "L4F",
        "zone": "airside_intl",
        "verified": false,
        "category": "elevator",
        "name": "电梯 24",
        "nameEn": "电梯 24",
        "aliases": [],
        "pinyin": [],
        "location": "",
        "hours": null,
        "phone": null,
        "accessible": true,
        "tags": [],
        "verticalGroup": "vg-elevator-24",
        "verticalLevels": [
          "L4F",
          "L3F"
        ]
      }
    },
    {
      "type": "Feature",
      "id": "fac-l3f-0214",
      "geometry": {
        "type": "Point",
        "coordinates": [
          -19.88,
          -85.94
        ]
      },
      "properties": {
        "level": "L3F",
        "zone": "airside_intl",
        "verified": false,
        "category": "elevator",
        "name": "电梯 24",
        "nameEn": "电梯 24",
        "aliases": [],
        "pinyin": [],
        "location": "",
        "hours": null,
        "phone": null,
        "accessible": true,
        "tags": [],
        "verticalGroup": "vg-elevator-24",
        "verticalLevels": [
          "L4F",
          "L3F"
        ]
      }
    },
    {
      "type": "Feature",
      "id": "fac-l3f-0215",
      "geometry": {
        "type": "Point",
        "coordinates": [
          37.74,
          -78.88
        ]
      },
      "properties": {
        "level": "L4F",
        "zone": "airside_intl",
        "verified": false,
        "category": "elevator",
        "name": "电梯 25",
        "nameEn": "电梯 25",
        "aliases": [],
        "pinyin": [],
        "location": "",
        "hours": null,
        "phone": null,
        "accessible": true,
        "tags": [],
        "verticalGroup": "vg-elevator-25",
        "verticalLevels": [
          "L4F",
          "L3F"
        ]
      }
    },
    {
      "type": "Feature",
      "id": "fac-l3f-0216",
      "geometry": {
        "type": "Point",
        "coordinates": [
          37.74,
          -78.88
        ]
      },
      "properties": {
        "level": "L3F",
        "zone": "airside_intl",
        "verified": false,
        "category": "elevator",
        "name": "电梯 25",
        "nameEn": "电梯 25",
        "aliases": [],
        "pinyin": [],
        "location": "",
        "hours": null,
        "phone": null,
        "accessible": true,
        "tags": [],
        "verticalGroup": "vg-elevator-25",
        "verticalLevels": [
          "L4F",
          "L3F"
        ]
      }
    },
    {
      "type": "Feature",
      "id": "fac-l3f-0217",
      "geometry": {
        "type": "Polygon",
        "coordinates": [
          [
            [
              -1.41,
              -91.79
            ],
            [
              -2.01,
              -95.27
            ],
            [
              2.77,
              -94.95
            ],
            [
              2.32,
              -91.6
            ],
            [
              -1.41,
              -91.79
            ]
          ]
        ]
      },
      "properties": {
        "level": "L3F",
        "zone": "airside_intl",
        "verified": false,
        "category": "service_desk",
        "name": "离境退税",
        "nameEn": "",
        "aliases": [],
        "pinyin": [],
        "location": "",
        "hours": null,
        "phone": null,
        "accessible": true,
        "tags": [],
        "public": true,
        "through": false
      }
    },
    {
      "type": "Feature",
      "id": "fac-l3f-0218",
      "geometry": {
        "type": "Polygon",
        "coordinates": [
          [
            [
              18.42,
              -89.7
            ],
            [
              18.8,
              -92.71
            ],
            [
              22.88,
              -92.23
            ],
            [
              21.43,
              -89.04
            ],
            [
              18.42,
              -89.7
            ]
          ]
        ]
      },
      "properties": {
        "level": "L3F",
        "zone": "airside_intl",
        "verified": false,
        "category": "service_desk",
        "name": "离境退税",
        "nameEn": "",
        "aliases": [],
        "pinyin": [],
        "location": "",
        "hours": null,
        "phone": null,
        "accessible": true,
        "tags": [],
        "public": true,
        "through": false
      }
    },
    {
      "type": "Feature",
      "id": "fac-l3f-0219",
      "geometry": {
        "type": "Polygon",
        "coordinates": [
          [
            [
              -1.97,
              -99.72
            ],
            [
              23.84,
              -96.37
            ],
            [
              34.21,
              -118.9
            ],
            [
              35.94,
              -124.03
            ],
            [
              36.16,
              -129.71
            ],
            [
              34.88,
              -135.73
            ],
            [
              29.92,
              -142.03
            ],
            [
              23.28,
              -147.61
            ],
            [
              16.54,
              -148.95
            ],
            [
              9.68,
              -148.56
            ],
            [
              3.66,
              -145.82
            ],
            [
              -1.36,
              -141.64
            ],
            [
              -4.31,
              -137.24
            ],
            [
              -6.77,
              -131.38
            ],
            [
              -6.99,
              -125.2
            ],
            [
              -1.97,
              -99.72
            ]
          ]
        ]
      },
      "properties": {
        "level": "L3F",
        "zone": "airside_intl",
        "verified": false,
        "category": "commerce",
        "name": "免税店",
        "nameEn": "",
        "aliases": [],
        "pinyin": [],
        "location": "",
        "hours": null,
        "phone": null,
        "accessible": true,
        "tags": [],
        "public": true,
        "through": false,
        "fields": {
          "kind": "免税店"
        }
      }
    },
    {
      "type": "Feature",
      "id": "fac-l3f-0220",
      "geometry": {
        "type": "Polygon",
        "coordinates": [
          [
            [
              -42.58,
              -88.17
            ],
            [
              -45.72,
              -89.61
            ],
            [
              -48.06,
              -92.05
            ],
            [
              -51.49,
              -96.58
            ],
            [
              -53.78,
              -102.2
            ],
            [
              -54.93,
              -106.88
            ],
            [
              -53.73,
              -111.01
            ],
            [
              -51.94,
              -113.95
            ],
            [
              -49.05,
              -114.94
            ],
            [
              -43.98,
              -114.05
            ],
            [
              -41.59,
              -111.26
            ],
            [
              -39.3,
              -107.78
            ],
            [
              -37.7,
              -103.99
            ],
            [
              -36.66,
              -99.86
            ],
            [
              -36.21,
              -95.43
            ],
            [
              -37.16,
              -91.35
            ],
            [
              -39.3,
              -88.61
            ],
            [
              -42.58,
              -88.17
            ]
          ]
        ]
      },
      "properties": {
        "level": "L3F",
        "zone": "airside_intl",
        "verified": false,
        "category": "landscape",
        "name": "景观",
        "nameEn": "",
        "aliases": [
          "starbucks"
        ],
        "pinyin": [],
        "location": "",
        "hours": null,
        "phone": null,
        "accessible": true,
        "tags": [],
        "public": true,
        "through": false,
        "fields": {}
      }
    },
    {
      "type": "Feature",
      "id": "fac-l3f-0221",
      "geometry": {
        "type": "Polygon",
        "coordinates": [
          [
            [
              60.06,
              -75.28
            ],
            [
              58.12,
              -75.73
            ],
            [
              56.45,
              -77.32
            ],
            [
              55.65,
              -79.66
            ],
            [
              55.72,
              -81.83
            ],
            [
              56.63,
              -86.32
            ],
            [
              58.07,
              -90.03
            ],
            [
              60.16,
              -93.53
            ],
            [
              62.76,
              -96.41
            ],
            [
              65.71,
              -98.88
            ],
            [
              69.27,
              -100.42
            ],
            [
              73.58,
              -99.56
            ],
            [
              74.99,
              -98.5
            ],
            [
              76.28,
              -95.8
            ],
            [
              76.68,
              -92.35
            ],
            [
              76.55,
              -90.21
            ],
            [
              75.37,
              -87.58
            ],
            [
              72.75,
              -83.93
            ],
            [
              70.27,
              -80.85
            ],
            [
              67.78,
              -78.68
            ],
            [
              64.57,
              -76.66
            ],
            [
              62.38,
              -75.48
            ],
            [
              60.06,
              -75.28
            ]
          ]
        ]
      },
      "properties": {
        "level": "L3F",
        "zone": "airside_intl",
        "verified": false,
        "category": "landscape",
        "name": "景观",
        "nameEn": "",
        "aliases": [],
        "pinyin": [],
        "location": "",
        "hours": null,
        "phone": null,
        "accessible": true,
        "tags": [],
        "public": true,
        "through": false
      }
    },
    {
      "type": "Feature",
      "id": "fac-l3f-0222",
      "geometry": {
        "type": "Polygon",
        "coordinates": [
          [
            [
              43.21,
              -58.67
            ],
            [
              40.9,
              -59.35
            ],
            [
              39.48,
              -60.67
            ],
            [
              38.35,
              -63.08
            ],
            [
              37.99,
              -65.73
            ],
            [
              38.5,
              -69.91
            ],
            [
              40.19,
              -72.34
            ],
            [
              42.42,
              -73.13
            ],
            [
              45.39,
              -72.59
            ],
            [
              47.22,
              -70.36
            ],
            [
              48.27,
              -67.43
            ],
            [
              48.3,
              -65
            ],
            [
              47.62,
              -61.97
            ],
            [
              46.69,
              -60.22
            ],
            [
              45.3,
              -59.09
            ],
            [
              43.21,
              -58.67
            ]
          ]
        ]
      },
      "properties": {
        "level": "L3F",
        "zone": "airside_intl",
        "verified": false,
        "category": "commerce",
        "name": "喏町咖啡",
        "nameEn": "",
        "aliases": [],
        "pinyin": [],
        "location": "",
        "hours": null,
        "phone": null,
        "accessible": true,
        "tags": [],
        "public": true,
        "through": false,
        "fields": {
          "kind": "咖啡"
        }
      }
    },
    {
      "type": "Feature",
      "id": "fac-l3f-0223",
      "geometry": {
        "type": "Polygon",
        "coordinates": [
          [
            [
              7.03,
              -65.62
            ],
            [
              7.93,
              -73.67
            ],
            [
              15.67,
              -72.79
            ],
            [
              21.29,
              -72.71
            ],
            [
              26.92,
              -72.85
            ],
            [
              30.02,
              -73.47
            ],
            [
              32.56,
              -72.37
            ],
            [
              33.27,
              -63.67
            ],
            [
              32.68,
              -61.97
            ],
            [
              30.9,
              -61.1
            ],
            [
              29.37,
              -61.01
            ],
            [
              10.48,
              -65.45
            ],
            [
              7.03,
              -65.62
            ]
          ]
        ]
      },
      "properties": {
        "level": "L3F",
        "zone": "airside_intl",
        "verified": false,
        "category": "commerce",
        "name": "新紮师兄",
        "nameEn": "",
        "aliases": [],
        "pinyin": [],
        "location": "",
        "hours": null,
        "phone": null,
        "accessible": true,
        "tags": [],
        "public": true,
        "through": false,
        "fields": {
          "kind": "餐饮"
        }
      }
    },
    {
      "type": "Feature",
      "id": "fac-l3f-0224",
      "geometry": {
        "type": "Polygon",
        "coordinates": [
          [
            [
              7.03,
              -65.62
            ],
            [
              1.16,
              -66.75
            ],
            [
              -7.29,
              -67.43
            ],
            [
              -16.04,
              -67.68
            ],
            [
              -17.57,
              -69.18
            ],
            [
              -16.72,
              -71.97
            ],
            [
              -14.97,
              -76.35
            ],
            [
              -13.62,
              -77.65
            ],
            [
              -12.12,
              -78.19
            ],
            [
              -9.38,
              -77.37
            ],
            [
              7.93,
              -73.67
            ],
            [
              7.03,
              -65.62
            ]
          ]
        ]
      },
      "properties": {
        "level": "L3F",
        "zone": "airside_intl",
        "verified": false,
        "category": "commerce",
        "name": "",
        "nameEn": "",
        "aliases": [],
        "pinyin": [],
        "location": "",
        "hours": null,
        "phone": null,
        "accessible": true,
        "tags": [],
        "public": true,
        "through": false,
        "fields": {
          "kind": "未知"
        }
      }
    },
    {
      "type": "Feature",
      "id": "fac-l3f-0225",
      "geometry": {
        "type": "Polygon",
        "coordinates": [
          [
            [
              6.51,
              -54.41
            ],
            [
              6.85,
              -57.85
            ],
            [
              24.3,
              -55.6
            ],
            [
              23.66,
              -51.07
            ],
            [
              6.51,
              -54.41
            ]
          ]
        ]
      },
      "properties": {
        "level": "L3F",
        "zone": "airside_intl",
        "verified": false,
        "category": "commerce",
        "name": "新紥师兄",
        "nameEn": "",
        "aliases": [],
        "pinyin": [],
        "location": "",
        "hours": null,
        "phone": null,
        "accessible": true,
        "tags": [],
        "public": true,
        "through": false,
        "fields": {
          "kind": "餐饮"
        }
      }
    },
    {
      "type": "Feature",
      "id": "fac-l3f-0226",
      "geometry": {
        "type": "Polygon",
        "coordinates": [
          [
            [
              6.51,
              -54.41
            ],
            [
              -12.59,
              -55.6
            ],
            [
              -12.11,
              -59.98
            ],
            [
              6.85,
              -57.85
            ],
            [
              6.51,
              -54.41
            ]
          ]
        ]
      },
      "properties": {
        "level": "L3F",
        "zone": "airside_intl",
        "verified": false,
        "category": "commerce",
        "name": "汉堡王 / 华祥苑",
        "nameEn": "",
        "aliases": [],
        "pinyin": [],
        "location": "",
        "hours": null,
        "phone": null,
        "accessible": true,
        "tags": [],
        "public": true,
        "through": false,
        "fields": {
          "kind": "餐饮"
        }
      }
    },
    {
      "type": "Feature",
      "id": "fac-l3f-0227",
      "geometry": {
        "type": "Point",
        "coordinates": [
          -29.61,
          -53.22
        ]
      },
      "properties": {
        "level": "L4F",
        "zone": "airside_intl",
        "verified": false,
        "category": "escalator",
        "name": "扶梯 20",
        "nameEn": "扶梯 20",
        "aliases": [],
        "pinyin": [],
        "location": "",
        "hours": null,
        "phone": null,
        "accessible": true,
        "tags": [],
        "verticalGroup": "vg-escalator-20",
        "verticalLevels": [
          "L4F",
          "L3F"
        ]
      }
    },
    {
      "type": "Feature",
      "id": "fac-l3f-0228",
      "geometry": {
        "type": "Point",
        "coordinates": [
          -29.61,
          -53.22
        ]
      },
      "properties": {
        "level": "L3F",
        "zone": "airside_intl",
        "verified": false,
        "category": "escalator",
        "name": "扶梯 20",
        "nameEn": "扶梯 20",
        "aliases": [],
        "pinyin": [],
        "location": "",
        "hours": null,
        "phone": null,
        "accessible": true,
        "tags": [],
        "verticalGroup": "vg-escalator-20",
        "verticalLevels": [
          "L4F",
          "L3F"
        ]
      }
    },
    {
      "type": "Feature",
      "id": "fac-l3f-0229",
      "geometry": {
        "type": "Point",
        "coordinates": [
          36.02,
          -45.16
        ]
      },
      "properties": {
        "level": "L4F",
        "zone": "airside_intl",
        "verified": false,
        "category": "escalator",
        "name": "扶梯 21",
        "nameEn": "扶梯 21",
        "aliases": [],
        "pinyin": [],
        "location": "",
        "hours": null,
        "phone": null,
        "accessible": true,
        "tags": [],
        "verticalGroup": "vg-escalator-21",
        "verticalLevels": [
          "L4F",
          "L3F"
        ]
      }
    },
    {
      "type": "Feature",
      "id": "fac-l3f-0230",
      "geometry": {
        "type": "Point",
        "coordinates": [
          36.02,
          -45.16
        ]
      },
      "properties": {
        "level": "L3F",
        "zone": "airside_intl",
        "verified": false,
        "category": "escalator",
        "name": "扶梯 21",
        "nameEn": "扶梯 21",
        "aliases": [],
        "pinyin": [],
        "location": "",
        "hours": null,
        "phone": null,
        "accessible": true,
        "tags": [],
        "verticalGroup": "vg-escalator-21",
        "verticalLevels": [
          "L4F",
          "L3F"
        ]
      }
    },
    {
      "type": "Feature",
      "id": "fac-l3f-0231",
      "geometry": {
        "type": "Point",
        "coordinates": [
          38.43,
          -45.42
        ]
      },
      "properties": {
        "level": "L4F",
        "zone": "airside_intl",
        "verified": false,
        "category": "elevator",
        "name": "电梯 26",
        "nameEn": "电梯 26",
        "aliases": [],
        "pinyin": [],
        "location": "",
        "hours": null,
        "phone": null,
        "accessible": true,
        "tags": [],
        "verticalGroup": "vg-elevator-26",
        "verticalLevels": [
          "L4F",
          "L3F"
        ]
      }
    },
    {
      "type": "Feature",
      "id": "fac-l3f-0232",
      "geometry": {
        "type": "Point",
        "coordinates": [
          38.43,
          -45.42
        ]
      },
      "properties": {
        "level": "L3F",
        "zone": "airside_intl",
        "verified": false,
        "category": "elevator",
        "name": "电梯 26",
        "nameEn": "电梯 26",
        "aliases": [],
        "pinyin": [],
        "location": "",
        "hours": null,
        "phone": null,
        "accessible": true,
        "tags": [],
        "verticalGroup": "vg-elevator-26",
        "verticalLevels": [
          "L4F",
          "L3F"
        ]
      }
    },
    {
      "type": "Feature",
      "id": "fac-l3f-0233",
      "geometry": {
        "type": "Point",
        "coordinates": [
          -27.08,
          -53.51
        ]
      },
      "properties": {
        "level": "L4F",
        "zone": "airside_intl",
        "verified": false,
        "category": "elevator",
        "name": "电梯 27",
        "nameEn": "电梯 27",
        "aliases": [],
        "pinyin": [],
        "location": "",
        "hours": null,
        "phone": null,
        "accessible": true,
        "tags": [],
        "verticalGroup": "vg-elevator-27",
        "verticalLevels": [
          "L4F",
          "L3F"
        ]
      }
    },
    {
      "type": "Feature",
      "id": "fac-l3f-0234",
      "geometry": {
        "type": "Point",
        "coordinates": [
          -27.08,
          -53.51
        ]
      },
      "properties": {
        "level": "L3F",
        "zone": "airside_intl",
        "verified": false,
        "category": "elevator",
        "name": "电梯 27",
        "nameEn": "电梯 27",
        "aliases": [],
        "pinyin": [],
        "location": "",
        "hours": null,
        "phone": null,
        "accessible": true,
        "tags": [],
        "verticalGroup": "vg-elevator-27",
        "verticalLevels": [
          "L4F",
          "L3F"
        ]
      }
    },
    {
      "type": "Feature",
      "id": "fac-l3f-0235",
      "geometry": {
        "type": "Polygon",
        "coordinates": [
          [
            [
              -30.28,
              -39.11
            ],
            [
              -27.59,
              -47.71
            ],
            [
              -20.06,
              -45.12
            ],
            [
              -18.92,
              -52.83
            ],
            [
              -16.68,
              -52.64
            ],
            [
              -0.76,
              -49.1
            ],
            [
              9.52,
              -47.93
            ],
            [
              25.74,
              -47.46
            ],
            [
              29.57,
              -47.08
            ],
            [
              28.28,
              -39.52
            ],
            [
              36.5,
              -39.99
            ],
            [
              36.34,
              -37.3
            ],
            [
              34.13,
              -37.14
            ],
            [
              34.35,
              -30.88
            ],
            [
              24.83,
              -30.28
            ],
            [
              8.41,
              -30.94
            ],
            [
              6.1,
              -32.24
            ],
            [
              6.64,
              -37.75
            ],
            [
              0.85,
              -38.63
            ],
            [
              0.18,
              -33.92
            ],
            [
              -0.8,
              -32.53
            ],
            [
              -2.88,
              -32.34
            ],
            [
              -14.18,
              -34.58
            ],
            [
              -24.43,
              -37.18
            ],
            [
              -30.28,
              -39.11
            ]
          ]
        ]
      },
      "properties": {
        "level": "L3F",
        "zone": "airside_intl",
        "verified": false,
        "category": "lounge",
        "name": "东海旅客休息室",
        "nameEn": "",
        "aliases": [],
        "pinyin": [],
        "location": "",
        "hours": null,
        "phone": null,
        "accessible": true,
        "tags": [],
        "public": true,
        "through": false
      }
    },
    {
      "type": "Feature",
      "id": "fac-l3f-0236",
      "geometry": {
        "type": "Polygon",
        "coordinates": [
          [
            [
              -28.88,
              -68.52
            ],
            [
              -30.69,
              -69.54
            ],
            [
              -31.5,
              -71.03
            ],
            [
              -32.21,
              -72.94
            ],
            [
              -32.14,
              -74.65
            ],
            [
              -31.29,
              -76.77
            ],
            [
              -30.12,
              -78.75
            ],
            [
              -28.14,
              -80.28
            ],
            [
              -26.08,
              -80.77
            ],
            [
              -23.78,
              -80.17
            ],
            [
              -22.86,
              -78.93
            ],
            [
              -22.04,
              -76.98
            ],
            [
              -21.93,
              -74.93
            ],
            [
              -22.29,
              -72.8
            ],
            [
              -23.56,
              -70.78
            ],
            [
              -24.98,
              -69.26
            ],
            [
              -26.79,
              -68.52
            ],
            [
              -28.88,
              -68.52
            ]
          ]
        ]
      },
      "properties": {
        "level": "L3F",
        "zone": "airside_intl",
        "verified": false,
        "category": "commerce",
        "name": "星巴克",
        "nameEn": "starbucks",
        "aliases": [],
        "pinyin": [],
        "location": "",
        "hours": null,
        "phone": null,
        "accessible": true,
        "tags": [],
        "public": true,
        "through": false
      }
    },
    {
      "type": "Feature",
      "id": "fac-l3f-0237",
      "geometry": {
        "type": "Polygon",
        "coordinates": [
          [
            [
              -49.1,
              -73.67
            ],
            [
              -48.6,
              -77.95
            ],
            [
              -39.21,
              -75.38
            ],
            [
              -39.48,
              -72.59
            ],
            [
              -49.1,
              -73.67
            ]
          ]
        ]
      },
      "properties": {
        "level": "L3F",
        "zone": "airside_intl",
        "verified": false,
        "category": "commerce",
        "name": "全家便利店",
        "nameEn": "familymart",
        "aliases": [],
        "pinyin": [],
        "location": "",
        "hours": null,
        "phone": null,
        "accessible": true,
        "tags": [],
        "public": true,
        "through": false,
        "fields": {
          "kind": "零售"
        }
      }
    },
    {
      "type": "Feature",
      "id": "fac-l3f-0238",
      "geometry": {
        "type": "Polygon",
        "coordinates": [
          [
            [
              -41.58,
              -56.78
            ],
            [
              -41.42,
              -58.07
            ],
            [
              -40.61,
              -57.91
            ],
            [
              -40.27,
              -60.02
            ],
            [
              -37.72,
              -59.72
            ],
            [
              -38.88,
              -56.32
            ],
            [
              -41.58,
              -56.78
            ]
          ]
        ]
      },
      "properties": {
        "level": "L3F",
        "zone": "airside_intl",
        "verified": false,
        "category": "restroom",
        "nameEn": "",
        "aliases": [],
        "pinyin": [],
        "location": "",
        "hours": null,
        "phone": null,
        "accessible": true,
        "tags": [],
        "public": true,
        "through": false,
        "fields": {
          "restroomType": "accessible"
        }
      }
    },
    {
      "type": "Feature",
      "id": "fac-l3f-0239",
      "geometry": {
        "type": "Polygon",
        "coordinates": [
          [
            [
              -53.16,
              -52.42
            ],
            [
              -52.59,
              -56.3
            ],
            [
              -43.99,
              -55.27
            ],
            [
              -44.61,
              -50.51
            ],
            [
              -50.84,
              -51.46
            ],
            [
              -50.76,
              -52.18
            ],
            [
              -53.16,
              -52.42
            ]
          ]
        ]
      },
      "properties": {
        "level": "L3F",
        "zone": "airside_intl",
        "verified": false,
        "category": "restroom",
        "nameEn": "",
        "aliases": [],
        "pinyin": [],
        "location": "",
        "hours": null,
        "phone": null,
        "accessible": true,
        "tags": [],
        "public": true,
        "through": false,
        "fields": {
          "restroomType": "female"
        }
      }
    },
    {
      "type": "Feature",
      "id": "fac-l3f-0240",
      "geometry": {
        "type": "Polygon",
        "coordinates": [
          [
            [
              -52.55,
              -57.02
            ],
            [
              -51.93,
              -61.95
            ],
            [
              -47.11,
              -61.43
            ],
            [
              -47.11,
              -60.9
            ],
            [
              -43.39,
              -60.46
            ],
            [
              -43.99,
              -56
            ],
            [
              -52.55,
              -57.02
            ]
          ]
        ]
      },
      "properties": {
        "level": "L3F",
        "zone": "airside_intl",
        "verified": false,
        "category": "restroom",
        "nameEn": "",
        "aliases": [],
        "pinyin": [],
        "location": "",
        "hours": null,
        "phone": null,
        "accessible": true,
        "tags": [],
        "public": true,
        "through": false,
        "fields": {
          "restroomType": "male"
        }
      }
    },
    {
      "type": "Feature",
      "id": "fac-l3f-0241",
      "geometry": {
        "type": "Point",
        "coordinates": [
          -34.54,
          -42.23
        ]
      },
      "properties": {
        "level": "L3F",
        "zone": "airside_intl",
        "verified": false,
        "category": "water",
        "name": "",
        "nameEn": "",
        "aliases": [],
        "pinyin": [],
        "location": "",
        "hours": null,
        "phone": null,
        "accessible": true,
        "tags": []
      }
    },
    {
      "type": "Feature",
      "id": "fac-l3f-0242",
      "geometry": {
        "type": "Point",
        "coordinates": [
          42.18,
          -32.87
        ]
      },
      "properties": {
        "level": "L3F",
        "zone": "airside_intl",
        "verified": false,
        "category": "water",
        "name": "",
        "nameEn": "",
        "aliases": [],
        "pinyin": [],
        "location": "",
        "hours": null,
        "phone": null,
        "accessible": true,
        "tags": []
      }
    },
    {
      "type": "Feature",
      "id": "fac-l3f-0243",
      "geometry": {
        "type": "Polygon",
        "coordinates": [
          [
            [
              -65.65,
              -59.22
            ],
            [
              -100.04,
              -84.14
            ],
            [
              -100.71,
              -86.09
            ],
            [
              -100.71,
              -87.59
            ],
            [
              -99.82,
              -89.21
            ],
            [
              -98.43,
              -90.33
            ],
            [
              -85.33,
              -96.29
            ],
            [
              -81.2,
              -96.35
            ],
            [
              -57.79,
              -81.46
            ],
            [
              -52.1,
              -78.84
            ],
            [
              -53.83,
              -65.63
            ],
            [
              -57.95,
              -68.7
            ],
            [
              -65.65,
              -59.22
            ]
          ]
        ]
      },
      "properties": {
        "level": "L3F",
        "zone": "airside_intl",
        "verified": false,
        "category": "lounge",
        "name": "南航贵服休息室",
        "nameEn": "",
        "aliases": [],
        "pinyin": [],
        "location": "",
        "hours": null,
        "phone": null,
        "accessible": true,
        "tags": [],
        "public": true,
        "through": false
      }
    },
    {
      "type": "Feature",
      "id": "fac-l3f-0244",
      "geometry": {
        "type": "Polygon",
        "coordinates": [
          [
            [
              69.97,
              -39.45
            ],
            [
              66.52,
              -46.87
            ],
            [
              68.86,
              -64.61
            ],
            [
              84.73,
              -68.9
            ],
            [
              101.24,
              -74.85
            ],
            [
              103.78,
              -74.21
            ],
            [
              116.68,
              -64.53
            ],
            [
              117.83,
              -62.94
            ],
            [
              117.75,
              -61.04
            ],
            [
              116.68,
              -59.13
            ],
            [
              115.84,
              -58.38
            ],
            [
              69.97,
              -39.45
            ]
          ]
        ]
      },
      "properties": {
        "level": "L3F",
        "zone": "airside_intl",
        "verified": false,
        "category": "lounge",
        "name": "东航P22国际贵宾室",
        "nameEn": "",
        "aliases": [],
        "pinyin": [],
        "location": "",
        "hours": null,
        "phone": null,
        "accessible": true,
        "tags": [],
        "public": true,
        "through": false
      }
    },
    {
      "type": "Feature",
      "id": "fac-l3f-0245",
      "geometry": {
        "type": "Polygon",
        "coordinates": [
          [
            [
              49.41,
              -45.63
            ],
            [
              49.21,
              -49.17
            ],
            [
              51.76,
              -48.88
            ],
            [
              51.44,
              -46.61
            ],
            [
              52.42,
              -46.51
            ],
            [
              52.16,
              -45.26
            ],
            [
              49.41,
              -45.63
            ]
          ]
        ]
      },
      "properties": {
        "level": "L3F",
        "zone": "airside_intl",
        "verified": false,
        "category": "restroom",
        "nameEn": "",
        "aliases": [],
        "pinyin": [],
        "location": "",
        "hours": null,
        "phone": null,
        "accessible": true,
        "tags": [],
        "public": true,
        "through": false,
        "fields": {
          "restroomType": "accessible"
        }
      }
    },
    {
      "type": "Feature",
      "id": "fac-l3f-0246",
      "geometry": {
        "type": "Polygon",
        "coordinates": [
          [
            [
              53.48,
              -38.74
            ],
            [
              53.96,
              -43.29
            ],
            [
              62.77,
              -42.18
            ],
            [
              62.21,
              -38.34
            ],
            [
              59.82,
              -38.66
            ],
            [
              59.66,
              -37.81
            ],
            [
              53.48,
              -38.74
            ]
          ]
        ]
      },
      "properties": {
        "level": "L3F",
        "zone": "airside_intl",
        "verified": false,
        "category": "restroom",
        "nameEn": "",
        "aliases": [],
        "pinyin": [],
        "location": "",
        "hours": null,
        "phone": null,
        "accessible": true,
        "tags": [],
        "public": true,
        "through": false,
        "fields": {
          "restroomType": "female"
        }
      }
    },
    {
      "type": "Feature",
      "id": "fac-l3f-0247",
      "geometry": {
        "type": "Polygon",
        "coordinates": [
          [
            [
              54.02,
              -44.02
            ],
            [
              54.74,
              -48.5
            ],
            [
              58.3,
              -47.94
            ],
            [
              58.43,
              -48.59
            ],
            [
              63.56,
              -48
            ],
            [
              62.84,
              -42.9
            ],
            [
              54.02,
              -44.02
            ]
          ]
        ]
      },
      "properties": {
        "level": "L3F",
        "zone": "airside_intl",
        "verified": false,
        "category": "restroom",
        "nameEn": "",
        "aliases": [],
        "pinyin": [],
        "location": "",
        "hours": null,
        "phone": null,
        "accessible": true,
        "tags": [],
        "public": true,
        "through": false,
        "fields": {
          "restroomType": "male"
        }
      }
    },
    {
      "type": "Feature",
      "id": "fac-l3f-0248",
      "geometry": {
        "type": "Polygon",
        "coordinates": [
          [
            [
              -25.08,
              -126.29
            ],
            [
              -26.83,
              -125.95
            ],
            [
              -28.48,
              -126.2
            ],
            [
              -28.79,
              -126.88
            ],
            [
              -28.5,
              -128.34
            ],
            [
              -26.9,
              -129.15
            ],
            [
              -24.85,
              -129.89
            ],
            [
              -22.8,
              -129.85
            ],
            [
              -21.88,
              -129.42
            ],
            [
              -21.59,
              -128.81
            ],
            [
              -21.77,
              -128.07
            ],
            [
              -23.3,
              -126.92
            ],
            [
              -25.08,
              -126.29
            ]
          ]
        ]
      },
      "properties": {
        "level": "L3F",
        "zone": "airside_intl",
        "verified": false,
        "category": "service_desk",
        "name": "机场问讯柜台",
        "nameEn": "",
        "aliases": [],
        "pinyin": [],
        "location": "",
        "hours": null,
        "phone": null,
        "accessible": true,
        "tags": [],
        "public": true,
        "through": false
      }
    },
    {
      "type": "Feature",
      "id": "fac-l3f-0249",
      "geometry": {
        "type": "Polygon",
        "coordinates": [
          [
            [
              55.78,
              -115.49
            ],
            [
              52.87,
              -116.24
            ],
            [
              51.2,
              -117.85
            ],
            [
              50.76,
              -119.13
            ],
            [
              51.4,
              -120.1
            ],
            [
              54.16,
              -119.96
            ],
            [
              56.69,
              -118.95
            ],
            [
              57.83,
              -117.4
            ],
            [
              57.93,
              -116.2
            ],
            [
              56.93,
              -115.45
            ],
            [
              55.78,
              -115.49
            ]
          ]
        ]
      },
      "properties": {
        "level": "L3F",
        "zone": "airside_intl",
        "verified": false,
        "category": "service_desk",
        "name": "机场问讯柜台",
        "nameEn": "",
        "aliases": [],
        "pinyin": [],
        "location": "",
        "hours": null,
        "phone": null,
        "accessible": true,
        "tags": [],
        "public": true,
        "through": false
      }
    },
    {
      "type": "Feature",
      "id": "fac-l3f-0250",
      "geometry": {
        "type": "Polygon",
        "coordinates": [
          [
            [
              -55.61,
              -143.11
            ],
            [
              -54.7,
              -144.19
            ],
            [
              -54.38,
              -148.74
            ],
            [
              -46.85,
              -152.22
            ],
            [
              -42.96,
              -142.26
            ],
            [
              -47.9,
              -140.26
            ],
            [
              -50.08,
              -140.07
            ],
            [
              -52.1,
              -140.52
            ],
            [
              -55.61,
              -143.11
            ]
          ]
        ]
      },
      "properties": {
        "level": "L3F",
        "zone": "airside_intl",
        "verified": false,
        "category": "commerce",
        "name": "BOSS",
        "nameEn": "",
        "aliases": [],
        "pinyin": [],
        "location": "",
        "hours": null,
        "phone": null,
        "accessible": true,
        "tags": [],
        "public": true,
        "through": false,
        "fields": {
          "kind": "零售"
        }
      }
    },
    {
      "type": "Feature",
      "id": "fac-l3f-0251",
      "geometry": {
        "type": "Polygon",
        "coordinates": [
          [
            [
              -42.96,
              -142.26
            ],
            [
              -34.51,
              -146.43
            ],
            [
              -38.53,
              -155.61
            ],
            [
              -46.85,
              -152.22
            ],
            [
              -42.96,
              -142.26
            ]
          ]
        ]
      },
      "properties": {
        "level": "L3F",
        "zone": "airside_intl",
        "verified": false,
        "category": "commerce",
        "name": "BALLY",
        "nameEn": "",
        "aliases": [],
        "pinyin": [],
        "location": "",
        "hours": null,
        "phone": null,
        "accessible": true,
        "tags": [],
        "public": true,
        "through": false,
        "fields": {
          "kind": "零售"
        }
      }
    },
    {
      "type": "Feature",
      "id": "fac-l3f-0252",
      "geometry": {
        "type": "Polygon",
        "coordinates": [
          [
            [
              -38.53,
              -155.61
            ],
            [
              -38.17,
              -158.15
            ],
            [
              -27.48,
              -156.67
            ],
            [
              -28.16,
              -151.38
            ],
            [
              -29.41,
              -149.51
            ],
            [
              -34.51,
              -146.43
            ],
            [
              -38.53,
              -155.61
            ]
          ]
        ]
      },
      "properties": {
        "level": "L3F",
        "zone": "airside_intl",
        "verified": false,
        "category": "commerce",
        "name": "MONTBLANC",
        "nameEn": "",
        "aliases": [],
        "pinyin": [],
        "location": "",
        "hours": null,
        "phone": null,
        "accessible": true,
        "tags": [],
        "public": true,
        "through": false,
        "fields": {
          "kind": "零售"
        }
      }
    },
    {
      "type": "Feature",
      "id": "fac-l3f-0253",
      "geometry": {
        "type": "Polygon",
        "coordinates": [
          [
            [
              -38.17,
              -158.15
            ],
            [
              -37.02,
              -166.85
            ],
            [
              -26.51,
              -165.45
            ],
            [
              -27.48,
              -156.67
            ],
            [
              -38.17,
              -158.15
            ]
          ]
        ]
      },
      "properties": {
        "level": "L3F",
        "zone": "airside_intl",
        "verified": false,
        "category": "commerce",
        "name": "TUMI",
        "nameEn": "",
        "aliases": [],
        "pinyin": [],
        "location": "",
        "hours": null,
        "phone": null,
        "accessible": true,
        "tags": [],
        "public": true,
        "through": false,
        "fields": {
          "kind": "零售"
        }
      }
    },
    {
      "type": "Feature",
      "id": "fac-l3f-0254",
      "geometry": {
        "type": "Polygon",
        "coordinates": [
          [
            [
              -37.02,
              -166.85
            ],
            [
              -36.32,
              -172.51
            ],
            [
              -37.44,
              -173.71
            ],
            [
              -34.06,
              -176.51
            ],
            [
              -31.46,
              -174.37
            ],
            [
              -30.54,
              -175.61
            ],
            [
              -25.88,
              -171.9
            ],
            [
              -26.51,
              -165.45
            ],
            [
              -37.02,
              -166.85
            ]
          ]
        ]
      },
      "properties": {
        "level": "L3F",
        "zone": "airside_intl",
        "verified": false,
        "category": "commerce",
        "name": "免税店",
        "nameEn": "",
        "aliases": [],
        "pinyin": [],
        "location": "",
        "hours": null,
        "phone": null,
        "accessible": true,
        "tags": [],
        "public": true,
        "through": false,
        "fields": {
          "kind": "零售"
        }
      }
    },
    {
      "type": "Feature",
      "id": "fac-l3f-0255",
      "geometry": {
        "type": "Polygon",
        "coordinates": [
          [
            [
              -50.48,
              -157.9
            ],
            [
              -52.88,
              -162.89
            ],
            [
              -49,
              -165.31
            ],
            [
              -46.4,
              -159.94
            ],
            [
              -50.48,
              -157.9
            ]
          ]
        ]
      },
      "properties": {
        "level": "L3F",
        "zone": "airside_intl",
        "verified": false,
        "category": "medical",
        "name": "医疗急救",
        "nameEn": "",
        "aliases": [],
        "pinyin": [],
        "location": "",
        "hours": null,
        "phone": null,
        "accessible": true,
        "tags": [],
        "public": true,
        "through": false
      }
    },
    {
      "type": "Feature",
      "id": "fac-l3f-0256",
      "geometry": {
        "type": "Polygon",
        "coordinates": [
          [
            [
              -13.25,
              -170.09
            ],
            [
              -19.66,
              -174.5
            ],
            [
              -8.41,
              -179.47
            ],
            [
              -5.08,
              -176.9
            ],
            [
              -9.09,
              -173.87
            ],
            [
              -12.32,
              -172.68
            ],
            [
              -13.25,
              -170.09
            ]
          ]
        ]
      },
      "properties": {
        "level": "L3F",
        "zone": "airside_intl",
        "verified": false,
        "category": "commerce",
        "name": "Mr.JUDY洗个头发",
        "nameEn": "",
        "aliases": [
          "理发"
        ],
        "pinyin": [],
        "location": "",
        "hours": null,
        "phone": null,
        "accessible": true,
        "tags": [],
        "public": true,
        "through": false,
        "fields": {
          "kind": "服务",
          "goods": "理发"
        }
      }
    },
    {
      "type": "Feature",
      "id": "fac-l3f-0257",
      "geometry": {
        "type": "Polygon",
        "coordinates": [
          [
            [
              -13.25,
              -170.09
            ],
            [
              -10.32,
              -169.51
            ],
            [
              -7.81,
              -169.8
            ],
            [
              -5.8,
              -170.37
            ],
            [
              -6.53,
              -172.07
            ],
            [
              -9.09,
              -173.87
            ],
            [
              -12.32,
              -172.68
            ],
            [
              -13.25,
              -170.09
            ]
          ]
        ]
      },
      "properties": {
        "level": "L3F",
        "zone": "airside_intl",
        "verified": false,
        "category": "commerce",
        "name": "宇鑫货币",
        "nameEn": "",
        "aliases": [],
        "pinyin": [],
        "location": "",
        "hours": null,
        "phone": null,
        "accessible": true,
        "tags": [],
        "public": true,
        "through": false,
        "fields": {
          "kind": "货币兑换"
        }
      }
    },
    {
      "type": "Feature",
      "id": "fac-l3f-0258",
      "geometry": {
        "type": "Polygon",
        "coordinates": [
          [
            [
              -9.09,
              -173.87
            ],
            [
              -5.08,
              -176.9
            ],
            [
              -1.86,
              -174.52
            ],
            [
              -3.41,
              -172.23
            ],
            [
              -5.8,
              -170.37
            ],
            [
              -6.53,
              -172.07
            ],
            [
              -9.09,
              -173.87
            ]
          ]
        ]
      },
      "properties": {
        "level": "L3F",
        "zone": "airside_intl",
        "verified": false,
        "category": "commerce",
        "name": "移动WiFi租赁",
        "nameEn": "",
        "aliases": [
          "网络 WLAN"
        ],
        "pinyin": [],
        "location": "",
        "hours": null,
        "phone": null,
        "accessible": true,
        "tags": [],
        "public": true,
        "through": false,
        "fields": {
          "kind": "通讯服务"
        }
      }
    },
    {
      "type": "Feature",
      "id": "fac-l3f-0259",
      "geometry": {
        "type": "Polygon",
        "coordinates": [
          [
            [
              -1.86,
              -174.52
            ],
            [
              -5.08,
              -176.9
            ],
            [
              -8.41,
              -179.47
            ],
            [
              -6.34,
              -179.92
            ],
            [
              -5.27,
              -189.3
            ],
            [
              -6.74,
              -190.46
            ],
            [
              0.15,
              -199.52
            ],
            [
              -10.21,
              -207.34
            ],
            [
              -7.27,
              -209.12
            ],
            [
              -2.74,
              -208.86
            ],
            [
              2.64,
              -203.83
            ],
            [
              5.84,
              -196.94
            ],
            [
              6.5,
              -191.83
            ],
            [
              5.22,
              -186.28
            ],
            [
              1.88,
              -179.52
            ],
            [
              -1.86,
              -174.52
            ]
          ]
        ]
      },
      "properties": {
        "level": "L3F",
        "zone": "airside_intl",
        "verified": false,
        "category": "lounge",
        "name": "机场嘉宾休息室",
        "nameEn": "",
        "aliases": [],
        "pinyin": [],
        "location": "",
        "hours": null,
        "phone": null,
        "accessible": true,
        "tags": [],
        "public": true,
        "through": false
      }
    },
    {
      "type": "Feature",
      "id": "fac-l3f-0260",
      "geometry": {
        "type": "Polygon",
        "coordinates": [
          [
            [
              -6.74,
              -190.46
            ],
            [
              -10.83,
              -193.56
            ],
            [
              -7.9,
              -197.36
            ],
            [
              -6.52,
              -196.33
            ],
            [
              -3.99,
              -199.74
            ],
            [
              -6.06,
              -201.22
            ],
            [
              -4.61,
              -203.11
            ],
            [
              0.15,
              -199.52
            ],
            [
              -6.74,
              -190.46
            ]
          ]
        ]
      },
      "properties": {
        "level": "L3F",
        "zone": "airside_intl",
        "verified": false,
        "category": "restroom",
        "nameEn": "",
        "aliases": [],
        "pinyin": [],
        "location": "",
        "hours": null,
        "phone": null,
        "accessible": true,
        "tags": [],
        "public": true,
        "through": false,
        "fields": {
          "restroomType": "male"
        }
      }
    },
    {
      "type": "Feature",
      "id": "fac-l3f-0261",
      "geometry": {
        "type": "Polygon",
        "coordinates": [
          [
            [
              -7.9,
              -197.36
            ],
            [
              -8.56,
              -198.02
            ],
            [
              -6.06,
              -201.22
            ],
            [
              -3.99,
              -199.74
            ],
            [
              -6.52,
              -196.33
            ],
            [
              -7.9,
              -197.36
            ]
          ]
        ]
      },
      "properties": {
        "level": "L3F",
        "zone": "airside_intl",
        "verified": false,
        "category": "restroom",
        "nameEn": "",
        "aliases": [],
        "pinyin": [],
        "location": "",
        "hours": null,
        "phone": null,
        "accessible": true,
        "tags": [],
        "public": true,
        "through": false,
        "fields": {
          "restroomType": "accessible"
        }
      }
    },
    {
      "type": "Feature",
      "id": "fac-l3f-0262",
      "geometry": {
        "type": "Polygon",
        "coordinates": [
          [
            [
              -8.76,
              -196.25
            ],
            [
              -12.97,
              -199.51
            ],
            [
              -20.49,
              -189.67
            ],
            [
              -16.43,
              -186.34
            ],
            [
              -10.83,
              -193.56
            ],
            [
              -8.76,
              -196.25
            ]
          ]
        ]
      },
      "properties": {
        "level": "L3F",
        "zone": "airside_intl",
        "verified": false,
        "category": "restroom",
        "nameEn": "",
        "aliases": [],
        "pinyin": [],
        "location": "",
        "hours": null,
        "phone": null,
        "accessible": true,
        "tags": [],
        "public": true,
        "through": false,
        "fields": {
          "restroomType": "female"
        }
      }
    },
    {
      "type": "Feature",
      "id": "fac-l3f-0263",
      "geometry": {
        "type": "Polygon",
        "coordinates": [
          [
            [
              58.77,
              -164.88
            ],
            [
              54.09,
              -162.92
            ],
            [
              50.58,
              -162.19
            ],
            [
              47.48,
              -162.76
            ],
            [
              44.95,
              -164.44
            ],
            [
              43.08,
              -166.62
            ],
            [
              40.52,
              -172.57
            ],
            [
              38.43,
              -178.68
            ],
            [
              48.93,
              -183.23
            ],
            [
              47.54,
              -173.61
            ],
            [
              58.77,
              -164.88
            ]
          ]
        ]
      },
      "properties": {
        "level": "L3F",
        "zone": "airside_intl",
        "verified": false,
        "category": "commerce",
        "name": "福万粉",
        "nameEn": "",
        "aliases": [],
        "pinyin": [],
        "location": "",
        "hours": null,
        "phone": null,
        "accessible": true,
        "tags": [],
        "public": true,
        "through": false,
        "fields": {
          "kind": "零售"
        }
      }
    },
    {
      "type": "Feature",
      "id": "fac-l3f-0264",
      "geometry": {
        "type": "Polygon",
        "coordinates": [
          [
            [
              48.93,
              -183.23
            ],
            [
              44.54,
              -193.23
            ],
            [
              56.78,
              -198.42
            ],
            [
              57.79,
              -196.2
            ],
            [
              59.06,
              -196.68
            ],
            [
              56.78,
              -200.66
            ],
            [
              54.12,
              -201.77
            ],
            [
              51.62,
              -202.02
            ],
            [
              48.62,
              -201.2
            ],
            [
              45.87,
              -199.55
            ],
            [
              42.32,
              -196.61
            ],
            [
              39.73,
              -193.16
            ],
            [
              38.08,
              -188.55
            ],
            [
              37.64,
              -184.84
            ],
            [
              37.36,
              -182.38
            ],
            [
              38.43,
              -178.68
            ],
            [
              48.93,
              -183.23
            ]
          ]
        ]
      },
      "properties": {
        "level": "L3F",
        "zone": "airside_intl",
        "verified": false,
        "category": "commerce",
        "name": "蛮村小馆/遇见小面",
        "nameEn": "",
        "aliases": [],
        "pinyin": [],
        "location": "",
        "hours": null,
        "phone": null,
        "accessible": true,
        "tags": [],
        "public": true,
        "through": false,
        "fields": {
          "kind": "餐饮"
        }
      }
    },
    {
      "type": "Feature",
      "id": "fac-l3f-0265",
      "geometry": {
        "type": "Polygon",
        "coordinates": [
          [
            [
              58.67,
              -190.83
            ],
            [
              53.7,
              -188.89
            ],
            [
              58.28,
              -177.24
            ],
            [
              63.52,
              -179.46
            ],
            [
              58.67,
              -190.83
            ]
          ]
        ]
      },
      "properties": {
        "level": "L3F",
        "zone": "airside_intl",
        "verified": false,
        "category": "restroom",
        "nameEn": "",
        "aliases": [],
        "pinyin": [],
        "location": "",
        "hours": null,
        "phone": null,
        "accessible": true,
        "tags": [],
        "public": true,
        "through": false,
        "fields": {
          "restroomType": "female"
        }
      }
    },
    {
      "type": "Feature",
      "id": "fac-l3f-0266",
      "geometry": {
        "type": "Polygon",
        "coordinates": [
          [
            [
              52.12,
              -194.13
            ],
            [
              49.84,
              -193.07
            ],
            [
              51.82,
              -188.26
            ],
            [
              53.7,
              -188.89
            ],
            [
              55.08,
              -185.39
            ],
            [
              50.45,
              -183.43
            ],
            [
              46.09,
              -193.89
            ],
            [
              51.4,
              -196.14
            ],
            [
              52.12,
              -194.13
            ]
          ]
        ]
      },
      "properties": {
        "level": "L3F",
        "zone": "airside_intl",
        "verified": false,
        "category": "restroom",
        "nameEn": "",
        "aliases": [],
        "pinyin": [],
        "location": "",
        "hours": null,
        "phone": null,
        "accessible": true,
        "tags": [],
        "public": true,
        "through": false,
        "fields": {
          "restroomType": "male"
        }
      }
    },
    {
      "type": "Feature",
      "id": "fac-l3f-0267",
      "geometry": {
        "type": "Polygon",
        "coordinates": [
          [
            [
              52.12,
              -194.13
            ],
            [
              54.09,
              -189.04
            ],
            [
              53.7,
              -188.89
            ],
            [
              51.82,
              -188.26
            ],
            [
              49.84,
              -193.07
            ],
            [
              52.12,
              -194.13
            ]
          ]
        ]
      },
      "properties": {
        "level": "L3F",
        "zone": "airside_intl",
        "verified": false,
        "category": "restroom",
        "nameEn": "",
        "aliases": [],
        "pinyin": [],
        "location": "",
        "hours": null,
        "phone": null,
        "accessible": true,
        "tags": [],
        "public": true,
        "through": false,
        "fields": {
          "restroomType": "accessible"
        }
      }
    },
    {
      "type": "Feature",
      "id": "fac-l3f-0268",
      "geometry": {
        "type": "Polygon",
        "coordinates": [
          [
            [
              62.45,
              -145.7
            ],
            [
              64.18,
              -160.41
            ],
            [
              72.54,
              -163.79
            ],
            [
              73.56,
              -163.34
            ],
            [
              75.96,
              -159.79
            ],
            [
              74.89,
              -158.85
            ],
            [
              73.12,
              -144.37
            ],
            [
              62.45,
              -145.7
            ]
          ]
        ]
      },
      "properties": {
        "level": "L3F",
        "zone": "airside_intl",
        "verified": false,
        "category": "commerce",
        "name": "免税店",
        "nameEn": "",
        "aliases": [],
        "pinyin": [],
        "location": "",
        "hours": null,
        "phone": null,
        "accessible": true,
        "tags": [],
        "public": true,
        "through": false,
        "fields": {
          "kind": "免税店"
        }
      }
    },
    {
      "type": "Feature",
      "id": "fac-l3f-0269",
      "geometry": {
        "type": "Polygon",
        "coordinates": [
          [
            [
              62.45,
              -145.7
            ],
            [
              61.76,
              -139.23
            ],
            [
              66.82,
              -134.03
            ],
            [
              72.81,
              -141.85
            ],
            [
              73.12,
              -144.37
            ],
            [
              62.45,
              -145.7
            ]
          ]
        ]
      },
      "properties": {
        "level": "L3F",
        "zone": "airside_intl",
        "verified": false,
        "category": "commerce",
        "name": "COACH",
        "nameEn": "",
        "aliases": [],
        "pinyin": [],
        "location": "",
        "hours": null,
        "phone": null,
        "accessible": true,
        "tags": [],
        "public": true,
        "through": false,
        "fields": {
          "kind": "零售"
        }
      }
    },
    {
      "type": "Feature",
      "id": "fac-l3f-0270",
      "geometry": {
        "type": "Polygon",
        "coordinates": [
          [
            [
              66.82,
              -134.03
            ],
            [
              73.89,
              -127.9
            ],
            [
              80.17,
              -136.38
            ],
            [
              72.81,
              -141.85
            ],
            [
              66.82,
              -134.03
            ]
          ]
        ]
      },
      "properties": {
        "level": "L3F",
        "zone": "airside_intl",
        "verified": false,
        "category": "commerce",
        "name": "拉夫劳伦",
        "nameEn": "POLO RALPH LAUREN",
        "aliases": [],
        "pinyin": [],
        "location": "",
        "hours": null,
        "phone": null,
        "accessible": true,
        "tags": [],
        "public": true,
        "through": false,
        "fields": {
          "kind": "零售"
        }
      }
    },
    {
      "type": "Feature",
      "id": "fac-l3f-0271",
      "geometry": {
        "type": "Polygon",
        "coordinates": [
          [
            [
              73.89,
              -127.9
            ],
            [
              80.17,
              -136.38
            ],
            [
              87,
              -131.38
            ],
            [
              85.94,
              -126.72
            ],
            [
              86.49,
              -125.71
            ],
            [
              83.32,
              -124.53
            ],
            [
              80.72,
              -124
            ],
            [
              79.31,
              -124.35
            ],
            [
              77.54,
              -125.18
            ],
            [
              73.89,
              -127.9
            ]
          ]
        ]
      },
      "properties": {
        "level": "L3F",
        "zone": "airside_intl",
        "verified": false,
        "category": "commerce",
        "name": "MICHAEL KORS",
        "nameEn": "",
        "aliases": [],
        "pinyin": [],
        "location": "",
        "hours": null,
        "phone": null,
        "accessible": true,
        "tags": [],
        "public": true,
        "through": false,
        "fields": {
          "kind": "零售"
        }
      }
    },
    {
      "type": "Feature",
      "id": "fac-l3f-0272",
      "geometry": {
        "type": "Polygon",
        "coordinates": [
          [
            [
              86.75,
              -142.51
            ],
            [
              83.42,
              -145.94
            ],
            [
              86.07,
              -148.53
            ],
            [
              89.34,
              -144.85
            ],
            [
              86.75,
              -142.51
            ]
          ]
        ]
      },
      "properties": {
        "level": "L3F",
        "zone": "airside_intl",
        "verified": false,
        "category": "nursing",
        "name": "母婴候机室",
        "nameEn": "",
        "aliases": [],
        "pinyin": [],
        "location": "",
        "hours": null,
        "phone": null,
        "accessible": true,
        "tags": [],
        "public": true,
        "through": false
      }
    },
    {
      "type": "Feature",
      "id": "fac-l3f-0273",
      "geometry": {
        "type": "Point",
        "coordinates": [
          115.62,
          -126.45
        ]
      },
      "properties": {
        "level": "L3F",
        "zone": "airside_intl",
        "verified": false,
        "category": "water",
        "name": "",
        "nameEn": "",
        "aliases": [],
        "pinyin": [],
        "location": "",
        "hours": null,
        "phone": null,
        "accessible": true,
        "tags": []
      }
    },
    {
      "type": "Feature",
      "id": "fac-l3f-0274",
      "geometry": {
        "type": "Polygon",
        "coordinates": [
          [
            [
              106.98,
              -117.78
            ],
            [
              102.04,
              -114.08
            ],
            [
              101.32,
              -116.48
            ],
            [
              102.68,
              -129.96
            ],
            [
              104.73,
              -131.45
            ],
            [
              106.19,
              -131.42
            ],
            [
              109.7,
              -129.36
            ],
            [
              108.78,
              -119.93
            ],
            [
              106.91,
              -119.87
            ],
            [
              106.98,
              -117.78
            ]
          ]
        ]
      },
      "properties": {
        "level": "L3F",
        "zone": "airside_intl",
        "verified": false,
        "category": "commerce",
        "name": "免税店",
        "nameEn": "",
        "aliases": [],
        "pinyin": [],
        "location": "",
        "hours": null,
        "phone": null,
        "accessible": true,
        "tags": [],
        "public": true,
        "through": false,
        "fields": {
          "kind": "免税"
        }
      }
    },
    {
      "type": "Feature",
      "id": "fac-l3f-0275",
      "geometry": {
        "type": "Polygon",
        "coordinates": [
          [
            [
              106.98,
              -117.78
            ],
            [
              108.78,
              -118.83
            ],
            [
              118.78,
              -115.76
            ],
            [
              116.4,
              -108.73
            ],
            [
              104.99,
              -111.74
            ],
            [
              102.04,
              -114.08
            ],
            [
              106.98,
              -117.78
            ]
          ]
        ]
      },
      "properties": {
        "level": "L3F",
        "zone": "airside_intl",
        "verified": false,
        "category": "commerce",
        "name": "免税店",
        "nameEn": "",
        "aliases": [],
        "pinyin": [],
        "location": "",
        "hours": null,
        "phone": null,
        "accessible": true,
        "tags": [],
        "public": true,
        "through": false,
        "fields": {
          "kind": "免税店"
        }
      }
    },
    {
      "type": "Feature",
      "id": "fac-l3f-0276",
      "geometry": {
        "type": "Polygon",
        "coordinates": [
          [
            [
              118.78,
              -115.76
            ],
            [
              119.19,
              -117.18
            ],
            [
              131.27,
              -112.88
            ],
            [
              131.02,
              -109.49
            ],
            [
              130.23,
              -107.85
            ],
            [
              129.37,
              -107.15
            ],
            [
              127.51,
              -106.8
            ],
            [
              116.4,
              -108.73
            ],
            [
              118.78,
              -115.76
            ]
          ]
        ]
      },
      "properties": {
        "level": "L3F",
        "zone": "airside_intl",
        "verified": false,
        "category": "commerce",
        "name": "免税店",
        "nameEn": "",
        "aliases": [],
        "pinyin": [],
        "location": "",
        "hours": null,
        "phone": null,
        "accessible": true,
        "tags": [],
        "public": true,
        "through": false
      }
    },
    {
      "type": "Feature",
      "id": "fac-l3f-0277",
      "geometry": {
        "type": "Point",
        "coordinates": [
          118.02,
          -69.38
        ]
      },
      "properties": {
        "level": "L4F",
        "zone": "airside_intl",
        "verified": false,
        "category": "elevator",
        "name": "电梯 28",
        "nameEn": "电梯 28",
        "aliases": [],
        "pinyin": [],
        "location": "",
        "hours": null,
        "phone": null,
        "accessible": true,
        "tags": [],
        "verticalGroup": "vg-elevator-28",
        "verticalLevels": [
          "L4F",
          "L3F",
          "L2F"
        ]
      }
    },
    {
      "type": "Feature",
      "id": "fac-l3f-0279",
      "geometry": {
        "type": "Point",
        "coordinates": [
          118.02,
          -69.38
        ]
      },
      "properties": {
        "level": "L2F",
        "zone": "airside_intl",
        "verified": false,
        "category": "elevator",
        "name": "电梯 28",
        "nameEn": "电梯 28",
        "aliases": [],
        "pinyin": [],
        "location": "",
        "hours": null,
        "phone": null,
        "accessible": true,
        "tags": [],
        "verticalGroup": "vg-elevator-28",
        "verticalLevels": [
          "L4F",
          "L3F",
          "L2F"
        ]
      }
    },
    {
      "type": "Feature",
      "id": "fac-l3f-0280",
      "geometry": {
        "type": "Point",
        "coordinates": [
          127.84,
          -68.22
        ]
      },
      "properties": {
        "level": "L4F",
        "zone": "airside_intl",
        "verified": false,
        "category": "stairs",
        "name": "楼梯 04",
        "nameEn": "楼梯 04",
        "aliases": [],
        "pinyin": [],
        "location": "",
        "hours": null,
        "phone": null,
        "accessible": true,
        "tags": [],
        "verticalGroup": "vg-stairs-04",
        "verticalLevels": [
          "L4F",
          "L3F",
          "L2F"
        ]
      }
    },
    {
      "type": "Feature",
      "id": "fac-l3f-0282",
      "geometry": {
        "type": "Point",
        "coordinates": [
          127.84,
          -68.22
        ]
      },
      "properties": {
        "level": "L2F",
        "zone": "airside_intl",
        "verified": false,
        "category": "stairs",
        "name": "楼梯 04",
        "nameEn": "楼梯 04",
        "aliases": [],
        "pinyin": [],
        "location": "",
        "hours": null,
        "phone": null,
        "accessible": true,
        "tags": [],
        "verticalGroup": "vg-stairs-04",
        "verticalLevels": [
          "L4F",
          "L3F",
          "L2F"
        ]
      }
    },
    {
      "type": "Feature",
      "id": "fac-l3f-0283",
      "geometry": {
        "type": "Point",
        "coordinates": [
          130.18,
          -66.37
        ]
      },
      "properties": {
        "level": "L4F",
        "zone": "airside_intl",
        "verified": false,
        "category": "escalator",
        "name": "扶梯 22",
        "nameEn": "扶梯 22",
        "aliases": [],
        "pinyin": [],
        "location": "",
        "hours": null,
        "phone": null,
        "accessible": true,
        "tags": [],
        "verticalGroup": "vg-escalator-22",
        "verticalLevels": [
          "L4F",
          "L3F",
          "L2F"
        ]
      }
    },
    {
      "type": "Feature",
      "id": "fac-l3f-0285",
      "geometry": {
        "type": "Point",
        "coordinates": [
          130.18,
          -66.37
        ]
      },
      "properties": {
        "level": "L2F",
        "zone": "airside_intl",
        "verified": false,
        "category": "escalator",
        "name": "扶梯 22",
        "nameEn": "扶梯 22",
        "aliases": [],
        "pinyin": [],
        "location": "",
        "hours": null,
        "phone": null,
        "accessible": true,
        "tags": [],
        "verticalGroup": "vg-escalator-22",
        "verticalLevels": [
          "L4F",
          "L3F",
          "L2F"
        ]
      }
    },
    {
      "type": "Feature",
      "id": "fac-l3f-0286",
      "geometry": {
        "type": "Polygon",
        "coordinates": [
          [
            [
              160.73,
              -86.01
            ],
            [
              157.39,
              -86.01
            ],
            [
              154.26,
              -86.92
            ],
            [
              154.26,
              -93.67
            ],
            [
              162.2,
              -97.16
            ],
            [
              162.59,
              -95.57
            ],
            [
              166.83,
              -97.52
            ],
            [
              174.3,
              -96.85
            ],
            [
              175.74,
              -106.57
            ],
            [
              177.05,
              -104.46
            ],
            [
              177.68,
              -102.23
            ],
            [
              177.88,
              -99.1
            ],
            [
              176.67,
              -94.91
            ],
            [
              175.2,
              -92.64
            ],
            [
              173.31,
              -91.08
            ],
            [
              171.31,
              -89.87
            ],
            [
              163.18,
              -86.56
            ],
            [
              160.73,
              -86.01
            ]
          ]
        ]
      },
      "properties": {
        "level": "L3F",
        "zone": "airside_intl",
        "verified": false,
        "category": "commerce",
        "name": "金鼎轩",
        "nameEn": "",
        "aliases": [],
        "pinyin": [],
        "location": "",
        "hours": null,
        "phone": null,
        "accessible": true,
        "tags": [],
        "public": true,
        "through": false,
        "fields": {
          "kind": "餐饮"
        }
      }
    },
    {
      "type": "Feature",
      "id": "fac-l3f-0287",
      "geometry": {
        "type": "Polygon",
        "coordinates": [
          [
            [
              172.41,
              -106.08
            ],
            [
              172.95,
              -109.46
            ],
            [
              175.74,
              -106.57
            ],
            [
              175.56,
              -105.38
            ],
            [
              172.41,
              -106.08
            ]
          ]
        ]
      },
      "properties": {
        "level": "L3F",
        "zone": "airside_intl",
        "verified": false,
        "category": "restroom",
        "nameEn": "",
        "aliases": [],
        "pinyin": [],
        "location": "",
        "hours": null,
        "phone": null,
        "accessible": true,
        "tags": [],
        "public": true,
        "through": false,
        "fields": {
          "restroomType": "accessible"
        }
      }
    },
    {
      "type": "Feature",
      "id": "fac-l3f-0288",
      "geometry": {
        "type": "Polygon",
        "coordinates": [
          [
            [
              162.57,
              -99.66
            ],
            [
              163.23,
              -104.44
            ],
            [
              175.2,
              -102.9
            ],
            [
              174.3,
              -96.85
            ],
            [
              171.11,
              -97.14
            ],
            [
              171.38,
              -98.58
            ],
            [
              162.57,
              -99.66
            ]
          ]
        ]
      },
      "properties": {
        "level": "L3F",
        "zone": "airside_intl",
        "verified": false,
        "category": "restroom",
        "nameEn": "",
        "aliases": [],
        "pinyin": [],
        "location": "",
        "hours": null,
        "phone": null,
        "accessible": true,
        "tags": [],
        "public": true,
        "through": false,
        "fields": {
          "restroomType": "male"
        }
      }
    },
    {
      "type": "Feature",
      "id": "fac-l3f-0289",
      "geometry": {
        "type": "Polygon",
        "coordinates": [
          [
            [
              169.4,
              -104.55
            ],
            [
              154.65,
              -106.24
            ],
            [
              155.39,
              -112.5
            ],
            [
              167.77,
              -110.9
            ],
            [
              167.05,
              -106.62
            ],
            [
              169.82,
              -106.3
            ],
            [
              169.4,
              -104.55
            ]
          ]
        ]
      },
      "properties": {
        "level": "L3F",
        "zone": "airside_intl",
        "verified": false,
        "category": "restroom",
        "nameEn": "",
        "aliases": [],
        "pinyin": [],
        "location": "",
        "hours": null,
        "phone": null,
        "accessible": true,
        "tags": [],
        "public": true,
        "through": false,
        "fields": {
          "restroomType": "female"
        }
      }
    },
    {
      "type": "Feature",
      "id": "fac-l3f-0290",
      "geometry": {
        "type": "Point",
        "coordinates": [
          174.19,
          -119.66
        ]
      },
      "properties": {
        "level": "L3F",
        "zone": "airside_intl",
        "verified": false,
        "category": "escalator",
        "name": "扶梯 23",
        "nameEn": "扶梯 23",
        "aliases": [],
        "pinyin": [],
        "location": "",
        "hours": null,
        "phone": null,
        "accessible": true,
        "tags": [],
        "verticalGroup": "vg-escalator-23",
        "verticalLevels": [
          "L3F",
          "L2F"
        ]
      }
    },
    {
      "type": "Feature",
      "id": "fac-l3f-0291",
      "geometry": {
        "type": "Point",
        "coordinates": [
          174.19,
          -119.66
        ]
      },
      "properties": {
        "level": "L2F",
        "zone": "airside_intl",
        "verified": false,
        "category": "escalator",
        "name": "扶梯 23",
        "nameEn": "扶梯 23",
        "aliases": [],
        "pinyin": [],
        "location": "",
        "hours": null,
        "phone": null,
        "accessible": true,
        "tags": [],
        "verticalGroup": "vg-escalator-23",
        "verticalLevels": [
          "L3F",
          "L2F"
        ]
      }
    },
    {
      "type": "Feature",
      "id": "fac-l3f-0292",
      "geometry": {
        "type": "Polygon",
        "coordinates": [
          [
            [
              211.67,
              -106.71
            ],
            [
              211,
              -110.63
            ],
            [
              214.1,
              -111.46
            ],
            [
              214.62,
              -107.95
            ],
            [
              211.67,
              -106.71
            ]
          ]
        ]
      },
      "properties": {
        "level": "L3F",
        "zone": "airside_intl",
        "verified": false,
        "category": "restroom",
        "nameEn": "",
        "aliases": [],
        "pinyin": [],
        "location": "",
        "hours": null,
        "phone": null,
        "accessible": true,
        "tags": [],
        "public": true,
        "through": false,
        "fields": {
          "restroomType": "accessible"
        }
      }
    },
    {
      "type": "Feature",
      "id": "fac-l3f-0293",
      "geometry": {
        "type": "Polygon",
        "coordinates": [
          [
            [
              197.91,
              -105.72
            ],
            [
              197.19,
              -110.2
            ],
            [
              208.25,
              -111.89
            ],
            [
              208.88,
              -107.5
            ],
            [
              197.91,
              -105.72
            ]
          ]
        ]
      },
      "properties": {
        "level": "L3F",
        "zone": "airside_intl",
        "verified": false,
        "category": "restroom",
        "nameEn": "",
        "aliases": [],
        "pinyin": [],
        "location": "",
        "hours": null,
        "phone": null,
        "accessible": true,
        "tags": [],
        "public": true,
        "through": false,
        "fields": {
          "restroomType": "female"
        }
      }
    },
    {
      "type": "Feature",
      "id": "fac-l3f-0294",
      "geometry": {
        "type": "Polygon",
        "coordinates": [
          [
            [
              200.48,
              -111.51
            ],
            [
              199.06,
              -118.85
            ],
            [
              210.7,
              -121.01
            ],
            [
              211.31,
              -116.64
            ],
            [
              209.92,
              -116.28
            ],
            [
              210.43,
              -113.17
            ],
            [
              200.48,
              -111.51
            ]
          ]
        ]
      },
      "properties": {
        "level": "L3F",
        "zone": "airside_intl",
        "verified": false,
        "category": "restroom",
        "nameEn": "",
        "aliases": [],
        "pinyin": [],
        "location": "",
        "hours": null,
        "phone": null,
        "accessible": true,
        "tags": [],
        "public": true,
        "through": false,
        "fields": {
          "restroomType": "female"
        }
      }
    },
    {
      "type": "Feature",
      "id": "fac-l3f-0295",
      "geometry": {
        "type": "Point",
        "coordinates": [
          216.89,
          -120.38
        ]
      },
      "properties": {
        "level": "L3F",
        "zone": "airside_intl",
        "verified": false,
        "category": "elevator",
        "name": "电梯 29",
        "nameEn": "电梯 29",
        "aliases": [],
        "pinyin": [],
        "location": "",
        "hours": null,
        "phone": null,
        "accessible": true,
        "tags": [],
        "verticalGroup": "vg-elevator-29",
        "verticalLevels": [
          "L3F",
          "L2F"
        ]
      }
    },
    {
      "type": "Feature",
      "id": "fac-l3f-0296",
      "geometry": {
        "type": "Point",
        "coordinates": [
          216.89,
          -120.38
        ]
      },
      "properties": {
        "level": "L2F",
        "zone": "airside_intl",
        "verified": false,
        "category": "elevator",
        "name": "电梯 29",
        "nameEn": "电梯 29",
        "aliases": [],
        "pinyin": [],
        "location": "",
        "hours": null,
        "phone": null,
        "accessible": true,
        "tags": [],
        "verticalGroup": "vg-elevator-29",
        "verticalLevels": [
          "L3F",
          "L2F"
        ]
      }
    },
    {
      "type": "Feature",
      "id": "fac-l3f-0297",
      "geometry": {
        "type": "Point",
        "coordinates": [
          215,
          -117.28
        ]
      },
      "properties": {
        "level": "L3F",
        "zone": "airside_intl",
        "verified": false,
        "category": "escalator",
        "name": "扶梯 24",
        "nameEn": "扶梯 24",
        "aliases": [],
        "pinyin": [],
        "location": "",
        "hours": null,
        "phone": null,
        "accessible": true,
        "tags": [],
        "verticalGroup": "vg-escalator-24",
        "verticalLevels": [
          "L3F",
          "L2F"
        ]
      }
    },
    {
      "type": "Feature",
      "id": "fac-l3f-0298",
      "geometry": {
        "type": "Point",
        "coordinates": [
          215,
          -117.28
        ]
      },
      "properties": {
        "level": "L2F",
        "zone": "airside_intl",
        "verified": false,
        "category": "escalator",
        "name": "扶梯 24",
        "nameEn": "扶梯 24",
        "aliases": [],
        "pinyin": [],
        "location": "",
        "hours": null,
        "phone": null,
        "accessible": true,
        "tags": [],
        "verticalGroup": "vg-escalator-24",
        "verticalLevels": [
          "L3F",
          "L2F"
        ]
      }
    },
    {
      "type": "Feature",
      "id": "fac-l3f-0299",
      "geometry": {
        "type": "Polygon",
        "coordinates": [
          [
            [
              237.59,
              -119.43
            ],
            [
              235.7,
              -126.74
            ],
            [
              259.44,
              -132.77
            ],
            [
              261.03,
              -124.95
            ],
            [
              237.59,
              -119.43
            ]
          ]
        ]
      },
      "properties": {
        "level": "L3F",
        "zone": "airside_intl",
        "verified": false,
        "category": "seating",
        "name": "",
        "nameEn": "",
        "aliases": [],
        "pinyin": [],
        "location": "",
        "hours": null,
        "phone": null,
        "accessible": true,
        "tags": [],
        "public": true,
        "through": false
      }
    },
    {
      "type": "Feature",
      "id": "fac-l3f-0300",
      "geometry": {
        "type": "Polygon",
        "coordinates": [
          [
            [
              274.82,
              -129.03
            ],
            [
              272.23,
              -136.3
            ],
            [
              292.79,
              -142.72
            ],
            [
              294.98,
              -135.1
            ],
            [
              274.82,
              -129.03
            ]
          ]
        ]
      },
      "properties": {
        "level": "L3F",
        "zone": "airside_intl",
        "verified": false,
        "category": "seating",
        "name": "",
        "nameEn": "",
        "aliases": [],
        "pinyin": [],
        "location": "",
        "hours": null,
        "phone": null,
        "accessible": true,
        "tags": [],
        "public": true,
        "through": false
      }
    },
    {
      "type": "Feature",
      "id": "fac-l3f-0301",
      "geometry": {
        "type": "Point",
        "coordinates": [
          304.81,
          -142.58
        ]
      },
      "properties": {
        "level": "L3F",
        "zone": "airside_intl",
        "verified": false,
        "category": "elevator",
        "name": "电梯 30",
        "nameEn": "电梯 30",
        "aliases": [],
        "pinyin": [],
        "location": "",
        "hours": null,
        "phone": null,
        "accessible": true,
        "tags": [],
        "verticalGroup": "vg-elevator-30",
        "verticalLevels": [
          "L3F",
          "L2F"
        ]
      }
    },
    {
      "type": "Feature",
      "id": "fac-l3f-0302",
      "geometry": {
        "type": "Point",
        "coordinates": [
          304.81,
          -142.58
        ]
      },
      "properties": {
        "level": "L2F",
        "zone": "airside_intl",
        "verified": false,
        "category": "elevator",
        "name": "电梯 30",
        "nameEn": "电梯 30",
        "aliases": [],
        "pinyin": [],
        "location": "",
        "hours": null,
        "phone": null,
        "accessible": true,
        "tags": [],
        "verticalGroup": "vg-elevator-30",
        "verticalLevels": [
          "L3F",
          "L2F"
        ]
      }
    },
    {
      "type": "Feature",
      "id": "fac-l3f-0303",
      "geometry": {
        "type": "Point",
        "coordinates": [
          318.98,
          -148.71
        ]
      },
      "properties": {
        "level": "L3F",
        "zone": "airside_intl",
        "verified": false,
        "category": "escalator",
        "name": "扶梯 25",
        "nameEn": "扶梯 25",
        "aliases": [],
        "pinyin": [],
        "location": "",
        "hours": null,
        "phone": null,
        "accessible": true,
        "tags": [],
        "verticalGroup": "vg-escalator-25",
        "verticalLevels": [
          "L3F",
          "L2F"
        ]
      }
    },
    {
      "type": "Feature",
      "id": "fac-l3f-0304",
      "geometry": {
        "type": "Point",
        "coordinates": [
          318.98,
          -148.71
        ]
      },
      "properties": {
        "level": "L2F",
        "zone": "airside_intl",
        "verified": false,
        "category": "escalator",
        "name": "扶梯 25",
        "nameEn": "扶梯 25",
        "aliases": [],
        "pinyin": [],
        "location": "",
        "hours": null,
        "phone": null,
        "accessible": true,
        "tags": [],
        "verticalGroup": "vg-escalator-25",
        "verticalLevels": [
          "L3F",
          "L2F"
        ]
      }
    },
    {
      "type": "Feature",
      "id": "fac-l3f-0305",
      "geometry": {
        "type": "Polygon",
        "coordinates": [
          [
            [
              343.69,
              -154.39
            ],
            [
              340.75,
              -161.16
            ],
            [
              358.62,
              -169.17
            ],
            [
              361.46,
              -162.1
            ],
            [
              343.69,
              -154.39
            ]
          ]
        ]
      },
      "properties": {
        "level": "L3F",
        "zone": "airside_intl",
        "verified": false,
        "category": "seating",
        "name": "",
        "nameEn": "",
        "aliases": [],
        "pinyin": [],
        "location": "",
        "hours": null,
        "phone": null,
        "accessible": true,
        "tags": [],
        "public": true,
        "through": false
      }
    },
    {
      "type": "Feature",
      "id": "fac-l3f-0306",
      "geometry": {
        "type": "Point",
        "coordinates": [
          385.37,
          -179.48
        ]
      },
      "properties": {
        "level": "L3F",
        "zone": "airside_intl",
        "verified": false,
        "category": "escalator",
        "name": "扶梯 26",
        "nameEn": "扶梯 26",
        "aliases": [],
        "pinyin": [],
        "location": "",
        "hours": null,
        "phone": null,
        "accessible": true,
        "tags": [],
        "verticalGroup": "vg-escalator-26",
        "verticalLevels": [
          "L3F",
          "L2F"
        ]
      }
    },
    {
      "type": "Feature",
      "id": "fac-l3f-0307",
      "geometry": {
        "type": "Point",
        "coordinates": [
          385.37,
          -179.48
        ]
      },
      "properties": {
        "level": "L2F",
        "zone": "airside_intl",
        "verified": false,
        "category": "escalator",
        "name": "扶梯 26",
        "nameEn": "扶梯 26",
        "aliases": [],
        "pinyin": [],
        "location": "",
        "hours": null,
        "phone": null,
        "accessible": true,
        "tags": [],
        "verticalGroup": "vg-escalator-26",
        "verticalLevels": [
          "L3F",
          "L2F"
        ]
      }
    },
    {
      "type": "Feature",
      "id": "fac-l3f-0308",
      "geometry": {
        "type": "Point",
        "coordinates": [
          386.68,
          -176.29
        ]
      },
      "properties": {
        "level": "L3F",
        "zone": "airside_intl",
        "verified": false,
        "category": "escalator",
        "name": "扶梯 27",
        "nameEn": "扶梯 27",
        "aliases": [],
        "pinyin": [],
        "location": "",
        "hours": null,
        "phone": null,
        "accessible": true,
        "tags": [],
        "verticalGroup": "vg-escalator-27",
        "verticalLevels": [
          "L3F",
          "L2F"
        ]
      }
    },
    {
      "type": "Feature",
      "id": "fac-l3f-0309",
      "geometry": {
        "type": "Point",
        "coordinates": [
          386.68,
          -176.29
        ]
      },
      "properties": {
        "level": "L2F",
        "zone": "airside_intl",
        "verified": false,
        "category": "escalator",
        "name": "扶梯 27",
        "nameEn": "扶梯 27",
        "aliases": [],
        "pinyin": [],
        "location": "",
        "hours": null,
        "phone": null,
        "accessible": true,
        "tags": [],
        "verticalGroup": "vg-escalator-27",
        "verticalLevels": [
          "L3F",
          "L2F"
        ]
      }
    },
    {
      "type": "Feature",
      "id": "fac-l3f-0310",
      "geometry": {
        "type": "Point",
        "coordinates": [
          382.01,
          -176.12
        ]
      },
      "properties": {
        "level": "L3F",
        "zone": "airside_intl",
        "verified": false,
        "category": "escalator",
        "name": "扶梯 28",
        "nameEn": "扶梯 28",
        "aliases": [],
        "pinyin": [],
        "location": "",
        "hours": null,
        "phone": null,
        "accessible": true,
        "tags": [],
        "verticalGroup": "vg-escalator-28",
        "verticalLevels": [
          "L3F",
          "L2F"
        ]
      }
    },
    {
      "type": "Feature",
      "id": "fac-l3f-0311",
      "geometry": {
        "type": "Point",
        "coordinates": [
          382.01,
          -176.12
        ]
      },
      "properties": {
        "level": "L2F",
        "zone": "airside_intl",
        "verified": false,
        "category": "escalator",
        "name": "扶梯 28",
        "nameEn": "扶梯 28",
        "aliases": [],
        "pinyin": [],
        "location": "",
        "hours": null,
        "phone": null,
        "accessible": true,
        "tags": [],
        "verticalGroup": "vg-escalator-28",
        "verticalLevels": [
          "L3F",
          "L2F"
        ]
      }
    },
    {
      "type": "Feature",
      "id": "fac-l3f-0312",
      "geometry": {
        "type": "Point",
        "coordinates": [
          398.41,
          -187.14
        ]
      },
      "properties": {
        "level": "L3F",
        "zone": "airside_intl",
        "verified": false,
        "category": "escalator",
        "name": "扶梯 29",
        "nameEn": "扶梯 29",
        "aliases": [],
        "pinyin": [],
        "location": "",
        "hours": null,
        "phone": null,
        "accessible": true,
        "tags": [],
        "verticalGroup": "vg-escalator-29",
        "verticalLevels": [
          "L3F",
          "L2F"
        ]
      }
    },
    {
      "type": "Feature",
      "id": "fac-l3f-0313",
      "geometry": {
        "type": "Point",
        "coordinates": [
          398.41,
          -187.14
        ]
      },
      "properties": {
        "level": "L2F",
        "zone": "airside_intl",
        "verified": false,
        "category": "escalator",
        "name": "扶梯 29",
        "nameEn": "扶梯 29",
        "aliases": [],
        "pinyin": [],
        "location": "",
        "hours": null,
        "phone": null,
        "accessible": true,
        "tags": [],
        "verticalGroup": "vg-escalator-29",
        "verticalLevels": [
          "L3F",
          "L2F"
        ]
      }
    },
    {
      "type": "Feature",
      "id": "fac-l3f-0314",
      "geometry": {
        "type": "Point",
        "coordinates": [
          369.78,
          -167.35
        ]
      },
      "properties": {
        "level": "L3F",
        "zone": "airside_intl",
        "verified": false,
        "category": "gate",
        "aliases": [],
        "pinyin": [],
        "location": "",
        "hours": null,
        "phone": null,
        "accessible": true,
        "tags": [],
        "fields": {
          "gateNo": "E42"
        }
      }
    },
    {
      "type": "Feature",
      "id": "fac-l3f-0315",
      "geometry": {
        "type": "Point",
        "coordinates": [
          368.17,
          -171.53
        ]
      },
      "properties": {
        "level": "L3F",
        "zone": "airside_intl",
        "verified": false,
        "category": "gate",
        "aliases": [],
        "pinyin": [],
        "location": "",
        "hours": null,
        "phone": null,
        "accessible": true,
        "tags": [],
        "fields": {
          "gateNo": "E43"
        }
      }
    },
    {
      "type": "Feature",
      "id": "fac-l3f-0316",
      "geometry": {
        "type": "Point",
        "coordinates": [
          335.86,
          -156.41
        ]
      },
      "properties": {
        "level": "L3F",
        "zone": "airside_intl",
        "verified": false,
        "category": "gate",
        "aliases": [],
        "pinyin": [],
        "location": "",
        "hours": null,
        "phone": null,
        "accessible": true,
        "tags": [],
        "fields": {
          "gateNo": "E41"
        }
      }
    },
    {
      "type": "Feature",
      "id": "fac-l3f-0317",
      "geometry": {
        "type": "Point",
        "coordinates": [
          226.98,
          -121.3
        ]
      },
      "properties": {
        "level": "L3F",
        "zone": "airside_intl",
        "verified": false,
        "category": "gate",
        "aliases": [],
        "pinyin": [],
        "location": "",
        "hours": null,
        "phone": null,
        "accessible": true,
        "tags": [],
        "fields": {
          "gateNo": "E40"
        }
      }
    },
    {
      "type": "Feature",
      "id": "fac-l3f-0318",
      "geometry": {
        "type": "Point",
        "coordinates": [
          -4.26,
          -236.39
        ]
      },
      "properties": {
        "level": "L3F",
        "zone": "airside_intl",
        "verified": false,
        "category": "gate",
        "aliases": [],
        "pinyin": [],
        "location": "",
        "hours": null,
        "phone": null,
        "accessible": true,
        "tags": [],
        "fields": {
          "gateNo": "E80"
        }
      }
    },
    {
      "type": "Feature",
      "id": "fac-l3f-0319",
      "geometry": {
        "type": "Point",
        "coordinates": [
          24.26,
          -347.88
        ]
      },
      "properties": {
        "level": "L3F",
        "zone": "airside_intl",
        "verified": false,
        "category": "gate",
        "aliases": [],
        "pinyin": [],
        "location": "",
        "hours": null,
        "phone": null,
        "accessible": true,
        "tags": [],
        "fields": {
          "gateNo": "E81"
        }
      }
    },
    {
      "type": "Feature",
      "id": "fac-l3f-0320",
      "geometry": {
        "type": "Point",
        "coordinates": [
          25.82,
          -356.96
        ]
      },
      "properties": {
        "level": "L3F",
        "zone": "airside_intl",
        "verified": false,
        "category": "gate",
        "aliases": [],
        "pinyin": [],
        "location": "",
        "hours": null,
        "phone": null,
        "accessible": true,
        "tags": [],
        "fields": {
          "gateNo": "E82"
        }
      }
    },
    {
      "type": "Feature",
      "id": "fac-l3f-0321",
      "geometry": {
        "type": "Point",
        "coordinates": [
          32.9,
          -462.96
        ]
      },
      "properties": {
        "level": "L3F",
        "zone": "airside_intl",
        "verified": false,
        "category": "gate",
        "aliases": [],
        "pinyin": [],
        "location": "",
        "hours": null,
        "phone": null,
        "accessible": true,
        "tags": [],
        "fields": {
          "gateNo": "E83"
        }
      }
    },
    {
      "type": "Feature",
      "id": "fac-l3f-0322",
      "geometry": {
        "type": "Point",
        "coordinates": [
          25.41,
          -559.88
        ]
      },
      "properties": {
        "level": "L3F",
        "zone": "airside_intl",
        "verified": false,
        "category": "gate",
        "aliases": [],
        "pinyin": [],
        "location": "",
        "hours": null,
        "phone": null,
        "accessible": true,
        "tags": [],
        "fields": {
          "gateNo": "E84"
        }
      }
    },
    {
      "type": "Feature",
      "id": "fac-l3f-0323",
      "geometry": {
        "type": "Point",
        "coordinates": [
          22.79,
          -569.13
        ]
      },
      "properties": {
        "level": "L3F",
        "zone": "airside_intl",
        "verified": false,
        "category": "gate",
        "aliases": [],
        "pinyin": [],
        "location": "",
        "hours": null,
        "phone": null,
        "accessible": true,
        "tags": [],
        "fields": {
          "gateNo": "E85"
        }
      }
    },
    {
      "type": "Feature",
      "id": "fac-l3f-0324",
      "geometry": {
        "type": "Point",
        "coordinates": [
          17.44,
          -599.35
        ]
      },
      "properties": {
        "level": "L3F",
        "zone": "airside_intl",
        "verified": false,
        "category": "gate",
        "aliases": [],
        "pinyin": [],
        "location": "",
        "hours": null,
        "phone": null,
        "accessible": true,
        "tags": [],
        "fields": {
          "gateNo": "E86"
        }
      }
    },
    {
      "type": "Feature",
      "id": "fac-l3f-0325",
      "geometry": {
        "type": "Point",
        "coordinates": [
          16.94,
          -606.76
        ]
      },
      "properties": {
        "level": "L3F",
        "zone": "airside_intl",
        "verified": false,
        "category": "gate",
        "aliases": [],
        "pinyin": [],
        "location": "",
        "hours": null,
        "phone": null,
        "accessible": true,
        "tags": [],
        "fields": {
          "gateNo": "E87"
        }
      }
    },
    {
      "type": "Feature",
      "id": "fac-l3f-0326",
      "geometry": {
        "type": "Point",
        "coordinates": [
          20.51,
          -611.78
        ]
      },
      "properties": {
        "level": "L3F",
        "zone": "airside_intl",
        "verified": false,
        "category": "gate",
        "aliases": [],
        "pinyin": [],
        "location": "",
        "hours": null,
        "phone": null,
        "accessible": true,
        "tags": [],
        "fields": {
          "gateNo": "E88"
        }
      }
    },
    {
      "type": "Feature",
      "id": "fac-l3f-0327",
      "geometry": {
        "type": "Point",
        "coordinates": [
          28.65,
          -614.68
        ]
      },
      "properties": {
        "level": "L3F",
        "zone": "airside_intl",
        "verified": false,
        "category": "gate",
        "aliases": [],
        "pinyin": [],
        "location": "",
        "hours": null,
        "phone": null,
        "accessible": true,
        "tags": [],
        "fields": {
          "gateNo": "E89"
        }
      }
    },
    {
      "type": "Feature",
      "id": "fac-l3f-0328",
      "geometry": {
        "type": "Point",
        "coordinates": [
          88.47,
          -610.7
        ]
      },
      "properties": {
        "level": "L3F",
        "zone": "airside_intl",
        "verified": false,
        "category": "gate",
        "aliases": [],
        "pinyin": [],
        "location": "",
        "hours": null,
        "phone": null,
        "accessible": true,
        "tags": [],
        "fields": {
          "gateNo": "E90"
        }
      }
    },
    {
      "type": "Feature",
      "id": "fac-l3f-0329",
      "geometry": {
        "type": "Point",
        "coordinates": [
          119.32,
          -604.45
        ]
      },
      "properties": {
        "level": "L3F",
        "zone": "airside_intl",
        "verified": false,
        "category": "gate",
        "aliases": [],
        "pinyin": [],
        "location": "",
        "hours": null,
        "phone": null,
        "accessible": true,
        "tags": [],
        "fields": {
          "gateNo": "E91"
        }
      }
    },
    {
      "type": "Feature",
      "id": "fac-l3f-0330",
      "geometry": {
        "type": "Point",
        "coordinates": [
          125.19,
          -598.08
        ]
      },
      "properties": {
        "level": "L3F",
        "zone": "airside_intl",
        "verified": false,
        "category": "gate",
        "aliases": [],
        "pinyin": [],
        "location": "",
        "hours": null,
        "phone": null,
        "accessible": true,
        "tags": [],
        "fields": {
          "gateNo": "E92"
        }
      }
    },
    {
      "type": "Feature",
      "id": "fac-l3f-0331",
      "geometry": {
        "type": "Point",
        "coordinates": [
          124.62,
          -585.78
        ]
      },
      "properties": {
        "level": "L3F",
        "zone": "airside_intl",
        "verified": false,
        "category": "gate",
        "aliases": [],
        "pinyin": [],
        "location": "",
        "hours": null,
        "phone": null,
        "accessible": true,
        "tags": [],
        "fields": {
          "gateNo": "E93"
        }
      }
    },
    {
      "type": "Feature",
      "id": "fac-l3f-0332",
      "geometry": {
        "type": "Point",
        "coordinates": [
          121.06,
          -578.41
        ]
      },
      "properties": {
        "level": "L3F",
        "zone": "airside_intl",
        "verified": false,
        "category": "gate",
        "aliases": [],
        "pinyin": [],
        "location": "",
        "hours": null,
        "phone": null,
        "accessible": true,
        "tags": [],
        "fields": {
          "gateNo": "E94"
        }
      }
    },
    {
      "type": "Feature",
      "id": "fac-l3f-0333",
      "geometry": {
        "type": "Point",
        "coordinates": [
          105.16,
          -545.78
        ]
      },
      "properties": {
        "level": "L3F",
        "zone": "airside_intl",
        "verified": false,
        "category": "gate",
        "aliases": [],
        "pinyin": [],
        "location": "",
        "hours": null,
        "phone": null,
        "accessible": true,
        "tags": [],
        "fields": {
          "gateNo": "E95"
        }
      }
    },
    {
      "type": "Feature",
      "id": "fac-l3f-0334",
      "geometry": {
        "type": "Point",
        "coordinates": [
          74.66,
          -452.63
        ]
      },
      "properties": {
        "level": "L3F",
        "zone": "airside_intl",
        "verified": false,
        "category": "gate",
        "aliases": [],
        "pinyin": [],
        "location": "",
        "hours": null,
        "phone": null,
        "accessible": true,
        "tags": [],
        "fields": {
          "gateNo": "E96"
        }
      }
    },
    {
      "type": "Feature",
      "id": "fac-l3f-0335",
      "geometry": {
        "type": "Point",
        "coordinates": [
          72.12,
          -443.06
        ]
      },
      "properties": {
        "level": "L3F",
        "zone": "airside_intl",
        "verified": false,
        "category": "gate",
        "aliases": [],
        "pinyin": [],
        "location": "",
        "hours": null,
        "phone": null,
        "accessible": true,
        "tags": [],
        "fields": {
          "gateNo": "E97"
        }
      }
    },
    {
      "type": "Feature",
      "id": "fac-l3f-0336",
      "geometry": {
        "type": "Point",
        "coordinates": [
          57.48,
          -326.41
        ]
      },
      "properties": {
        "level": "L3F",
        "zone": "airside_intl",
        "verified": false,
        "category": "gate",
        "aliases": [],
        "pinyin": [],
        "location": "",
        "hours": null,
        "phone": null,
        "accessible": true,
        "tags": [],
        "fields": {
          "gateNo": "E98"
        }
      }
    },
    {
      "type": "Feature",
      "id": "fac-l3f-0337",
      "geometry": {
        "type": "Polygon",
        "coordinates": [
          [
            [
              3.46,
              -250.94
            ],
            [
              12.1,
              -278.87
            ],
            [
              24.36,
              -275.25
            ],
            [
              17.34,
              -247.1
            ],
            [
              3.46,
              -250.94
            ]
          ]
        ]
      },
      "properties": {
        "level": "L3F",
        "zone": "airside_intl",
        "verified": false,
        "category": "seating",
        "name": "",
        "nameEn": "",
        "aliases": [],
        "pinyin": [],
        "location": "",
        "hours": null,
        "phone": null,
        "accessible": true,
        "tags": [],
        "public": true,
        "through": false
      }
    },
    {
      "type": "Feature",
      "id": "fac-l3f-0338",
      "geometry": {
        "type": "Polygon",
        "coordinates": [
          [
            [
              13.49,
              -289.52
            ],
            [
              21.07,
              -319.57
            ],
            [
              22.3,
              -318.9
            ],
            [
              15,
              -288.85
            ],
            [
              13.49,
              -289.52
            ]
          ]
        ]
      },
      "properties": {
        "level": "L3F",
        "zone": "airside_intl",
        "verified": false,
        "category": "seating",
        "name": "",
        "nameEn": "",
        "aliases": [],
        "pinyin": [],
        "location": "",
        "hours": null,
        "phone": null,
        "accessible": true,
        "tags": [],
        "public": true,
        "through": false
      }
    },
    {
      "type": "Feature",
      "id": "fac-l3f-0339",
      "geometry": {
        "type": "Polygon",
        "coordinates": [
          [
            [
              30.96,
              -373.33
            ],
            [
              36.95,
              -372.45
            ],
            [
              34.29,
              -357.26
            ],
            [
              28.42,
              -357.97
            ],
            [
              30.96,
              -373.33
            ]
          ]
        ]
      },
      "properties": {
        "level": "L3F",
        "zone": "airside_intl",
        "verified": false,
        "category": "seating",
        "name": "",
        "nameEn": "",
        "aliases": [],
        "pinyin": [],
        "location": "",
        "hours": null,
        "phone": null,
        "accessible": true,
        "tags": [],
        "public": true,
        "through": false
      }
    },
    {
      "type": "Feature",
      "id": "fac-l3f-0340",
      "geometry": {
        "type": "Polygon",
        "coordinates": [
          [
            [
              34.32,
              -438.74
            ],
            [
              35.17,
              -452.34
            ],
            [
              43.92,
              -451.63
            ],
            [
              43.26,
              -438.16
            ],
            [
              34.32,
              -438.74
            ]
          ]
        ]
      },
      "properties": {
        "level": "L3F",
        "zone": "airside_intl",
        "verified": false,
        "category": "seating",
        "name": "",
        "nameEn": "",
        "aliases": [],
        "pinyin": [],
        "location": "",
        "hours": null,
        "phone": null,
        "accessible": true,
        "tags": [],
        "public": true,
        "through": false
      }
    },
    {
      "type": "Feature",
      "id": "fac-l3f-0341",
      "geometry": {
        "type": "Polygon",
        "coordinates": [
          [
            [
              35.89,
              -472.66
            ],
            [
              35.02,
              -492.7
            ],
            [
              41.68,
              -492.98
            ],
            [
              42.08,
              -472.58
            ],
            [
              35.89,
              -472.66
            ]
          ]
        ]
      },
      "properties": {
        "level": "L3F",
        "zone": "airside_intl",
        "verified": false,
        "category": "seating",
        "name": "",
        "nameEn": "",
        "aliases": [],
        "pinyin": [],
        "location": "",
        "hours": null,
        "phone": null,
        "accessible": true,
        "tags": [],
        "public": true,
        "through": false
      }
    },
    {
      "type": "Feature",
      "id": "fac-l3f-0342",
      "geometry": {
        "type": "Polygon",
        "coordinates": [
          [
            [
              29.28,
              -539.79
            ],
            [
              27.28,
              -553.17
            ],
            [
              37.92,
              -554.68
            ],
            [
              39.76,
              -541.02
            ],
            [
              29.28,
              -539.79
            ]
          ]
        ]
      },
      "properties": {
        "level": "L3F",
        "zone": "airside_intl",
        "verified": false,
        "category": "seating",
        "name": "",
        "nameEn": "",
        "aliases": [],
        "pinyin": [],
        "location": "",
        "hours": null,
        "phone": null,
        "accessible": true,
        "tags": [],
        "public": true,
        "through": false
      }
    },
    {
      "type": "Feature",
      "id": "fac-l3f-0343",
      "geometry": {
        "type": "Polygon",
        "coordinates": [
          [
            [
              23.99,
              -574.19
            ],
            [
              19.86,
              -593.65
            ],
            [
              29.34,
              -595.66
            ],
            [
              33.41,
              -575.86
            ],
            [
              23.99,
              -574.19
            ]
          ]
        ]
      },
      "properties": {
        "level": "L3F",
        "zone": "airside_intl",
        "verified": false,
        "category": "seating",
        "name": "",
        "nameEn": "",
        "aliases": [],
        "pinyin": [],
        "location": "",
        "hours": null,
        "phone": null,
        "accessible": true,
        "tags": [],
        "public": true,
        "through": false
      }
    },
    {
      "type": "Feature",
      "id": "fac-l3f-0344",
      "geometry": {
        "type": "Polygon",
        "coordinates": [
          [
            [
              31.89,
              -609.72
            ],
            [
              32.21,
              -615.27
            ],
            [
              73.36,
              -611.82
            ],
            [
              72.8,
              -605.95
            ],
            [
              31.89,
              -609.72
            ]
          ]
        ]
      },
      "properties": {
        "level": "L3F",
        "zone": "airside_intl",
        "verified": false,
        "category": "seating",
        "name": "",
        "nameEn": "",
        "aliases": [],
        "pinyin": [],
        "location": "",
        "hours": null,
        "phone": null,
        "accessible": true,
        "tags": [],
        "public": true,
        "through": false
      }
    },
    {
      "type": "Feature",
      "id": "fac-l3f-0345",
      "geometry": {
        "type": "Polygon",
        "coordinates": [
          [
            [
              98.24,
              -603.8
            ],
            [
              99.03,
              -608.76
            ],
            [
              113.99,
              -606.5
            ],
            [
              113.08,
              -601.58
            ],
            [
              98.24,
              -603.8
            ]
          ]
        ]
      },
      "properties": {
        "level": "L3F",
        "zone": "airside_intl",
        "verified": false,
        "category": "seating",
        "name": "",
        "nameEn": "",
        "aliases": [],
        "pinyin": [],
        "location": "",
        "hours": null,
        "phone": null,
        "accessible": true,
        "tags": [],
        "public": true,
        "through": false
      }
    },
    {
      "type": "Feature",
      "id": "fac-l3f-0346",
      "geometry": {
        "type": "Polygon",
        "coordinates": [
          [
            [
              103.75,
              -576.58
            ],
            [
              115.18,
              -572.57
            ],
            [
              108.12,
              -551.82
            ],
            [
              96.73,
              -555.83
            ],
            [
              103.75,
              -576.58
            ]
          ]
        ]
      },
      "properties": {
        "level": "L3F",
        "zone": "airside_intl",
        "verified": false,
        "category": "seating",
        "name": "",
        "nameEn": "",
        "aliases": [],
        "pinyin": [],
        "location": "",
        "hours": null,
        "phone": null,
        "accessible": true,
        "tags": [],
        "public": true,
        "through": false
      }
    },
    {
      "type": "Feature",
      "id": "fac-l3f-0347",
      "geometry": {
        "type": "Polygon",
        "coordinates": [
          [
            [
              91.93,
              -542.38
            ],
            [
              102.09,
              -538.17
            ],
            [
              98.71,
              -529.88
            ],
            [
              88.48,
              -534.2
            ],
            [
              91.93,
              -542.38
            ]
          ]
        ]
      },
      "properties": {
        "level": "L3F",
        "zone": "airside_intl",
        "verified": false,
        "category": "seating",
        "name": "",
        "nameEn": "",
        "aliases": [],
        "pinyin": [],
        "location": "",
        "hours": null,
        "phone": null,
        "accessible": true,
        "tags": [],
        "public": true,
        "through": false
      }
    },
    {
      "type": "Feature",
      "id": "fac-l3f-0348",
      "geometry": {
        "type": "Polygon",
        "coordinates": [
          [
            [
              76.41,
              -488.73
            ],
            [
              82.64,
              -486.78
            ],
            [
              76.93,
              -467.22
            ],
            [
              70.7,
              -469.12
            ],
            [
              76.41,
              -488.73
            ]
          ]
        ]
      },
      "properties": {
        "level": "L3F",
        "zone": "airside_intl",
        "verified": false,
        "category": "seating",
        "name": "",
        "nameEn": "",
        "aliases": [],
        "pinyin": [],
        "location": "",
        "hours": null,
        "phone": null,
        "accessible": true,
        "tags": [],
        "public": true,
        "through": false
      }
    },
    {
      "type": "Feature",
      "id": "fac-l3f-0349",
      "geometry": {
        "type": "Polygon",
        "coordinates": [
          [
            [
              63.27,
              -442.08
            ],
            [
              71.27,
              -440.39
            ],
            [
              65.05,
              -409.1
            ],
            [
              57.05,
              -410.66
            ],
            [
              63.27,
              -442.08
            ]
          ]
        ]
      },
      "properties": {
        "level": "L3F",
        "zone": "airside_intl",
        "verified": false,
        "category": "seating",
        "name": "",
        "nameEn": "",
        "aliases": [],
        "pinyin": [],
        "location": "",
        "hours": null,
        "phone": null,
        "accessible": true,
        "tags": [],
        "public": true,
        "through": false
      }
    },
    {
      "type": "Feature",
      "id": "fac-l3f-0350",
      "geometry": {
        "type": "Polygon",
        "coordinates": [
          [
            [
              47.01,
              -318.13
            ],
            [
              55.94,
              -317.13
            ],
            [
              53.94,
              -286.41
            ],
            [
              43.38,
              -287.91
            ],
            [
              47.01,
              -318.13
            ]
          ]
        ]
      },
      "properties": {
        "level": "L3F",
        "zone": "airside_intl",
        "verified": false,
        "category": "seating",
        "name": "",
        "nameEn": "",
        "aliases": [],
        "pinyin": [],
        "location": "",
        "hours": null,
        "phone": null,
        "accessible": true,
        "tags": [],
        "public": true,
        "through": false
      }
    },
    {
      "type": "Feature",
      "id": "fac-l3f-0351",
      "geometry": {
        "type": "Point",
        "coordinates": [
          10.47,
          -249
        ]
      },
      "properties": {
        "level": "L3F",
        "zone": "airside_intl",
        "verified": false,
        "category": "charging",
        "name": "",
        "nameEn": "",
        "aliases": [],
        "pinyin": [],
        "location": "",
        "hours": null,
        "phone": null,
        "accessible": true,
        "tags": []
      }
    },
    {
      "type": "Feature",
      "id": "fac-l3f-0352",
      "geometry": {
        "type": "Point",
        "coordinates": [
          52.74,
          -271.09
        ]
      },
      "properties": {
        "level": "L3F",
        "zone": "airside_intl",
        "verified": false,
        "category": "charging",
        "name": "",
        "nameEn": "",
        "aliases": [],
        "pinyin": [],
        "location": "",
        "hours": null,
        "phone": null,
        "accessible": true,
        "tags": []
      }
    },
    {
      "type": "Feature",
      "id": "fac-l3f-0353",
      "geometry": {
        "type": "Point",
        "coordinates": [
          60.66,
          -407.8
        ]
      },
      "properties": {
        "level": "L3F",
        "zone": "airside_intl",
        "verified": false,
        "category": "charging",
        "name": "",
        "nameEn": "",
        "aliases": [],
        "pinyin": [],
        "location": "",
        "hours": null,
        "phone": null,
        "accessible": true,
        "tags": []
      }
    },
    {
      "type": "Feature",
      "id": "fac-l3f-0354",
      "geometry": {
        "type": "Point",
        "coordinates": [
          37.58,
          -435.57
        ]
      },
      "properties": {
        "level": "L3F",
        "zone": "airside_intl",
        "verified": false,
        "category": "water",
        "name": "",
        "nameEn": "",
        "aliases": [],
        "pinyin": [],
        "location": "",
        "hours": null,
        "phone": null,
        "accessible": true,
        "tags": []
      }
    },
    {
      "type": "Feature",
      "id": "fac-l3f-0356",
      "geometry": {
        "type": "Point",
        "coordinates": [
          35.83,
          -535.22
        ]
      },
      "properties": {
        "level": "L3F",
        "zone": "airside_intl",
        "verified": false,
        "category": "charging",
        "name": "",
        "nameEn": "",
        "aliases": [],
        "pinyin": [],
        "location": "",
        "hours": null,
        "phone": null,
        "accessible": true,
        "tags": []
      }
    },
    {
      "type": "Feature",
      "id": "fac-l3f-0357",
      "geometry": {
        "type": "Point",
        "coordinates": [
          95.55,
          -524.73
        ]
      },
      "properties": {
        "level": "L3F",
        "zone": "airside_intl",
        "verified": false,
        "category": "charging",
        "name": "",
        "nameEn": "",
        "aliases": [],
        "pinyin": [],
        "location": "",
        "hours": null,
        "phone": null,
        "accessible": true,
        "tags": []
      }
    },
    {
      "type": "Feature",
      "id": "fac-l3f-0358",
      "geometry": {
        "type": "Point",
        "coordinates": [
          84.57,
          -520.32
        ]
      },
      "properties": {
        "level": "L3F",
        "zone": "airside_intl",
        "verified": false,
        "category": "water",
        "name": "",
        "nameEn": "",
        "aliases": [],
        "pinyin": [],
        "location": "",
        "hours": null,
        "phone": null,
        "accessible": true,
        "tags": []
      }
    },
    {
      "type": "Feature",
      "id": "fac-l3f-0359",
      "geometry": {
        "type": "Point",
        "coordinates": [
          79.11,
          -601.98
        ]
      },
      "properties": {
        "level": "L3F",
        "zone": "airside_intl",
        "verified": false,
        "category": "water",
        "name": "",
        "nameEn": "",
        "aliases": [],
        "pinyin": [],
        "location": "",
        "hours": null,
        "phone": null,
        "accessible": true,
        "tags": []
      }
    },
    {
      "type": "Feature",
      "id": "fac-l3f-0360",
      "geometry": {
        "type": "Polygon",
        "coordinates": [
          [
            [
              18.19,
              -295.21
            ],
            [
              27.2,
              -294.18
            ],
            [
              26.01,
              -284.58
            ],
            [
              24.78,
              -282.91
            ],
            [
              22.63,
              -282.36
            ],
            [
              17.4,
              -283.35
            ],
            [
              16.01,
              -284.62
            ],
            [
              16.2,
              -286.33
            ],
            [
              18.19,
              -295.21
            ]
          ]
        ]
      },
      "properties": {
        "level": "L3F",
        "zone": "airside_intl",
        "verified": false,
        "category": "commerce",
        "name": "京A",
        "nameEn": "",
        "aliases": [],
        "pinyin": [],
        "location": "",
        "hours": null,
        "phone": null,
        "accessible": true,
        "tags": [],
        "public": true,
        "through": false,
        "fields": {
          "kind": "餐饮"
        }
      }
    },
    {
      "type": "Feature",
      "id": "fac-l3f-0361",
      "geometry": {
        "type": "Polygon",
        "coordinates": [
          [
            [
              40.3,
              -264.41
            ],
            [
              43.59,
              -264.02
            ],
            [
              41.22,
              -249.28
            ],
            [
              53.76,
              -247.48
            ],
            [
              53.94,
              -245.56
            ],
            [
              52.91,
              -243.83
            ],
            [
              47.03,
              -241.38
            ],
            [
              45.54,
              -241.1
            ],
            [
              44.55,
              -241.63
            ],
            [
              38.95,
              -245.78
            ],
            [
              38.38,
              -246.94
            ],
            [
              38.1,
              -248.01
            ],
            [
              40.3,
              -264.41
            ]
          ]
        ]
      },
      "properties": {
        "level": "L3F",
        "zone": "airside_intl",
        "verified": false,
        "category": "commerce",
        "name": "稻香村/兴礼遇/熊猫屋",
        "nameEn": "",
        "aliases": [],
        "pinyin": [],
        "location": "",
        "hours": null,
        "phone": null,
        "accessible": true,
        "tags": [],
        "public": true,
        "through": false
      }
    },
    {
      "type": "Feature",
      "id": "fac-l3f-0362",
      "geometry": {
        "type": "Polygon",
        "coordinates": [
          [
            [
              40.47,
              -267.43
            ],
            [
              41.64,
              -277.25
            ],
            [
              44.66,
              -276.55
            ],
            [
              43.33,
              -266.98
            ],
            [
              40.47,
              -267.43
            ]
          ]
        ]
      },
      "properties": {
        "level": "L3F",
        "zone": "airside_intl",
        "verified": false,
        "category": "commerce",
        "name": "康来颜老白茶",
        "nameEn": "",
        "aliases": [],
        "pinyin": [],
        "location": "",
        "hours": null,
        "phone": null,
        "accessible": true,
        "tags": [],
        "public": true,
        "through": false,
        "fields": {
          "kind": "零售"
        }
      }
    },
    {
      "type": "Feature",
      "id": "fac-l3f-0363",
      "geometry": {
        "type": "Polygon",
        "coordinates": [
          [
            [
              55.04,
              -389.95
            ],
            [
              61.28,
              -389.04
            ],
            [
              59.54,
              -375.75
            ],
            [
              53.84,
              -376.48
            ],
            [
              55.04,
              -389.95
            ]
          ]
        ]
      },
      "properties": {
        "level": "L3F",
        "zone": "airside_intl",
        "verified": false,
        "category": "commerce",
        "name": "台绣",
        "nameEn": "",
        "aliases": [],
        "pinyin": [],
        "location": "",
        "hours": null,
        "phone": null,
        "accessible": true,
        "tags": [],
        "public": true,
        "through": false,
        "fields": {
          "kind": "零售"
        }
      }
    },
    {
      "type": "Feature",
      "id": "fac-l3f-0364",
      "geometry": {
        "type": "Polygon",
        "coordinates": [
          [
            [
              55.04,
              -389.95
            ],
            [
              56.53,
              -401.56
            ],
            [
              63.05,
              -400.74
            ],
            [
              61.28,
              -389.04
            ],
            [
              55.04,
              -389.95
            ]
          ]
        ]
      },
      "properties": {
        "level": "L3F",
        "zone": "airside_intl",
        "verified": false,
        "category": "commerce",
        "name": "熊猫礼品店",
        "nameEn": "",
        "aliases": [],
        "pinyin": [],
        "location": "",
        "hours": null,
        "phone": null,
        "accessible": true,
        "tags": [],
        "public": true,
        "through": false,
        "fields": {
          "kind": "礼品 零售"
        }
      }
    },
    {
      "type": "Feature",
      "id": "fac-l3f-0365",
      "geometry": {
        "type": "Polygon",
        "coordinates": [
          [
            [
              35.63,
              -495.61
            ],
            [
              34.79,
              -506.01
            ],
            [
              41.46,
              -506.76
            ],
            [
              41.19,
              -495.87
            ],
            [
              35.63,
              -495.61
            ]
          ]
        ]
      },
      "properties": {
        "level": "L3F",
        "zone": "airside_intl",
        "verified": false,
        "category": "commerce",
        "name": "全家便利店",
        "nameEn": "familymart",
        "aliases": [],
        "pinyin": [],
        "location": "",
        "hours": null,
        "phone": null,
        "accessible": true,
        "tags": [],
        "public": true,
        "through": false,
        "fields": {
          "kind": "便利"
        }
      }
    },
    {
      "type": "Feature",
      "id": "fac-l3f-0366",
      "geometry": {
        "type": "Polygon",
        "coordinates": [
          [
            [
              77.61,
              -493.5
            ],
            [
              79.95,
              -501.82
            ],
            [
              86.47,
              -499.78
            ],
            [
              83.53,
              -491.76
            ],
            [
              77.61,
              -493.5
            ]
          ]
        ]
      },
      "properties": {
        "level": "L3F",
        "zone": "airside_intl",
        "verified": false,
        "category": "commerce",
        "name": "星巴克",
        "nameEn": "starbucks",
        "aliases": [],
        "pinyin": [],
        "location": "",
        "hours": null,
        "phone": null,
        "accessible": true,
        "tags": [],
        "public": true,
        "through": false
      }
    },
    {
      "type": "Feature",
      "id": "fac-l3f-0367",
      "geometry": {
        "type": "Point",
        "coordinates": [
          48.42,
          -589.39
        ]
      },
      "properties": {
        "level": "L4F",
        "zone": "airside_intl",
        "verified": false,
        "category": "escalator",
        "name": "扶梯 30",
        "nameEn": "扶梯 30",
        "aliases": [],
        "pinyin": [],
        "location": "",
        "hours": null,
        "phone": null,
        "accessible": true,
        "tags": [],
        "verticalGroup": "vg-escalator-30",
        "verticalLevels": [
          "L4F",
          "L3F"
        ]
      }
    },
    {
      "type": "Feature",
      "id": "fac-l3f-0368",
      "geometry": {
        "type": "Point",
        "coordinates": [
          48.42,
          -589.39
        ]
      },
      "properties": {
        "level": "L3F",
        "zone": "airside_intl",
        "verified": false,
        "category": "escalator",
        "name": "扶梯 30",
        "nameEn": "扶梯 30",
        "aliases": [],
        "pinyin": [],
        "location": "",
        "hours": null,
        "phone": null,
        "accessible": true,
        "tags": [],
        "verticalGroup": "vg-escalator-30",
        "verticalLevels": [
          "L4F",
          "L3F"
        ]
      }
    },
    {
      "type": "Feature",
      "id": "fac-l3f-0369",
      "geometry": {
        "type": "Point",
        "coordinates": [
          92.29,
          -584.01
        ]
      },
      "properties": {
        "level": "L4F",
        "zone": "airside_intl",
        "verified": false,
        "category": "escalator",
        "name": "扶梯 31",
        "nameEn": "扶梯 31",
        "aliases": [],
        "pinyin": [],
        "location": "",
        "hours": null,
        "phone": null,
        "accessible": true,
        "tags": [],
        "verticalGroup": "vg-escalator-31",
        "verticalLevels": [
          "L4F",
          "L3F"
        ]
      }
    },
    {
      "type": "Feature",
      "id": "fac-l3f-0370",
      "geometry": {
        "type": "Point",
        "coordinates": [
          92.29,
          -584.01
        ]
      },
      "properties": {
        "level": "L3F",
        "zone": "airside_intl",
        "verified": false,
        "category": "escalator",
        "name": "扶梯 31",
        "nameEn": "扶梯 31",
        "aliases": [],
        "pinyin": [],
        "location": "",
        "hours": null,
        "phone": null,
        "accessible": true,
        "tags": [],
        "verticalGroup": "vg-escalator-31",
        "verticalLevels": [
          "L4F",
          "L3F"
        ]
      }
    },
    {
      "type": "Feature",
      "id": "fac-l3f-0371",
      "geometry": {
        "type": "Point",
        "coordinates": [
          70.36,
          -585.89
        ]
      },
      "properties": {
        "level": "L4F",
        "zone": "airside_intl",
        "verified": false,
        "category": "elevator",
        "name": "电梯 31",
        "nameEn": "电梯 31",
        "aliases": [],
        "pinyin": [],
        "location": "",
        "hours": null,
        "phone": null,
        "accessible": true,
        "tags": [],
        "verticalGroup": "vg-elevator-31",
        "verticalLevels": [
          "L4F",
          "L3F"
        ]
      }
    },
    {
      "type": "Feature",
      "id": "fac-l3f-0372",
      "geometry": {
        "type": "Point",
        "coordinates": [
          70.36,
          -585.89
        ]
      },
      "properties": {
        "level": "L3F",
        "zone": "airside_intl",
        "verified": false,
        "category": "elevator",
        "name": "电梯 31",
        "nameEn": "电梯 31",
        "aliases": [],
        "pinyin": [],
        "location": "",
        "hours": null,
        "phone": null,
        "accessible": true,
        "tags": [],
        "verticalGroup": "vg-elevator-31",
        "verticalLevels": [
          "L4F",
          "L3F"
        ]
      }
    },
    {
      "type": "Feature",
      "id": "fac-l3f-0373",
      "geometry": {
        "type": "Point",
        "coordinates": [
          49.11,
          -587.58
        ]
      },
      "properties": {
        "level": "L4F",
        "zone": "airside_intl",
        "verified": false,
        "category": "stairs",
        "name": "楼梯 05",
        "nameEn": "楼梯 05",
        "aliases": [],
        "pinyin": [],
        "location": "",
        "hours": null,
        "phone": null,
        "accessible": true,
        "tags": [],
        "verticalGroup": "vg-stairs-05",
        "verticalLevels": [
          "L4F",
          "L3F"
        ]
      }
    },
    {
      "type": "Feature",
      "id": "fac-l3f-0374",
      "geometry": {
        "type": "Point",
        "coordinates": [
          49.11,
          -587.58
        ]
      },
      "properties": {
        "level": "L3F",
        "zone": "airside_intl",
        "verified": false,
        "category": "stairs",
        "name": "楼梯 05",
        "nameEn": "楼梯 05",
        "aliases": [],
        "pinyin": [],
        "location": "",
        "hours": null,
        "phone": null,
        "accessible": true,
        "tags": [],
        "verticalGroup": "vg-stairs-05",
        "verticalLevels": [
          "L4F",
          "L3F"
        ]
      }
    },
    {
      "type": "Feature",
      "id": "fac-l3f-0375",
      "geometry": {
        "type": "Point",
        "coordinates": [
          91.72,
          -582.46
        ]
      },
      "properties": {
        "level": "L4F",
        "zone": "airside_intl",
        "verified": false,
        "category": "stairs",
        "name": "楼梯 06",
        "nameEn": "楼梯 06",
        "aliases": [],
        "pinyin": [],
        "location": "",
        "hours": null,
        "phone": null,
        "accessible": true,
        "tags": [],
        "verticalGroup": "vg-stairs-06",
        "verticalLevels": [
          "L4F",
          "L3F"
        ]
      }
    },
    {
      "type": "Feature",
      "id": "fac-l3f-0376",
      "geometry": {
        "type": "Point",
        "coordinates": [
          91.72,
          -582.46
        ]
      },
      "properties": {
        "level": "L3F",
        "zone": "airside_intl",
        "verified": false,
        "category": "stairs",
        "name": "楼梯 06",
        "nameEn": "楼梯 06",
        "aliases": [],
        "pinyin": [],
        "location": "",
        "hours": null,
        "phone": null,
        "accessible": true,
        "tags": [],
        "verticalGroup": "vg-stairs-06",
        "verticalLevels": [
          "L4F",
          "L3F"
        ]
      }
    },
    {
      "type": "Feature",
      "id": "fac-l3f-0377",
      "geometry": {
        "type": "Polygon",
        "coordinates": [
          [
            [
              94.84,
              -589.38
            ],
            [
              96.33,
              -599.02
            ],
            [
              99.58,
              -598.56
            ],
            [
              101.2,
              -597.81
            ],
            [
              101.6,
              -596.42
            ],
            [
              101.65,
              -595.38
            ],
            [
              99.81,
              -589
            ],
            [
              94.84,
              -589.38
            ]
          ]
        ]
      },
      "properties": {
        "level": "L3F",
        "zone": "airside_intl",
        "verified": false,
        "category": "commerce",
        "name": "蔚蓝书店",
        "nameEn": "",
        "aliases": [],
        "pinyin": [],
        "location": "",
        "hours": null,
        "phone": null,
        "accessible": true,
        "tags": [],
        "public": true,
        "through": false
      }
    },
    {
      "type": "Feature",
      "id": "fac-l3f-0378",
      "geometry": {
        "type": "Polygon",
        "coordinates": [
          [
            [
              74.06,
              -592.2
            ],
            [
              74.62,
              -596.89
            ],
            [
              76.13,
              -596.74
            ],
            [
              76.61,
              -601.51
            ],
            [
              82.41,
              -600.85
            ],
            [
              81.63,
              -596.06
            ],
            [
              79.64,
              -596.14
            ],
            [
              79.44,
              -594.07
            ],
            [
              77.32,
              -594.3
            ],
            [
              77.04,
              -591.88
            ],
            [
              74.06,
              -592.2
            ]
          ]
        ]
      },
      "properties": {
        "level": "L3F",
        "zone": "airside_intl",
        "verified": false,
        "category": "restroom",
        "nameEn": "",
        "aliases": [],
        "pinyin": [],
        "location": "",
        "hours": null,
        "phone": null,
        "accessible": true,
        "tags": [],
        "public": true,
        "through": false,
        "fields": {
          "restroomType": "female"
        }
      }
    },
    {
      "type": "Feature",
      "id": "fac-l3f-0379",
      "geometry": {
        "type": "Polygon",
        "coordinates": [
          [
            [
              82.11,
              -593.64
            ],
            [
              82.64,
              -598.21
            ],
            [
              85.71,
              -597.8
            ],
            [
              84.98,
              -593.26
            ],
            [
              82.11,
              -593.64
            ]
          ]
        ]
      },
      "properties": {
        "level": "L3F",
        "zone": "airside_intl",
        "verified": false,
        "category": "restroom",
        "nameEn": "",
        "aliases": [],
        "pinyin": [],
        "location": "",
        "hours": null,
        "phone": null,
        "accessible": true,
        "tags": [],
        "public": true,
        "through": false,
        "fields": {
          "restroomType": "accessible"
        }
      }
    },
    {
      "type": "Feature",
      "id": "fac-l3f-0380",
      "geometry": {
        "type": "Polygon",
        "coordinates": [
          [
            [
              85.82,
              -593.72
            ],
            [
              86.67,
              -599.84
            ],
            [
              90.43,
              -599.29
            ],
            [
              90.43,
              -598.58
            ],
            [
              94.29,
              -597.98
            ],
            [
              93.13,
              -589.93
            ],
            [
              89.27,
              -590.34
            ],
            [
              89.32,
              -590.34
            ],
            [
              89.72,
              -592.73
            ],
            [
              87.53,
              -592.98
            ],
            [
              87.61,
              -593.29
            ],
            [
              85.82,
              -593.72
            ]
          ]
        ]
      },
      "properties": {
        "level": "L3F",
        "zone": "airside_intl",
        "verified": false,
        "category": "restroom",
        "nameEn": "",
        "aliases": [],
        "pinyin": [],
        "location": "",
        "hours": null,
        "phone": null,
        "accessible": true,
        "tags": [],
        "public": true,
        "through": false,
        "fields": {
          "restroomType": "male"
        }
      }
    },
    {
      "type": "Feature",
      "id": "fac-l3f-0381",
      "geometry": {
        "type": "Polygon",
        "coordinates": [
          [
            [
              85.75,
              -514.7
            ],
            [
              86.24,
              -516.97
            ],
            [
              85.36,
              -517.22
            ],
            [
              87.28,
              -524.34
            ],
            [
              88.09,
              -524.04
            ],
            [
              88.4,
              -525.44
            ],
            [
              92.23,
              -524.38
            ],
            [
              89.8,
              -515.87
            ],
            [
              90.48,
              -515.58
            ],
            [
              89.69,
              -513.44
            ],
            [
              85.75,
              -514.7
            ]
          ]
        ]
      },
      "properties": {
        "level": "L3F",
        "zone": "airside_intl",
        "verified": false,
        "category": "restroom",
        "nameEn": "",
        "aliases": [],
        "pinyin": [],
        "location": "",
        "hours": null,
        "phone": null,
        "accessible": true,
        "tags": [],
        "public": true,
        "through": false,
        "fields": {
          "restroomType": "female"
        }
      }
    },
    {
      "type": "Feature",
      "id": "fac-l3f-0382",
      "geometry": {
        "type": "Polygon",
        "coordinates": [
          [
            [
              82.6,
              -506.93
            ],
            [
              83.77,
              -510.72
            ],
            [
              86.96,
              -509.63
            ],
            [
              85.81,
              -506.05
            ],
            [
              82.6,
              -506.93
            ]
          ]
        ]
      },
      "properties": {
        "level": "L3F",
        "zone": "airside_intl",
        "verified": false,
        "category": "restroom",
        "nameEn": "",
        "aliases": [],
        "pinyin": [],
        "location": "",
        "hours": null,
        "phone": null,
        "accessible": true,
        "tags": [],
        "public": true,
        "through": false,
        "fields": {
          "restroomType": "accessible"
        }
      }
    },
    {
      "type": "Feature",
      "id": "fac-l3f-0383",
      "geometry": {
        "type": "Polygon",
        "coordinates": [
          [
            [
              86.96,
              -509.63
            ],
            [
              89.03,
              -508.96
            ],
            [
              87.64,
              -505.02
            ],
            [
              86.81,
              -505.11
            ],
            [
              85.34,
              -500.13
            ],
            [
              80.97,
              -501.5
            ],
            [
              82.6,
              -506.93
            ],
            [
              85.81,
              -506.05
            ],
            [
              86.96,
              -509.63
            ]
          ]
        ]
      },
      "properties": {
        "level": "L3F",
        "zone": "airside_intl",
        "verified": false,
        "category": "restroom",
        "nameEn": "",
        "aliases": [],
        "pinyin": [],
        "location": "",
        "hours": null,
        "phone": null,
        "accessible": true,
        "tags": [],
        "public": true,
        "through": false,
        "fields": {
          "restroomType": "male"
        }
      }
    },
    {
      "type": "Feature",
      "id": "fac-l3f-0384",
      "geometry": {
        "type": "Polygon",
        "coordinates": [
          [
            [
              36.4,
              -403.89
            ],
            [
              36.7,
              -406.56
            ],
            [
              40.05,
              -406.23
            ],
            [
              39.65,
              -403.28
            ],
            [
              36.4,
              -403.89
            ]
          ]
        ]
      },
      "properties": {
        "level": "L3F",
        "zone": "airside_intl",
        "verified": false,
        "category": "restroom",
        "nameEn": "",
        "aliases": [],
        "pinyin": [],
        "location": "",
        "hours": null,
        "phone": null,
        "accessible": true,
        "tags": [],
        "public": true,
        "through": false,
        "fields": {
          "restroomType": "accessible"
        }
      }
    },
    {
      "type": "Feature",
      "id": "fac-l3f-0385",
      "geometry": {
        "type": "Polygon",
        "coordinates": [
          [
            [
              36.4,
              -403.89
            ],
            [
              33.77,
              -404.06
            ],
            [
              35.14,
              -415.03
            ],
            [
              40.48,
              -414.4
            ],
            [
              40.05,
              -406.23
            ],
            [
              36.7,
              -406.56
            ],
            [
              36.4,
              -403.89
            ]
          ]
        ]
      },
      "properties": {
        "level": "L3F",
        "zone": "airside_intl",
        "verified": false,
        "category": "restroom",
        "nameEn": "",
        "aliases": [],
        "pinyin": [],
        "location": "",
        "hours": null,
        "phone": null,
        "accessible": true,
        "tags": [],
        "public": true,
        "through": false,
        "fields": {
          "restroomType": "male"
        }
      }
    },
    {
      "type": "Feature",
      "id": "fac-l3f-0386",
      "geometry": {
        "type": "Polygon",
        "coordinates": [
          [
            [
              33.7,
              -401.06
            ],
            [
              37.73,
              -400.61
            ],
            [
              37.2,
              -398.34
            ],
            [
              38.04,
              -398.16
            ],
            [
              37.31,
              -392.66
            ],
            [
              36.5,
              -392.54
            ],
            [
              36.02,
              -389.71
            ],
            [
              32.44,
              -389.97
            ],
            [
              33.7,
              -401.06
            ]
          ]
        ]
      },
      "properties": {
        "level": "L3F",
        "zone": "airside_intl",
        "verified": false,
        "category": "restroom",
        "nameEn": "",
        "aliases": [],
        "pinyin": [],
        "location": "",
        "hours": null,
        "phone": null,
        "accessible": true,
        "tags": [],
        "public": true,
        "through": false,
        "fields": {
          "restroomType": "female"
        }
      }
    },
    {
      "type": "Feature",
      "id": "fac-l3f-0387",
      "geometry": {
        "type": "Polygon",
        "coordinates": [
          [
            [
              44.16,
              -266.81
            ],
            [
              44.59,
              -269.63
            ],
            [
              47.81,
              -269.08
            ],
            [
              47.43,
              -266.38
            ],
            [
              44.16,
              -266.81
            ]
          ]
        ]
      },
      "properties": {
        "level": "L3F",
        "zone": "airside_intl",
        "verified": false,
        "category": "restroom",
        "nameEn": "",
        "aliases": [],
        "pinyin": [],
        "location": "",
        "hours": null,
        "phone": null,
        "accessible": true,
        "tags": [],
        "public": true,
        "through": false,
        "fields": {
          "restroomType": "accessible"
        }
      }
    },
    {
      "type": "Feature",
      "id": "fac-l3f-0388",
      "geometry": {
        "type": "Polygon",
        "coordinates": [
          [
            [
              43.87,
              -263.76
            ],
            [
              49.32,
              -263.19
            ],
            [
              48.85,
              -260.94
            ],
            [
              47.96,
              -261.17
            ],
            [
              46.47,
              -248.53
            ],
            [
              41.97,
              -249.17
            ],
            [
              43.87,
              -263.76
            ]
          ]
        ]
      },
      "properties": {
        "level": "L3F",
        "zone": "airside_intl",
        "verified": false,
        "category": "restroom",
        "nameEn": "",
        "aliases": [],
        "pinyin": [],
        "location": "",
        "hours": null,
        "phone": null,
        "accessible": true,
        "tags": [],
        "public": true,
        "through": false,
        "fields": {
          "restroomType": "female"
        }
      }
    },
    {
      "type": "Feature",
      "id": "fac-l3f-0389",
      "geometry": {
        "type": "Polygon",
        "coordinates": [
          [
            [
              47.43,
              -266.38
            ],
            [
              49.57,
              -266.15
            ],
            [
              50.28,
              -271.84
            ],
            [
              49.01,
              -272.11
            ],
            [
              49.77,
              -275.94
            ],
            [
              45.54,
              -276.55
            ],
            [
              44.59,
              -269.63
            ],
            [
              47.81,
              -269.08
            ],
            [
              47.43,
              -266.38
            ]
          ]
        ]
      },
      "properties": {
        "level": "L3F",
        "zone": "airside_intl",
        "verified": false,
        "category": "restroom",
        "nameEn": "",
        "aliases": [],
        "pinyin": [],
        "location": "",
        "hours": null,
        "phone": null,
        "accessible": true,
        "tags": [],
        "public": true,
        "through": false,
        "fields": {
          "restroomType": "male"
        }
      }
    },
    {
      "type": "Feature",
      "id": "fac-l3f-0390",
      "geometry": {
        "type": "Polygon",
        "coordinates": [
          [
            [
              -102.16,
              -136.34
            ],
            [
              -101.78,
              -141.01
            ],
            [
              -88.97,
              -141.85
            ],
            [
              -88.4,
              -133.23
            ],
            [
              -98.96,
              -134.04
            ],
            [
              -102.16,
              -136.34
            ]
          ]
        ]
      },
      "properties": {
        "level": "L3F",
        "zone": "airside_intl",
        "verified": false,
        "category": "commerce",
        "name": "免税店",
        "nameEn": "",
        "aliases": [],
        "pinyin": [],
        "location": "",
        "hours": null,
        "phone": null,
        "accessible": true,
        "tags": [],
        "public": true,
        "through": false,
        "fields": {
          "kind": "免税"
        }
      }
    },
    {
      "type": "Feature",
      "id": "fac-l3f-0391",
      "geometry": {
        "type": "Polygon",
        "coordinates": [
          [
            [
              -88.4,
              -133.23
            ],
            [
              -88.89,
              -140.67
            ],
            [
              -78.35,
              -141.43
            ],
            [
              -73.18,
              -135.54
            ],
            [
              -75.78,
              -133.77
            ],
            [
              -79.25,
              -133.47
            ],
            [
              -88.4,
              -133.23
            ]
          ]
        ]
      },
      "properties": {
        "level": "L3F",
        "zone": "airside_intl",
        "verified": false,
        "category": "commerce",
        "name": "免税店",
        "nameEn": "",
        "aliases": [],
        "pinyin": [],
        "location": "",
        "hours": null,
        "phone": null,
        "accessible": true,
        "tags": [],
        "public": true,
        "through": false,
        "fields": {
          "kind": "免税"
        }
      }
    },
    {
      "type": "Feature",
      "id": "fac-l3f-0392",
      "geometry": {
        "type": "Polygon",
        "coordinates": [
          [
            [
              -76.68,
              -139.52
            ],
            [
              -76.23,
              -143.91
            ],
            [
              -77.73,
              -144.39
            ],
            [
              -76.83,
              -151.6
            ],
            [
              -72.28,
              -153.07
            ],
            [
              -70.79,
              -152.26
            ],
            [
              -69.95,
              -151.18
            ],
            [
              -71.06,
              -140.11
            ],
            [
              -71.42,
              -137.72
            ],
            [
              -73.18,
              -135.54
            ],
            [
              -76.68,
              -139.52
            ]
          ]
        ]
      },
      "properties": {
        "level": "L3F",
        "zone": "airside_intl",
        "verified": false,
        "category": "commerce",
        "name": "免税店",
        "nameEn": "",
        "aliases": [],
        "pinyin": [],
        "location": "",
        "hours": null,
        "phone": null,
        "accessible": true,
        "tags": [],
        "public": true,
        "through": false,
        "fields": {
          "kind": "免税"
        }
      }
    },
    {
      "type": "Feature",
      "id": "fac-l3f-0393",
      "geometry": {
        "type": "Polygon",
        "coordinates": [
          [
            [
              -141.87,
              -124.01
            ],
            [
              -135.5,
              -132.48
            ],
            [
              -128.41,
              -127.3
            ],
            [
              -129.37,
              -121.08
            ],
            [
              -132.36,
              -120.6
            ],
            [
              -136.13,
              -120.93
            ],
            [
              -138.73,
              -122.46
            ],
            [
              -141.87,
              -124.01
            ]
          ]
        ]
      },
      "properties": {
        "level": "L3F",
        "zone": "airside_intl",
        "verified": false,
        "category": "commerce",
        "name": "无敌家",
        "nameEn": "",
        "aliases": [],
        "pinyin": [],
        "location": "",
        "hours": null,
        "phone": null,
        "accessible": true,
        "tags": [],
        "public": true,
        "through": false,
        "fields": {
          "kind": "餐饮"
        }
      }
    },
    {
      "type": "Feature",
      "id": "fac-l3f-0394",
      "geometry": {
        "type": "Polygon",
        "coordinates": [
          [
            [
              -128.41,
              -127.3
            ],
            [
              -121.65,
              -130.23
            ],
            [
              -121.38,
              -130.77
            ],
            [
              -120.48,
              -130.59
            ],
            [
              -121.59,
              -127.15
            ],
            [
              -123,
              -125.18
            ],
            [
              -124.46,
              -123.62
            ],
            [
              -126.29,
              -122.16
            ],
            [
              -129.37,
              -121.08
            ],
            [
              -128.41,
              -127.3
            ]
          ]
        ]
      },
      "properties": {
        "level": "L3F",
        "zone": "airside_intl",
        "verified": false,
        "category": "commerce",
        "name": "肯德基",
        "nameEn": "",
        "aliases": [],
        "pinyin": [],
        "location": "",
        "hours": null,
        "phone": null,
        "accessible": true,
        "tags": [],
        "public": true,
        "through": false,
        "fields": {
          "kind": "餐饮"
        }
      }
    },
    {
      "type": "Feature",
      "id": "fac-l3f-0395",
      "geometry": {
        "type": "Point",
        "coordinates": [
          -142.67,
          -158.73
        ]
      },
      "properties": {
        "level": "L3F",
        "zone": "airside_intl",
        "verified": false,
        "category": "escalator",
        "name": "扶梯 32",
        "nameEn": "扶梯 32",
        "aliases": [],
        "pinyin": [],
        "location": "",
        "hours": null,
        "phone": null,
        "accessible": true,
        "tags": [],
        "verticalGroup": "vg-escalator-32",
        "verticalLevels": [
          "L3F",
          "L2F"
        ]
      }
    },
    {
      "type": "Feature",
      "id": "fac-l3f-0396",
      "geometry": {
        "type": "Point",
        "coordinates": [
          -142.67,
          -158.73
        ]
      },
      "properties": {
        "level": "L2F",
        "zone": "airside_intl",
        "verified": false,
        "category": "escalator",
        "name": "扶梯 32",
        "nameEn": "扶梯 32",
        "aliases": [],
        "pinyin": [],
        "location": "",
        "hours": null,
        "phone": null,
        "accessible": true,
        "tags": [],
        "verticalGroup": "vg-escalator-32",
        "verticalLevels": [
          "L3F",
          "L2F"
        ]
      }
    },
    {
      "type": "Feature",
      "id": "fac-l3f-0397",
      "geometry": {
        "type": "Point",
        "coordinates": [
          -160.01,
          -156.89
        ]
      },
      "properties": {
        "level": "L3F",
        "zone": "airside_intl",
        "verified": false,
        "category": "elevator",
        "name": "电梯 32",
        "nameEn": "电梯 32",
        "aliases": [],
        "pinyin": [],
        "location": "",
        "hours": null,
        "phone": null,
        "accessible": true,
        "tags": [],
        "verticalGroup": "vg-elevator-32",
        "verticalLevels": [
          "L3F",
          "L2F"
        ]
      }
    },
    {
      "type": "Feature",
      "id": "fac-l3f-0398",
      "geometry": {
        "type": "Point",
        "coordinates": [
          -160.01,
          -156.89
        ]
      },
      "properties": {
        "level": "L2F",
        "zone": "airside_intl",
        "verified": false,
        "category": "elevator",
        "name": "电梯 32",
        "nameEn": "电梯 32",
        "aliases": [],
        "pinyin": [],
        "location": "",
        "hours": null,
        "phone": null,
        "accessible": true,
        "tags": [],
        "verticalGroup": "vg-elevator-32",
        "verticalLevels": [
          "L3F",
          "L2F"
        ]
      }
    },
    {
      "type": "Feature",
      "id": "fac-l3f-0399",
      "geometry": {
        "type": "Point",
        "coordinates": [
          -262.75,
          -210.92
        ]
      },
      "properties": {
        "level": "L3F",
        "zone": "airside_intl",
        "verified": false,
        "category": "escalator",
        "name": "扶梯 33",
        "nameEn": "扶梯 33",
        "aliases": [],
        "pinyin": [],
        "location": "",
        "hours": null,
        "phone": null,
        "accessible": true,
        "tags": [],
        "verticalGroup": "vg-escalator-33",
        "verticalLevels": [
          "L3F",
          "L2F"
        ]
      }
    },
    {
      "type": "Feature",
      "id": "fac-l3f-0400",
      "geometry": {
        "type": "Point",
        "coordinates": [
          -262.75,
          -210.92
        ]
      },
      "properties": {
        "level": "L2F",
        "zone": "airside_intl",
        "verified": false,
        "category": "escalator",
        "name": "扶梯 33",
        "nameEn": "扶梯 33",
        "aliases": [],
        "pinyin": [],
        "location": "",
        "hours": null,
        "phone": null,
        "accessible": true,
        "tags": [],
        "verticalGroup": "vg-escalator-33",
        "verticalLevels": [
          "L3F",
          "L2F"
        ]
      }
    },
    {
      "type": "Feature",
      "id": "fac-l3f-0401",
      "geometry": {
        "type": "Point",
        "coordinates": [
          -261.43,
          -212.42
        ]
      },
      "properties": {
        "level": "L3F",
        "zone": "airside_intl",
        "verified": false,
        "category": "stairs",
        "name": "楼梯 07",
        "nameEn": "楼梯 07",
        "aliases": [],
        "pinyin": [],
        "location": "",
        "hours": null,
        "phone": null,
        "accessible": true,
        "tags": [],
        "verticalGroup": "vg-stairs-07",
        "verticalLevels": [
          "L3F",
          "L2F"
        ]
      }
    },
    {
      "type": "Feature",
      "id": "fac-l3f-0402",
      "geometry": {
        "type": "Point",
        "coordinates": [
          -261.43,
          -212.42
        ]
      },
      "properties": {
        "level": "L2F",
        "zone": "airside_intl",
        "verified": false,
        "category": "stairs",
        "name": "楼梯 07",
        "nameEn": "楼梯 07",
        "aliases": [],
        "pinyin": [],
        "location": "",
        "hours": null,
        "phone": null,
        "accessible": true,
        "tags": [],
        "verticalGroup": "vg-stairs-07",
        "verticalLevels": [
          "L3F",
          "L2F"
        ]
      }
    },
    {
      "type": "Feature",
      "id": "fac-l3f-0403",
      "geometry": {
        "type": "Point",
        "coordinates": [
          -321.8,
          -257.6
        ]
      },
      "properties": {
        "level": "L3F",
        "zone": "airside_intl",
        "verified": false,
        "category": "stairs",
        "name": "楼梯 08",
        "nameEn": "楼梯 08",
        "aliases": [],
        "pinyin": [],
        "location": "",
        "hours": null,
        "phone": null,
        "accessible": true,
        "tags": [],
        "verticalGroup": "vg-stairs-08",
        "verticalLevels": [
          "L3F",
          "L2F"
        ]
      }
    },
    {
      "type": "Feature",
      "id": "fac-l3f-0404",
      "geometry": {
        "type": "Point",
        "coordinates": [
          -321.8,
          -257.6
        ]
      },
      "properties": {
        "level": "L2F",
        "zone": "airside_intl",
        "verified": false,
        "category": "stairs",
        "name": "楼梯 08",
        "nameEn": "楼梯 08",
        "aliases": [],
        "pinyin": [],
        "location": "",
        "hours": null,
        "phone": null,
        "accessible": true,
        "tags": [],
        "verticalGroup": "vg-stairs-08",
        "verticalLevels": [
          "L3F",
          "L2F"
        ]
      }
    },
    {
      "type": "Feature",
      "id": "fac-l3f-0405",
      "geometry": {
        "type": "Point",
        "coordinates": [
          -322.98,
          -256.4
        ]
      },
      "properties": {
        "level": "L3F",
        "zone": "airside_intl",
        "verified": false,
        "category": "escalator",
        "name": "扶梯 34",
        "nameEn": "扶梯 34",
        "aliases": [],
        "pinyin": [],
        "location": "",
        "hours": null,
        "phone": null,
        "accessible": true,
        "tags": [],
        "verticalGroup": "vg-escalator-34",
        "verticalLevels": [
          "L3F",
          "L2F"
        ]
      }
    },
    {
      "type": "Feature",
      "id": "fac-l3f-0406",
      "geometry": {
        "type": "Point",
        "coordinates": [
          -322.98,
          -256.4
        ]
      },
      "properties": {
        "level": "L2F",
        "zone": "airside_intl",
        "verified": false,
        "category": "escalator",
        "name": "扶梯 34",
        "nameEn": "扶梯 34",
        "aliases": [],
        "pinyin": [],
        "location": "",
        "hours": null,
        "phone": null,
        "accessible": true,
        "tags": [],
        "verticalGroup": "vg-escalator-34",
        "verticalLevels": [
          "L3F",
          "L2F"
        ]
      }
    },
    {
      "type": "Feature",
      "id": "fac-l3f-0407",
      "geometry": {
        "type": "Point",
        "coordinates": [
          -338.82,
          -268.22
        ]
      },
      "properties": {
        "level": "L3F",
        "zone": "airside_intl",
        "verified": false,
        "category": "elevator",
        "name": "电梯 33",
        "nameEn": "电梯 33",
        "aliases": [],
        "pinyin": [],
        "location": "",
        "hours": null,
        "phone": null,
        "accessible": true,
        "tags": [],
        "verticalGroup": "vg-elevator-33",
        "verticalLevels": [
          "L3F",
          "L2F"
        ]
      }
    },
    {
      "type": "Feature",
      "id": "fac-l3f-0408",
      "geometry": {
        "type": "Point",
        "coordinates": [
          -338.82,
          -268.22
        ]
      },
      "properties": {
        "level": "L2F",
        "zone": "airside_intl",
        "verified": false,
        "category": "elevator",
        "name": "电梯 33",
        "nameEn": "电梯 33",
        "aliases": [],
        "pinyin": [],
        "location": "",
        "hours": null,
        "phone": null,
        "accessible": true,
        "tags": [],
        "verticalGroup": "vg-elevator-33",
        "verticalLevels": [
          "L3F",
          "L2F"
        ]
      }
    },
    {
      "type": "Feature",
      "id": "fac-l3f-0409",
      "geometry": {
        "type": "Point",
        "coordinates": [
          -312.57,
          -249.13
        ]
      },
      "properties": {
        "level": "L3F",
        "zone": "airside_intl",
        "verified": false,
        "category": "gate",
        "aliases": [],
        "pinyin": [],
        "location": "",
        "hours": null,
        "phone": null,
        "accessible": true,
        "tags": [],
        "fields": {
          "gateNo": "E36"
        }
      }
    },
    {
      "type": "Feature",
      "id": "fac-l3f-0410",
      "geometry": {
        "type": "Point",
        "coordinates": [
          -273.31,
          -219.06
        ]
      },
      "properties": {
        "level": "L3F",
        "zone": "airside_intl",
        "verified": false,
        "category": "gate",
        "aliases": [],
        "pinyin": [],
        "location": "",
        "hours": null,
        "phone": null,
        "accessible": true,
        "tags": [],
        "fields": {
          "gateNo": "E37"
        }
      }
    },
    {
      "type": "Feature",
      "id": "fac-l3f-0411",
      "geometry": {
        "type": "Polygon",
        "coordinates": [
          [
            [
              -286.49,
              -226.06
            ],
            [
              -302.12,
              -238.88
            ],
            [
              -299.51,
              -242.53
            ],
            [
              -282.37,
              -230.05
            ],
            [
              -286.49,
              -226.06
            ]
          ]
        ]
      },
      "properties": {
        "level": "L3F",
        "zone": "airside_intl",
        "verified": false,
        "category": "seating",
        "name": "",
        "nameEn": "",
        "aliases": [],
        "pinyin": [],
        "location": "",
        "hours": null,
        "phone": null,
        "accessible": true,
        "tags": [],
        "public": true,
        "through": false
      }
    },
    {
      "type": "Feature",
      "id": "fac-l3f-0412",
      "geometry": {
        "type": "Polygon",
        "coordinates": [
          [
            [
              -286.49,
              -226.06
            ],
            [
              -283.59,
              -223.16
            ],
            [
              -278.84,
              -227.44
            ],
            [
              -282.37,
              -230.05
            ],
            [
              -286.49,
              -226.06
            ]
          ]
        ]
      },
      "properties": {
        "level": "L3F",
        "zone": "airside_intl",
        "verified": false,
        "category": "charging",
        "name": "",
        "nameEn": "",
        "aliases": [],
        "pinyin": [],
        "location": "",
        "hours": null,
        "phone": null,
        "accessible": true,
        "tags": [],
        "public": true,
        "through": false
      }
    },
    {
      "type": "Feature",
      "id": "fac-l3f-0413",
      "geometry": {
        "type": "Point",
        "coordinates": [
          -247.19,
          -199.21
        ]
      },
      "properties": {
        "level": "L3F",
        "zone": "airside_intl",
        "verified": false,
        "category": "elevator",
        "name": "电梯 34",
        "nameEn": "电梯 34",
        "aliases": [],
        "pinyin": [],
        "location": "",
        "hours": null,
        "phone": null,
        "accessible": true,
        "tags": [],
        "verticalGroup": "vg-elevator-34",
        "verticalLevels": [
          "L3F",
          "L2F"
        ]
      }
    },
    {
      "type": "Feature",
      "id": "fac-l3f-0414",
      "geometry": {
        "type": "Point",
        "coordinates": [
          -247.19,
          -199.21
        ]
      },
      "properties": {
        "level": "L2F",
        "zone": "airside_intl",
        "verified": false,
        "category": "elevator",
        "name": "电梯 34",
        "nameEn": "电梯 34",
        "aliases": [],
        "pinyin": [],
        "location": "",
        "hours": null,
        "phone": null,
        "accessible": true,
        "tags": [],
        "verticalGroup": "vg-elevator-34",
        "verticalLevels": [
          "L3F",
          "L2F"
        ]
      }
    },
    {
      "type": "Feature",
      "id": "fac-l3f-0415",
      "geometry": {
        "type": "Polygon",
        "coordinates": [
          [
            [
              -245.26,
              -194.96
            ],
            [
              -242.24,
              -199.75
            ],
            [
              -223.2,
              -187.06
            ],
            [
              -225.97,
              -182.44
            ],
            [
              -245.26,
              -194.96
            ]
          ]
        ]
      },
      "properties": {
        "level": "L3F",
        "zone": "airside_intl",
        "verified": false,
        "category": "seating",
        "name": "",
        "nameEn": "",
        "aliases": [],
        "pinyin": [],
        "location": "",
        "hours": null,
        "phone": null,
        "accessible": true,
        "tags": [],
        "public": true,
        "through": false
      }
    },
    {
      "type": "Feature",
      "id": "fac-l3f-0416",
      "geometry": {
        "type": "Polygon",
        "coordinates": [
          [
            [
              -216.94,
              -176.3
            ],
            [
              -213.87,
              -181.05
            ],
            [
              -195,
              -168.74
            ],
            [
              -198.19,
              -164.16
            ],
            [
              -216.94,
              -176.3
            ]
          ]
        ]
      },
      "properties": {
        "level": "L3F",
        "zone": "airside_intl",
        "verified": false,
        "category": "seating",
        "name": "",
        "nameEn": "",
        "aliases": [],
        "pinyin": [],
        "location": "",
        "hours": null,
        "phone": null,
        "accessible": true,
        "tags": [],
        "public": true,
        "through": false
      }
    },
    {
      "type": "Feature",
      "id": "fac-l3f-0417",
      "geometry": {
        "type": "Polygon",
        "coordinates": [
          [
            [
              -225.97,
              -182.44
            ],
            [
              -223.2,
              -187.06
            ],
            [
              -218.11,
              -183.82
            ],
            [
              -221.31,
              -179.41
            ],
            [
              -225.97,
              -182.44
            ]
          ]
        ]
      },
      "properties": {
        "level": "L3F",
        "zone": "airside_intl",
        "verified": false,
        "category": "charging",
        "name": "",
        "nameEn": "",
        "aliases": [],
        "pinyin": [],
        "location": "",
        "hours": null,
        "phone": null,
        "accessible": true,
        "tags": [],
        "public": true,
        "through": false
      }
    },
    {
      "type": "Feature",
      "id": "fac-l3f-0418",
      "geometry": {
        "type": "Polygon",
        "coordinates": [
          [
            [
              52.16,
              -581.85
            ],
            [
              89.07,
              -577.29
            ],
            [
              67.75,
              -494.26
            ],
            [
              52.32,
              -496.17
            ],
            [
              52.16,
              -581.85
            ]
          ]
        ]
      },
      "properties": {
        "level": "L3F",
        "zone": "airside_intl",
        "verified": false,
        "category": "landscape",
        "name": "中国园",
        "nameEn": "",
        "aliases": [],
        "pinyin": [],
        "location": "",
        "hours": null,
        "phone": null,
        "accessible": true,
        "tags": [],
        "public": true,
        "through": false
      }
    },
    {
      "type": "Feature",
      "id": "fac-l3f-0419",
      "geometry": {
        "type": "Polygon",
        "coordinates": [
          [
            [
              53.5,
              -482
            ],
            [
              58.33,
              -485.82
            ],
            [
              62.03,
              -481.2
            ],
            [
              61.86,
              -480.48
            ],
            [
              61.48,
              -479.6
            ],
            [
              60.9,
              -479.27
            ],
            [
              59.93,
              -478.97
            ],
            [
              58.84,
              -479.27
            ],
            [
              58.21,
              -479.77
            ],
            [
              57.74,
              -480.99
            ],
            [
              57.37,
              -480.32
            ],
            [
              56.69,
              -479.77
            ],
            [
              55.89,
              -479.6
            ],
            [
              54.93,
              -479.77
            ],
            [
              54.13,
              -480.15
            ],
            [
              53.84,
              -480.95
            ],
            [
              53.5,
              -482
            ]
          ]
        ]
      },
      "properties": {
        "level": "L3F",
        "zone": "airside_intl",
        "verified": false,
        "category": "landscape",
        "name": "景观",
        "nameEn": "",
        "aliases": [],
        "pinyin": [],
        "location": "",
        "hours": null,
        "phone": null,
        "accessible": true,
        "tags": [],
        "public": true,
        "through": false
      }
    },
    {
      "type": "Feature",
      "id": "fac-l3f-0420",
      "geometry": {
        "type": "Polygon",
        "coordinates": [
          [
            [
              -188.59,
              -163.35
            ],
            [
              -185.73,
              -161.99
            ],
            [
              -187.44,
              -158.6
            ],
            [
              -188.7,
              -159.8
            ],
            [
              -189.39,
              -162.15
            ],
            [
              -188.59,
              -163.35
            ]
          ]
        ]
      },
      "properties": {
        "level": "L3F",
        "zone": "airside_intl",
        "verified": false,
        "category": "restroom",
        "nameEn": "",
        "aliases": [],
        "pinyin": [],
        "location": "",
        "hours": null,
        "phone": null,
        "accessible": true,
        "tags": [],
        "public": true,
        "through": false,
        "fields": {
          "restroomType": "accessible"
        }
      }
    },
    {
      "type": "Feature",
      "id": "fac-l3f-0421",
      "geometry": {
        "type": "Polygon",
        "coordinates": [
          [
            [
              -184.9,
              -156.78
            ],
            [
              -183.27,
              -160.46
            ],
            [
              -171.68,
              -155.52
            ],
            [
              -173.79,
              -151.46
            ],
            [
              -184.9,
              -156.78
            ]
          ]
        ]
      },
      "properties": {
        "level": "L3F",
        "zone": "airside_intl",
        "verified": false,
        "category": "restroom",
        "nameEn": "",
        "aliases": [],
        "pinyin": [],
        "location": "",
        "hours": null,
        "phone": null,
        "accessible": true,
        "tags": [],
        "public": true,
        "through": false,
        "fields": {
          "restroomType": "female"
        }
      }
    },
    {
      "type": "Feature",
      "id": "fac-l3f-0422",
      "geometry": {
        "type": "Polygon",
        "coordinates": [
          [
            [
              -183.22,
              -161.24
            ],
            [
              -180.58,
              -166.93
            ],
            [
              -178.44,
              -165.94
            ],
            [
              -178.07,
              -166.69
            ],
            [
              -170.08,
              -163.38
            ],
            [
              -170.3,
              -162.63
            ],
            [
              -169.15,
              -162.04
            ],
            [
              -171.71,
              -156.38
            ],
            [
              -183.22,
              -161.24
            ]
          ]
        ]
      },
      "properties": {
        "level": "L3F",
        "zone": "airside_intl",
        "verified": false,
        "category": "restroom",
        "nameEn": "",
        "aliases": [],
        "pinyin": [],
        "location": "",
        "hours": null,
        "phone": null,
        "accessible": true,
        "tags": [],
        "public": true,
        "through": false,
        "fields": {
          "restroomType": "male"
        }
      }
    },
    {
      "type": "Feature",
      "id": "fac-l3f-0423",
      "geometry": {
        "type": "Point",
        "coordinates": [
          -100,
          -96.28
        ]
      },
      "properties": {
        "level": "L4F",
        "zone": "airside_intl",
        "verified": false,
        "category": "elevator",
        "name": "电梯 35",
        "nameEn": "电梯 35",
        "aliases": [],
        "pinyin": [],
        "location": "",
        "hours": null,
        "phone": null,
        "accessible": true,
        "tags": [],
        "verticalGroup": "vg-elevator-35",
        "verticalLevels": [
          "L4F",
          "L3F"
        ]
      }
    },
    {
      "type": "Feature",
      "id": "fac-l3f-0424",
      "geometry": {
        "type": "Point",
        "coordinates": [
          -100,
          -96.28
        ]
      },
      "properties": {
        "level": "L3F",
        "zone": "airside_intl",
        "verified": false,
        "category": "elevator",
        "name": "电梯 35",
        "nameEn": "电梯 35",
        "aliases": [],
        "pinyin": [],
        "location": "",
        "hours": null,
        "phone": null,
        "accessible": true,
        "tags": [],
        "verticalGroup": "vg-elevator-35",
        "verticalLevels": [
          "L4F",
          "L3F"
        ]
      }
    },
    {
      "type": "Feature",
      "id": "fac-l3f-0425",
      "geometry": {
        "type": "Point",
        "coordinates": [
          -108.99,
          -96.51
        ]
      },
      "properties": {
        "level": "L4F",
        "zone": "airside_intl",
        "verified": false,
        "category": "stairs",
        "name": "楼梯 09",
        "nameEn": "楼梯 09",
        "aliases": [],
        "pinyin": [],
        "location": "",
        "hours": null,
        "phone": null,
        "accessible": true,
        "tags": [],
        "verticalGroup": "vg-stairs-09",
        "verticalLevels": [
          "L4F",
          "L3F"
        ]
      }
    },
    {
      "type": "Feature",
      "id": "fac-l3f-0426",
      "geometry": {
        "type": "Point",
        "coordinates": [
          -108.99,
          -96.51
        ]
      },
      "properties": {
        "level": "L3F",
        "zone": "airside_intl",
        "verified": false,
        "category": "stairs",
        "name": "楼梯 09",
        "nameEn": "楼梯 09",
        "aliases": [],
        "pinyin": [],
        "location": "",
        "hours": null,
        "phone": null,
        "accessible": true,
        "tags": [],
        "verticalGroup": "vg-stairs-09",
        "verticalLevels": [
          "L4F",
          "L3F"
        ]
      }
    },
    {
      "type": "Feature",
      "id": "fac-l3f-0427",
      "geometry": {
        "type": "Point",
        "coordinates": [
          -111.2,
          -94.96
        ]
      },
      "properties": {
        "level": "L4F",
        "zone": "airside_intl",
        "verified": false,
        "category": "escalator",
        "name": "扶梯 35",
        "nameEn": "扶梯 35",
        "aliases": [],
        "pinyin": [],
        "location": "",
        "hours": null,
        "phone": null,
        "accessible": true,
        "tags": [],
        "verticalGroup": "vg-escalator-35",
        "verticalLevels": [
          "L4F",
          "L3F"
        ]
      }
    },
    {
      "type": "Feature",
      "id": "fac-l3f-0428",
      "geometry": {
        "type": "Point",
        "coordinates": [
          -111.2,
          -94.96
        ]
      },
      "properties": {
        "level": "L3F",
        "zone": "airside_intl",
        "verified": false,
        "category": "escalator",
        "name": "扶梯 35",
        "nameEn": "扶梯 35",
        "aliases": [],
        "pinyin": [],
        "location": "",
        "hours": null,
        "phone": null,
        "accessible": true,
        "tags": [],
        "verticalGroup": "vg-escalator-35",
        "verticalLevels": [
          "L4F",
          "L3F"
        ]
      }
    },
    {
      "type": "Feature",
      "id": "fac-l3f-0278",
      "geometry": {
        "type": "Point",
        "coordinates": [
          130.36,
          -65.98
        ]
      },
      "properties": {
        "level": "L4F",
        "zone": "airside_intl",
        "verified": false,
        "category": "escalator",
        "name": "扶梯 36",
        "nameEn": "扶梯 36",
        "aliases": [],
        "pinyin": [],
        "location": "",
        "hours": null,
        "phone": null,
        "accessible": true,
        "tags": [],
        "verticalGroup": "vg-escalator-36",
        "verticalLevels": [
          "L4F",
          "L3F"
        ]
      }
    },
    {
      "type": "Feature",
      "id": "fac-l3f-0281",
      "geometry": {
        "type": "Point",
        "coordinates": [
          130.36,
          -65.98
        ]
      },
      "properties": {
        "level": "L3F",
        "zone": "airside_intl",
        "verified": false,
        "category": "escalator",
        "name": "扶梯 36",
        "nameEn": "扶梯 36",
        "aliases": [],
        "pinyin": [],
        "location": "",
        "hours": null,
        "phone": null,
        "accessible": true,
        "tags": [],
        "verticalGroup": "vg-escalator-36",
        "verticalLevels": [
          "L4F",
          "L3F"
        ]
      }
    },
    {
      "type": "Feature",
      "id": "fac-l3f-0284",
      "geometry": {
        "type": "Point",
        "coordinates": [
          118.21,
          -69.24
        ]
      },
      "properties": {
        "level": "L4F",
        "zone": "airside_intl",
        "verified": false,
        "category": "elevator",
        "name": "电梯 36",
        "nameEn": "电梯 36",
        "aliases": [],
        "pinyin": [],
        "location": "",
        "hours": null,
        "phone": null,
        "accessible": true,
        "tags": [],
        "verticalGroup": "vg-elevator-36",
        "verticalLevels": [
          "L4F",
          "L3F"
        ]
      }
    },
    {
      "type": "Feature",
      "id": "fac-l3f-0429",
      "geometry": {
        "type": "Point",
        "coordinates": [
          118.21,
          -69.24
        ]
      },
      "properties": {
        "level": "L3F",
        "zone": "airside_intl",
        "verified": false,
        "category": "elevator",
        "name": "电梯 36",
        "nameEn": "电梯 36",
        "aliases": [],
        "pinyin": [],
        "location": "",
        "hours": null,
        "phone": null,
        "accessible": true,
        "tags": [],
        "verticalGroup": "vg-elevator-36",
        "verticalLevels": [
          "L4F",
          "L3F"
        ]
      }
    },
    {
      "type": "Feature",
      "id": "fac-l3f-0430",
      "geometry": {
        "type": "Point",
        "coordinates": [
          128.21,
          -67.69
        ]
      },
      "properties": {
        "level": "L4F",
        "zone": "airside_intl",
        "verified": false,
        "category": "stairs",
        "name": "楼梯 10",
        "nameEn": "楼梯 10",
        "aliases": [],
        "pinyin": [],
        "location": "",
        "hours": null,
        "phone": null,
        "accessible": true,
        "tags": [],
        "verticalGroup": "vg-stairs-10",
        "verticalLevels": [
          "L4F",
          "L3F"
        ]
      }
    },
    {
      "type": "Feature",
      "id": "fac-l3f-0431",
      "geometry": {
        "type": "Point",
        "coordinates": [
          128.21,
          -67.69
        ]
      },
      "properties": {
        "level": "L3F",
        "zone": "airside_intl",
        "verified": false,
        "category": "stairs",
        "name": "楼梯 10",
        "nameEn": "楼梯 10",
        "aliases": [],
        "pinyin": [],
        "location": "",
        "hours": null,
        "phone": null,
        "accessible": true,
        "tags": [],
        "verticalGroup": "vg-stairs-10",
        "verticalLevels": [
          "L4F",
          "L3F"
        ]
      }
    },
    {
      "type": "Feature",
      "id": "fac-l3f-0432",
      "geometry": {
        "type": "Polygon",
        "coordinates": [
          [
            [
              -147.8,
              -136.88
            ],
            [
              -146.88,
              -144.32
            ],
            [
              -143.39,
              -143.52
            ],
            [
              -143.73,
              -140.96
            ],
            [
              -134.61,
              -139.74
            ],
            [
              -135.28,
              -135.12
            ],
            [
              -147.8,
              -136.88
            ]
          ]
        ]
      },
      "properties": {
        "level": "L3F",
        "zone": "airside_intl",
        "verified": false,
        "category": "restroom",
        "name": "",
        "nameEn": "",
        "aliases": [],
        "pinyin": [],
        "location": "",
        "hours": null,
        "phone": null,
        "accessible": true,
        "tags": [],
        "public": true,
        "through": false,
        "fields": {
          "restroomType": "male"
        }
      }
    },
    {
      "type": "Feature",
      "id": "fac-l3f-0433",
      "geometry": {
        "type": "Polygon",
        "coordinates": [
          [
            [
              -137.95,
              -141.51
            ],
            [
              -137.45,
              -147.71
            ],
            [
              -132.55,
              -147.2
            ],
            [
              -132.66,
              -146.3
            ],
            [
              -125.22,
              -145.36
            ],
            [
              -125.85,
              -139.9
            ],
            [
              -137.95,
              -141.51
            ]
          ]
        ]
      },
      "properties": {
        "level": "L3F",
        "zone": "airside_intl",
        "verified": false,
        "category": "restroom",
        "name": "",
        "nameEn": "",
        "aliases": [],
        "pinyin": [],
        "location": "",
        "hours": null,
        "phone": null,
        "accessible": true,
        "tags": [],
        "public": true,
        "through": false,
        "fields": {
          "restroomType": "female"
        }
      }
    },
    {
      "type": "Feature",
      "id": "fac-l3f-0434",
      "geometry": {
        "type": "Polygon",
        "coordinates": [
          [
            [
              -146.88,
              -144.32
            ],
            [
              -146.36,
              -145.66
            ],
            [
              -144.65,
              -146.5
            ],
            [
              -143.34,
              -146.37
            ],
            [
              -143.39,
              -143.52
            ],
            [
              -146.88,
              -144.32
            ]
          ]
        ]
      },
      "properties": {
        "level": "L3F",
        "zone": "airside_intl",
        "verified": false,
        "category": "restroom",
        "name": "",
        "nameEn": "",
        "aliases": [],
        "pinyin": [],
        "location": "",
        "hours": null,
        "phone": null,
        "accessible": true,
        "tags": [],
        "public": true,
        "through": false,
        "fields": {
          "restroomType": "accessible"
        }
      }
    },
    {
      "type": "Feature",
      "id": "fac-l3f-0355",
      "geometry": {
        "type": "Point",
        "coordinates": [
          -130.11,
          -147.1
        ]
      },
      "properties": {
        "level": "L3F",
        "zone": "airside_intl",
        "verified": false,
        "category": "water",
        "name": "",
        "nameEn": "",
        "aliases": [],
        "pinyin": [],
        "location": "",
        "hours": null,
        "phone": null,
        "accessible": true,
        "tags": []
      }
    },
    {
      "type": "Feature",
      "id": "fac-l2f-0001",
      "geometry": {
        "type": "Polygon",
        "coordinates": [
          [
            [
              -193.49,
              148.87
            ],
            [
              -190.21,
              121.68
            ],
            [
              -182.1,
              122.82
            ],
            [
              -185.46,
              149.92
            ],
            [
              -193.49,
              148.87
            ]
          ]
        ]
      },
      "properties": {
        "level": "L2F",
        "zone": "airside_domestic",
        "verified": false,
        "category": "baggage_claim",
        "name": "行李转盘21",
        "nameEn": "",
        "aliases": [],
        "pinyin": [],
        "location": "",
        "hours": null,
        "phone": null,
        "accessible": true,
        "tags": [],
        "public": true,
        "through": false
      }
    },
    {
      "type": "Feature",
      "id": "fac-l2f-0002",
      "geometry": {
        "type": "Polygon",
        "coordinates": [
          [
            [
              -173.78,
              140.26
            ],
            [
              -170.46,
              113.36
            ],
            [
              -162.14,
              114.5
            ],
            [
              -165.46,
              141.56
            ],
            [
              -173.78,
              140.26
            ]
          ]
        ]
      },
      "properties": {
        "level": "L2F",
        "zone": "airside_domestic",
        "verified": false,
        "category": "baggage_claim",
        "name": "行李转盘22",
        "nameEn": "",
        "aliases": [],
        "pinyin": [],
        "location": "",
        "hours": null,
        "phone": null,
        "accessible": true,
        "tags": [],
        "public": true,
        "through": false
      }
    },
    {
      "type": "Feature",
      "id": "fac-l2f-0003",
      "geometry": {
        "type": "Polygon",
        "coordinates": [
          [
            [
              -153.78,
              131.81
            ],
            [
              -150.54,
              104.96
            ],
            [
              -142.43,
              105.92
            ],
            [
              -145.67,
              132.99
            ],
            [
              -153.78,
              131.81
            ]
          ]
        ]
      },
      "properties": {
        "level": "L2F",
        "zone": "airside_domestic",
        "verified": false,
        "category": "baggage_claim",
        "name": "行李转盘23",
        "nameEn": "",
        "aliases": [],
        "pinyin": [],
        "location": "",
        "hours": null,
        "phone": null,
        "accessible": true,
        "tags": [],
        "public": true,
        "through": false
      }
    },
    {
      "type": "Feature",
      "id": "fac-l2f-0004",
      "geometry": {
        "type": "Polygon",
        "coordinates": [
          [
            [
              -114.28,
              116.72
            ],
            [
              -110.96,
              89.7
            ],
            [
              -102.64,
              90.84
            ],
            [
              -106.08,
              117.77
            ],
            [
              -114.28,
              116.72
            ]
          ]
        ]
      },
      "properties": {
        "level": "L2F",
        "zone": "airside_domestic",
        "verified": false,
        "category": "baggage_claim",
        "name": "行李转盘24",
        "nameEn": "",
        "aliases": [],
        "pinyin": [],
        "location": "",
        "hours": null,
        "phone": null,
        "accessible": true,
        "tags": [],
        "public": true,
        "through": false
      }
    },
    {
      "type": "Feature",
      "id": "fac-l2f-0005",
      "geometry": {
        "type": "Polygon",
        "coordinates": [
          [
            [
              -95.32,
              116.49
            ],
            [
              -90.37,
              75.73
            ],
            [
              -82.17,
              76.86
            ],
            [
              -87.38,
              117.67
            ],
            [
              -95.32,
              116.49
            ]
          ]
        ]
      },
      "properties": {
        "level": "L2F",
        "zone": "airside_domestic",
        "verified": false,
        "category": "baggage_claim",
        "name": "行李转盘25",
        "nameEn": "",
        "aliases": [],
        "pinyin": [],
        "location": "",
        "hours": null,
        "phone": null,
        "accessible": true,
        "tags": [],
        "public": true,
        "through": false
      }
    },
    {
      "type": "Feature",
      "id": "fac-l2f-0006",
      "geometry": {
        "type": "Polygon",
        "coordinates": [
          [
            [
              -76.37,
              113.59
            ],
            [
              -70.95,
              72.49
            ],
            [
              -62.59,
              73.84
            ],
            [
              -67.88,
              114.85
            ],
            [
              -76.37,
              113.59
            ]
          ]
        ]
      },
      "properties": {
        "level": "L2F",
        "zone": "airside_domestic",
        "verified": false,
        "category": "baggage_claim",
        "name": "行李转盘26",
        "nameEn": "",
        "aliases": [],
        "pinyin": [],
        "location": "",
        "hours": null,
        "phone": null,
        "accessible": true,
        "tags": [],
        "public": true,
        "through": false
      }
    },
    {
      "type": "Feature",
      "id": "fac-l2f-0007",
      "geometry": {
        "type": "Polygon",
        "coordinates": [
          [
            [
              -56.91,
              112.16
            ],
            [
              -52,
              71.1
            ],
            [
              -43.43,
              72.2
            ],
            [
              -48.72,
              113.34
            ],
            [
              -56.91,
              112.16
            ]
          ]
        ]
      },
      "properties": {
        "level": "L2F",
        "zone": "airside_domestic",
        "verified": false,
        "category": "baggage_claim",
        "name": "行李转盘27",
        "nameEn": "",
        "aliases": [],
        "pinyin": [],
        "location": "",
        "hours": null,
        "phone": null,
        "accessible": true,
        "tags": [],
        "public": true,
        "through": false
      }
    },
    {
      "type": "Feature",
      "id": "fac-l2f-0008",
      "geometry": {
        "type": "Polygon",
        "coordinates": [
          [
            [
              17.26,
              121.54
            ],
            [
              22.06,
              80.78
            ],
            [
              30.91,
              81.86
            ],
            [
              25.83,
              122.85
            ],
            [
              17.26,
              121.54
            ]
          ]
        ]
      },
      "properties": {
        "level": "L2F",
        "zone": "airside_domestic",
        "verified": false,
        "category": "baggage_claim",
        "name": "行李转盘30",
        "nameEn": "",
        "aliases": [],
        "pinyin": [],
        "location": "",
        "hours": null,
        "phone": null,
        "accessible": true,
        "tags": [],
        "public": true,
        "through": false
      }
    },
    {
      "type": "Feature",
      "id": "fac-l2f-0009",
      "geometry": {
        "type": "Polygon",
        "coordinates": [
          [
            [
              35.3,
              127.57
            ],
            [
              40.29,
              87.03
            ],
            [
              48.94,
              87.94
            ],
            [
              43.81,
              129.04
            ],
            [
              35.3,
              127.57
            ]
          ]
        ]
      },
      "properties": {
        "level": "L2F",
        "zone": "airside_domestic",
        "verified": false,
        "category": "baggage_claim",
        "name": "行李转盘31",
        "nameEn": "",
        "aliases": [],
        "pinyin": [],
        "location": "",
        "hours": null,
        "phone": null,
        "accessible": true,
        "tags": [],
        "public": true,
        "through": false
      }
    },
    {
      "type": "Feature",
      "id": "fac-l2f-0010",
      "geometry": {
        "type": "Polygon",
        "coordinates": [
          [
            [
              53.33,
              135.51
            ],
            [
              58.33,
              94.54
            ],
            [
              66.95,
              95.63
            ],
            [
              61.57,
              136.65
            ],
            [
              53.33,
              135.51
            ]
          ]
        ]
      },
      "properties": {
        "level": "L2F",
        "zone": "airside_domestic",
        "verified": false,
        "category": "baggage_claim",
        "name": "行李转盘32",
        "nameEn": "",
        "aliases": [],
        "pinyin": [],
        "location": "",
        "hours": null,
        "phone": null,
        "accessible": true,
        "tags": [],
        "public": true,
        "through": false
      }
    },
    {
      "type": "Feature",
      "id": "fac-l2f-0011",
      "geometry": {
        "type": "Polygon",
        "coordinates": [
          [
            [
              71.75,
              140.04
            ],
            [
              75.16,
              112.98
            ],
            [
              83.56,
              113.79
            ],
            [
              80.06,
              141.37
            ],
            [
              71.75,
              140.04
            ]
          ]
        ]
      },
      "properties": {
        "level": "L2F",
        "zone": "airside_domestic",
        "verified": false,
        "category": "baggage_claim",
        "name": "行李转盘33",
        "nameEn": "",
        "aliases": [],
        "pinyin": [],
        "location": "",
        "hours": null,
        "phone": null,
        "accessible": true,
        "tags": [],
        "public": true,
        "through": false
      }
    },
    {
      "type": "Feature",
      "id": "fac-l2f-0012",
      "geometry": {
        "type": "Polygon",
        "coordinates": [
          [
            [
              106.63,
              164.54
            ],
            [
              109.97,
              137.49
            ],
            [
              118.45,
              138.35
            ],
            [
              115.04,
              165.74
            ],
            [
              106.63,
              164.54
            ]
          ]
        ]
      },
      "properties": {
        "level": "L2F",
        "zone": "airside_domestic",
        "verified": false,
        "category": "baggage_claim",
        "name": "行李转盘34",
        "nameEn": "",
        "aliases": [],
        "pinyin": [],
        "location": "",
        "hours": null,
        "phone": null,
        "accessible": true,
        "tags": [],
        "public": true,
        "through": false
      }
    },
    {
      "type": "Feature",
      "id": "fac-l2f-0013",
      "geometry": {
        "type": "Polygon",
        "coordinates": [
          [
            [
              123.87,
              177.54
            ],
            [
              127.16,
              150.35
            ],
            [
              135.86,
              151.27
            ],
            [
              132.69,
              178.61
            ],
            [
              123.87,
              177.54
            ]
          ]
        ]
      },
      "properties": {
        "level": "L2F",
        "zone": "airside_domestic",
        "verified": false,
        "category": "baggage_claim",
        "name": "行李转盘35",
        "nameEn": "",
        "aliases": [],
        "pinyin": [],
        "location": "",
        "hours": null,
        "phone": null,
        "accessible": true,
        "tags": [],
        "public": true,
        "through": false
      }
    },
    {
      "type": "Feature",
      "id": "fac-l2f-0014",
      "geometry": {
        "type": "Polygon",
        "coordinates": [
          [
            [
              141.43,
              190.53
            ],
            [
              144.33,
              163.31
            ],
            [
              152.88,
              164.43
            ],
            [
              149.33,
              191.89
            ],
            [
              141.43,
              190.53
            ]
          ]
        ]
      },
      "properties": {
        "level": "L2F",
        "zone": "airside_domestic",
        "verified": false,
        "category": "baggage_claim",
        "name": "行李转盘36",
        "nameEn": "",
        "aliases": [],
        "pinyin": [],
        "location": "",
        "hours": null,
        "phone": null,
        "accessible": true,
        "tags": [],
        "public": true,
        "through": false
      }
    },
    {
      "type": "Feature",
      "id": "fac-l2f-0015",
      "geometry": {
        "type": "Polygon",
        "coordinates": [
          [
            [
              -139.59,
              151.24
            ],
            [
              -142.56,
              141.12
            ],
            [
              -120.06,
              133.36
            ],
            [
              -116.86,
              144.7
            ],
            [
              -139.59,
              151.24
            ]
          ]
        ]
      },
      "properties": {
        "level": "L2F",
        "zone": "airside_domestic",
        "verified": false,
        "category": "domestic_exit",
        "name": "",
        "nameEn": "",
        "aliases": [],
        "pinyin": [],
        "location": "",
        "hours": null,
        "phone": null,
        "accessible": true,
        "tags": [],
        "public": true,
        "through": true
      }
    },
    {
      "type": "Feature",
      "id": "fac-l2f-0016",
      "geometry": {
        "type": "Polygon",
        "coordinates": [
          [
            [
              75.56,
              167.15
            ],
            [
              81.94,
              157.03
            ],
            [
              103.34,
              171.55
            ],
            [
              96.54,
              180.34
            ],
            [
              75.56,
              167.15
            ]
          ]
        ]
      },
      "properties": {
        "level": "L2F",
        "zone": "airside_domestic",
        "verified": false,
        "category": "domestic_exit",
        "name": "",
        "nameEn": "",
        "aliases": [],
        "pinyin": [],
        "location": "",
        "hours": null,
        "phone": null,
        "accessible": true,
        "tags": [],
        "public": true,
        "through": true
      }
    },
    {
      "type": "Feature",
      "id": "fac-l2f-0017",
      "geometry": {
        "type": "Point",
        "coordinates": [
          -155.62,
          -18.24
        ]
      },
      "properties": {
        "level": "L2F",
        "zone": "airside_domestic",
        "verified": false,
        "category": "elevator",
        "name": "电梯 37",
        "nameEn": "电梯 37",
        "aliases": [],
        "pinyin": [],
        "location": "",
        "hours": null,
        "phone": null,
        "accessible": true,
        "tags": [],
        "verticalGroup": "vg-elevator-37",
        "verticalLevels": [
          "L2F",
          "L1F"
        ]
      }
    },
    {
      "type": "Feature",
      "id": "fac-l2f-0018",
      "geometry": {
        "type": "Point",
        "coordinates": [
          -155.62,
          -18.24
        ]
      },
      "properties": {
        "level": "L1F",
        "zone": "airside_domestic",
        "verified": false,
        "category": "elevator",
        "name": "电梯 37",
        "nameEn": "电梯 37",
        "aliases": [],
        "pinyin": [],
        "location": "",
        "hours": null,
        "phone": null,
        "accessible": true,
        "tags": [],
        "verticalGroup": "vg-elevator-37",
        "verticalLevels": [
          "L2F",
          "L1F"
        ]
      }
    },
    {
      "type": "Feature",
      "id": "fac-l2f-0019",
      "geometry": {
        "type": "Point",
        "coordinates": [
          -156.51,
          -15.06
        ]
      },
      "properties": {
        "level": "L2F",
        "zone": "airside_domestic",
        "verified": false,
        "category": "escalator",
        "name": "扶梯 37",
        "nameEn": "扶梯 37",
        "aliases": [],
        "pinyin": [],
        "location": "",
        "hours": null,
        "phone": null,
        "accessible": true,
        "tags": [],
        "verticalGroup": "vg-escalator-37",
        "verticalLevels": [
          "L2F",
          "L1F"
        ]
      }
    },
    {
      "type": "Feature",
      "id": "fac-l2f-0020",
      "geometry": {
        "type": "Point",
        "coordinates": [
          -156.51,
          -15.06
        ]
      },
      "properties": {
        "level": "L1F",
        "zone": "airside_domestic",
        "verified": false,
        "category": "escalator",
        "name": "扶梯 37",
        "nameEn": "扶梯 37",
        "aliases": [],
        "pinyin": [],
        "location": "",
        "hours": null,
        "phone": null,
        "accessible": true,
        "tags": [],
        "verticalGroup": "vg-escalator-37",
        "verticalLevels": [
          "L2F",
          "L1F"
        ]
      }
    },
    {
      "type": "Feature",
      "id": "fac-l2f-0021",
      "geometry": {
        "type": "Point",
        "coordinates": [
          -155.4,
          -21.43
        ]
      },
      "properties": {
        "level": "L2F",
        "zone": "airside_domestic",
        "verified": false,
        "category": "escalator",
        "name": "扶梯 38",
        "nameEn": "扶梯 38",
        "aliases": [],
        "pinyin": [],
        "location": "",
        "hours": null,
        "phone": null,
        "accessible": true,
        "tags": [],
        "verticalGroup": "vg-escalator-38",
        "verticalLevels": [
          "L2F",
          "L1F"
        ]
      }
    },
    {
      "type": "Feature",
      "id": "fac-l2f-0022",
      "geometry": {
        "type": "Point",
        "coordinates": [
          -155.4,
          -21.43
        ]
      },
      "properties": {
        "level": "L1F",
        "zone": "airside_domestic",
        "verified": false,
        "category": "escalator",
        "name": "扶梯 38",
        "nameEn": "扶梯 38",
        "aliases": [],
        "pinyin": [],
        "location": "",
        "hours": null,
        "phone": null,
        "accessible": true,
        "tags": [],
        "verticalGroup": "vg-escalator-38",
        "verticalLevels": [
          "L2F",
          "L1F"
        ]
      }
    },
    {
      "type": "Feature",
      "id": "fac-l2f-0023",
      "geometry": {
        "type": "Point",
        "coordinates": [
          152.15,
          23.02
        ]
      },
      "properties": {
        "level": "L2F",
        "zone": "airside_domestic",
        "verified": false,
        "category": "escalator",
        "name": "扶梯 39",
        "nameEn": "扶梯 39",
        "aliases": [],
        "pinyin": [],
        "location": "",
        "hours": null,
        "phone": null,
        "accessible": true,
        "tags": [],
        "verticalGroup": "vg-escalator-39",
        "verticalLevels": [
          "L2F",
          "L1F"
        ]
      }
    },
    {
      "type": "Feature",
      "id": "fac-l2f-0024",
      "geometry": {
        "type": "Point",
        "coordinates": [
          152.15,
          23.02
        ]
      },
      "properties": {
        "level": "L1F",
        "zone": "airside_domestic",
        "verified": false,
        "category": "escalator",
        "name": "扶梯 39",
        "nameEn": "扶梯 39",
        "aliases": [],
        "pinyin": [],
        "location": "",
        "hours": null,
        "phone": null,
        "accessible": true,
        "tags": [],
        "verticalGroup": "vg-escalator-39",
        "verticalLevels": [
          "L2F",
          "L1F"
        ]
      }
    },
    {
      "type": "Feature",
      "id": "fac-l2f-0025",
      "geometry": {
        "type": "Point",
        "coordinates": [
          152.3,
          16.14
        ]
      },
      "properties": {
        "level": "L2F",
        "zone": "airside_domestic",
        "verified": false,
        "category": "escalator",
        "name": "扶梯 40",
        "nameEn": "扶梯 40",
        "aliases": [],
        "pinyin": [],
        "location": "",
        "hours": null,
        "phone": null,
        "accessible": true,
        "tags": [],
        "verticalGroup": "vg-escalator-40",
        "verticalLevels": [
          "L2F",
          "L1F"
        ]
      }
    },
    {
      "type": "Feature",
      "id": "fac-l2f-0026",
      "geometry": {
        "type": "Point",
        "coordinates": [
          152.3,
          16.14
        ]
      },
      "properties": {
        "level": "L1F",
        "zone": "airside_domestic",
        "verified": false,
        "category": "escalator",
        "name": "扶梯 40",
        "nameEn": "扶梯 40",
        "aliases": [],
        "pinyin": [],
        "location": "",
        "hours": null,
        "phone": null,
        "accessible": true,
        "tags": [],
        "verticalGroup": "vg-escalator-40",
        "verticalLevels": [
          "L2F",
          "L1F"
        ]
      }
    },
    {
      "type": "Feature",
      "id": "fac-l2f-0027",
      "geometry": {
        "type": "Point",
        "coordinates": [
          153.63,
          19.77
        ]
      },
      "properties": {
        "level": "L2F",
        "zone": "airside_domestic",
        "verified": false,
        "category": "elevator",
        "name": "电梯 38",
        "nameEn": "电梯 38",
        "aliases": [],
        "pinyin": [],
        "location": "",
        "hours": null,
        "phone": null,
        "accessible": true,
        "tags": [],
        "verticalGroup": "vg-elevator-38",
        "verticalLevels": [
          "L2F",
          "L1F"
        ]
      }
    },
    {
      "type": "Feature",
      "id": "fac-l2f-0028",
      "geometry": {
        "type": "Point",
        "coordinates": [
          153.63,
          19.77
        ]
      },
      "properties": {
        "level": "L1F",
        "zone": "airside_domestic",
        "verified": false,
        "category": "elevator",
        "name": "电梯 38",
        "nameEn": "电梯 38",
        "aliases": [],
        "pinyin": [],
        "location": "",
        "hours": null,
        "phone": null,
        "accessible": true,
        "tags": [],
        "verticalGroup": "vg-elevator-38",
        "verticalLevels": [
          "L2F",
          "L1F"
        ]
      }
    },
    {
      "type": "Feature",
      "id": "fac-l2f-0029",
      "geometry": {
        "type": "Point",
        "coordinates": [
          104.53,
          -0.01
        ]
      },
      "properties": {
        "level": "L2F",
        "zone": "airside_domestic",
        "verified": false,
        "category": "elevator",
        "name": "电梯 39",
        "nameEn": "电梯 39",
        "aliases": [],
        "pinyin": [],
        "location": "",
        "hours": null,
        "phone": null,
        "accessible": true,
        "tags": [],
        "verticalGroup": "vg-elevator-39",
        "verticalLevels": [
          "L2F",
          "L1F"
        ]
      }
    },
    {
      "type": "Feature",
      "id": "fac-l2f-0030",
      "geometry": {
        "type": "Point",
        "coordinates": [
          104.53,
          -0.01
        ]
      },
      "properties": {
        "level": "L1F",
        "zone": "airside_domestic",
        "verified": false,
        "category": "elevator",
        "name": "电梯 39",
        "nameEn": "电梯 39",
        "aliases": [],
        "pinyin": [],
        "location": "",
        "hours": null,
        "phone": null,
        "accessible": true,
        "tags": [],
        "verticalGroup": "vg-elevator-39",
        "verticalLevels": [
          "L2F",
          "L1F"
        ]
      }
    },
    {
      "type": "Feature",
      "id": "fac-l2f-0031",
      "geometry": {
        "type": "Point",
        "coordinates": [
          -104.5,
          -25.16
        ]
      },
      "properties": {
        "level": "L2F",
        "zone": "airside_domestic",
        "verified": false,
        "category": "elevator",
        "name": "电梯 40",
        "nameEn": "电梯 40",
        "aliases": [],
        "pinyin": [],
        "location": "",
        "hours": null,
        "phone": null,
        "accessible": true,
        "tags": [],
        "verticalGroup": "vg-elevator-40",
        "verticalLevels": [
          "L2F",
          "L1F"
        ]
      }
    },
    {
      "type": "Feature",
      "id": "fac-l2f-0032",
      "geometry": {
        "type": "Point",
        "coordinates": [
          -104.5,
          -25.16
        ]
      },
      "properties": {
        "level": "L1F",
        "zone": "airside_domestic",
        "verified": false,
        "category": "elevator",
        "name": "电梯 40",
        "nameEn": "电梯 40",
        "aliases": [],
        "pinyin": [],
        "location": "",
        "hours": null,
        "phone": null,
        "accessible": true,
        "tags": [],
        "verticalGroup": "vg-elevator-40",
        "verticalLevels": [
          "L2F",
          "L1F"
        ]
      }
    },
    {
      "type": "Feature",
      "id": "fac-l2f-0033",
      "geometry": {
        "type": "Polygon",
        "coordinates": [
          [
            [
              -164.2,
              168.15
            ],
            [
              -148.6,
              161.35
            ],
            [
              -147.07,
              162.51
            ],
            [
              -146.65,
              164.09
            ],
            [
              -146.54,
              165.78
            ],
            [
              -148.33,
              167.89
            ],
            [
              -161.14,
              172.95
            ],
            [
              -162.78,
              173.16
            ],
            [
              -164.2,
              171.63
            ],
            [
              -164.2,
              169.31
            ],
            [
              -164.2,
              168.15
            ]
          ]
        ]
      },
      "properties": {
        "level": "L2F",
        "zone": "landside",
        "verified": false,
        "category": "commerce",
        "name": "星巴克",
        "nameEn": "",
        "aliases": [],
        "pinyin": [],
        "location": "",
        "hours": null,
        "phone": null,
        "accessible": true,
        "tags": [],
        "public": true,
        "through": false,
        "fields": {
          "kind": "咖啡"
        }
      }
    },
    {
      "type": "Feature",
      "id": "fac-l2f-0034",
      "geometry": {
        "type": "Polygon",
        "coordinates": [
          [
            [
              -221.92,
              180.81
            ],
            [
              -221.42,
              179.96
            ],
            [
              -214.1,
              180.76
            ],
            [
              -212.77,
              180.15
            ],
            [
              -211.81,
              182.5
            ],
            [
              -213.98,
              183.44
            ],
            [
              -215.57,
              183.64
            ],
            [
              -217.86,
              183.43
            ],
            [
              -219.09,
              182.88
            ],
            [
              -220.59,
              182.06
            ],
            [
              -221.92,
              180.81
            ]
          ]
        ]
      },
      "properties": {
        "level": "L2F",
        "zone": "landside",
        "verified": false,
        "category": "commerce",
        "name": "中国体育彩票",
        "nameEn": "",
        "aliases": [],
        "pinyin": [],
        "location": "",
        "hours": null,
        "phone": null,
        "accessible": true,
        "tags": [],
        "public": true,
        "through": false,
        "fields": {
          "kind": "彩票"
        }
      }
    },
    {
      "type": "Feature",
      "id": "fac-l2f-0035",
      "geometry": {
        "type": "Polygon",
        "coordinates": [
          [
            [
              -212.77,
              180.15
            ],
            [
              -210.45,
              179.23
            ],
            [
              -210.19,
              176.7
            ],
            [
              -209.21,
              176.97
            ],
            [
              -203.66,
              174.49
            ],
            [
              -201.95,
              178.38
            ],
            [
              -211.81,
              182.5
            ],
            [
              -212.77,
              180.15
            ]
          ]
        ]
      },
      "properties": {
        "level": "L2F",
        "zone": "landside",
        "verified": false,
        "category": "commerce",
        "name": "食机已到",
        "nameEn": "",
        "aliases": [],
        "pinyin": [],
        "location": "",
        "hours": null,
        "phone": null,
        "accessible": true,
        "tags": [],
        "public": true,
        "through": false,
        "fields": {
          "kind": "餐饮"
        }
      }
    },
    {
      "type": "Feature",
      "id": "fac-l2f-0036",
      "geometry": {
        "type": "Polygon",
        "coordinates": [
          [
            [
              -201.95,
              178.38
            ],
            [
              -188.84,
              172.85
            ],
            [
              -190.52,
              168.97
            ],
            [
              -203.66,
              174.49
            ],
            [
              -201.95,
              178.38
            ]
          ]
        ]
      },
      "properties": {
        "level": "L2F",
        "zone": "landside",
        "verified": false,
        "category": "lost_found",
        "name": "",
        "nameEn": "",
        "aliases": [],
        "pinyin": [],
        "location": "",
        "hours": null,
        "phone": null,
        "accessible": true,
        "tags": [],
        "public": true,
        "through": false
      }
    },
    {
      "type": "Feature",
      "id": "fac-l2f-0037",
      "geometry": {
        "type": "Polygon",
        "coordinates": [
          [
            [
              -188.84,
              172.85
            ],
            [
              -180.11,
              169.06
            ],
            [
              -180.58,
              168
            ],
            [
              -178.85,
              167.38
            ],
            [
              -180.09,
              164.47
            ],
            [
              -190.52,
              168.97
            ],
            [
              -188.84,
              172.85
            ]
          ]
        ]
      },
      "properties": {
        "level": "L2F",
        "zone": "landside",
        "verified": false,
        "category": "commerce",
        "name": "旅游酒店预定，汽车租赁，写成屡次那个，神州租车",
        "nameEn": "",
        "aliases": [],
        "pinyin": [],
        "location": "",
        "hours": null,
        "phone": null,
        "accessible": true,
        "tags": [],
        "public": true,
        "through": false,
        "fields": {
          "kind": "旅游"
        }
      }
    },
    {
      "type": "Feature",
      "id": "fac-l2f-0038",
      "geometry": {
        "type": "Polygon",
        "coordinates": [
          [
            [
              -176.62,
              166.47
            ],
            [
              -177.47,
              164.47
            ],
            [
              -166.3,
              160.15
            ],
            [
              -165.32,
              163.09
            ],
            [
              -175.41,
              167.05
            ],
            [
              -175.94,
              166.02
            ],
            [
              -176.62,
              166.47
            ]
          ]
        ]
      },
      "properties": {
        "level": "L2F",
        "zone": "landside",
        "verified": false,
        "category": "commerce",
        "name": "自助按摩椅",
        "nameEn": "",
        "aliases": [],
        "pinyin": [],
        "location": "",
        "hours": null,
        "phone": null,
        "accessible": true,
        "tags": [],
        "public": true,
        "through": false,
        "fields": {
          "kind": "按摩"
        }
      }
    },
    {
      "type": "Feature",
      "id": "fac-l2f-0039",
      "geometry": {
        "type": "Polygon",
        "coordinates": [
          [
            [
              -161.26,
              161.36
            ],
            [
              -163.05,
              157.18
            ],
            [
              -141.65,
              148.12
            ],
            [
              -141.54,
              152.1
            ],
            [
              -143.83,
              153.53
            ],
            [
              -161.26,
              161.36
            ]
          ]
        ]
      },
      "properties": {
        "level": "L2F",
        "zone": "landside",
        "verified": false,
        "category": "commerce",
        "name": "星巴克",
        "nameEn": "",
        "aliases": [],
        "pinyin": [],
        "location": "",
        "hours": null,
        "phone": null,
        "accessible": true,
        "tags": [],
        "public": true,
        "through": false,
        "fields": {
          "kind": "咖啡"
        }
      }
    },
    {
      "type": "Feature",
      "id": "fac-l2f-0040",
      "geometry": {
        "type": "Polygon",
        "coordinates": [
          [
            [
              -103.67,
              146.57
            ],
            [
              -103.25,
              143.97
            ],
            [
              -95.11,
              145.01
            ],
            [
              -94.33,
              140.98
            ],
            [
              -89.13,
              141.51
            ],
            [
              -89.94,
              147.38
            ],
            [
              -103.67,
              146.57
            ]
          ]
        ]
      },
      "properties": {
        "level": "L2F",
        "zone": "landside",
        "verified": false,
        "category": "commerce",
        "name": "好邻居",
        "nameEn": "",
        "aliases": [],
        "pinyin": [],
        "location": "",
        "hours": null,
        "phone": null,
        "accessible": true,
        "tags": [],
        "public": true,
        "through": false,
        "fields": {
          "kind": "便利  零售"
        }
      }
    },
    {
      "type": "Feature",
      "id": "fac-l2f-0041",
      "geometry": {
        "type": "Polygon",
        "coordinates": [
          [
            [
              -86.44,
              147.71
            ],
            [
              -85.6,
              141.84
            ],
            [
              -82.07,
              142.32
            ],
            [
              -81.68,
              139.78
            ],
            [
              -78.6,
              140.26
            ],
            [
              -79.44,
              147.62
            ],
            [
              -86.44,
              147.71
            ]
          ]
        ]
      },
      "properties": {
        "level": "L2F",
        "zone": "landside",
        "verified": false,
        "category": "commerce",
        "name": "汇智光华",
        "nameEn": "",
        "aliases": [],
        "pinyin": [],
        "location": "",
        "hours": null,
        "phone": null,
        "accessible": true,
        "tags": [],
        "public": true,
        "through": false
      }
    },
    {
      "type": "Feature",
      "id": "fac-l2f-0042",
      "geometry": {
        "type": "Polygon",
        "coordinates": [
          [
            [
              -61.37,
              146.99
            ],
            [
              -59.94,
              136.46
            ],
            [
              -67.14,
              135.59
            ],
            [
              -66.31,
              129.49
            ],
            [
              -54.46,
              131.02
            ],
            [
              -55.78,
              142.11
            ],
            [
              -56.56,
              143.82
            ],
            [
              -57.87,
              145.61
            ],
            [
              -59.91,
              146.57
            ],
            [
              -61.37,
              146.99
            ]
          ]
        ]
      },
      "properties": {
        "level": "L2F",
        "zone": "landside",
        "verified": false,
        "category": "commerce",
        "name": "麦当劳",
        "nameEn": "",
        "aliases": [],
        "pinyin": [],
        "location": "",
        "hours": null,
        "phone": null,
        "accessible": true,
        "tags": [],
        "public": true,
        "through": false,
        "fields": {
          "kind": "餐饮 快餐 汉堡"
        }
      }
    },
    {
      "type": "Feature",
      "id": "fac-l2f-0043",
      "geometry": {
        "type": "Polygon",
        "coordinates": [
          [
            [
              -33.02,
              149.89
            ],
            [
              -32.6,
              146.96
            ],
            [
              -19.26,
              148.39
            ],
            [
              -6.69,
              150.25
            ],
            [
              -7.35,
              153.24
            ],
            [
              -19.82,
              151.18
            ],
            [
              -33.02,
              149.89
            ]
          ]
        ]
      },
      "properties": {
        "level": "L2F",
        "zone": "landside",
        "verified": false,
        "category": "commerce",
        "name": "瑞幸咖啡",
        "nameEn": "",
        "aliases": [
          "咖啡"
        ],
        "pinyin": [],
        "location": "",
        "hours": null,
        "phone": null,
        "accessible": true,
        "tags": [],
        "public": true,
        "through": false
      }
    },
    {
      "type": "Feature",
      "id": "fac-l2f-0044",
      "geometry": {
        "type": "Polygon",
        "coordinates": [
          [
            [
              21.22,
              157.29
            ],
            [
              18.91,
              156.04
            ],
            [
              17.69,
              153.85
            ],
            [
              17.09,
              151.37
            ],
            [
              18.59,
              140.51
            ],
            [
              30.64,
              142.01
            ],
            [
              29.71,
              148.08
            ],
            [
              22.65,
              147.03
            ],
            [
              21.22,
              157.29
            ]
          ]
        ]
      },
      "properties": {
        "level": "L2F",
        "zone": "landside",
        "verified": false,
        "category": "commerce",
        "name": "牛角村 / 墨西果果",
        "nameEn": "",
        "aliases": [
          "餐饮"
        ],
        "pinyin": [],
        "location": "",
        "hours": null,
        "phone": null,
        "accessible": true,
        "tags": [],
        "public": true,
        "through": false
      }
    },
    {
      "type": "Feature",
      "id": "fac-l2f-0045",
      "geometry": {
        "type": "Polygon",
        "coordinates": [
          [
            [
              38.39,
              162.83
            ],
            [
              39.43,
              155.2
            ],
            [
              42.66,
              155.83
            ],
            [
              42.36,
              158.1
            ],
            [
              45.95,
              158.79
            ],
            [
              45.27,
              164.29
            ],
            [
              38.39,
              162.83
            ]
          ]
        ]
      },
      "properties": {
        "level": "L2F",
        "zone": "landside",
        "verified": false,
        "category": "commerce",
        "name": "故宫文具",
        "nameEn": "",
        "aliases": [],
        "pinyin": [],
        "location": "",
        "hours": null,
        "phone": null,
        "accessible": true,
        "tags": [],
        "public": true,
        "through": false,
        "fields": {
          "kind": "文创 纪念品"
        }
      }
    },
    {
      "type": "Feature",
      "id": "fac-l2f-0046",
      "geometry": {
        "type": "Polygon",
        "coordinates": [
          [
            [
              48.8,
              165.04
            ],
            [
              49.42,
              159.24
            ],
            [
              54.84,
              159.89
            ],
            [
              54.09,
              166.21
            ],
            [
              48.8,
              165.04
            ]
          ]
        ]
      },
      "properties": {
        "level": "L2F",
        "zone": "landside",
        "verified": false,
        "category": "commerce",
        "name": "京东便利店",
        "nameEn": "",
        "aliases": [],
        "pinyin": [],
        "location": "",
        "hours": null,
        "phone": null,
        "accessible": true,
        "tags": [],
        "public": true,
        "through": false,
        "fields": {
          "kind": "零售 便利"
        }
      }
    },
    {
      "type": "Feature",
      "id": "fac-l2f-0047",
      "geometry": {
        "type": "Polygon",
        "coordinates": [
          [
            [
              117.58,
              192.37
            ],
            [
              99.01,
              178.41
            ],
            [
              98.33,
              180.7
            ],
            [
              98.44,
              182.13
            ],
            [
              98.86,
              183.18
            ],
            [
              114.99,
              195.67
            ],
            [
              117.58,
              192.37
            ]
          ]
        ]
      },
      "properties": {
        "level": "L2F",
        "zone": "landside",
        "verified": false,
        "category": "commerce",
        "name": "米村拌饭 / 柠檬向右",
        "nameEn": "",
        "aliases": [],
        "pinyin": [],
        "location": "",
        "hours": null,
        "phone": null,
        "accessible": true,
        "tags": [],
        "public": true,
        "through": false,
        "fields": {
          "kind": "餐饮 饮料"
        }
      }
    },
    {
      "type": "Feature",
      "id": "fac-l2f-0048",
      "geometry": {
        "type": "Polygon",
        "coordinates": [
          [
            [
              129.93,
              203.23
            ],
            [
              124.83,
              199.44
            ],
            [
              123.6,
              201.25
            ],
            [
              128.58,
              204.9
            ],
            [
              129.93,
              203.23
            ]
          ]
        ]
      },
      "properties": {
        "level": "L2F",
        "zone": "landside",
        "verified": false,
        "category": "commerce",
        "name": "自助饮料机",
        "nameEn": "",
        "aliases": [],
        "pinyin": [],
        "location": "",
        "hours": null,
        "phone": null,
        "accessible": true,
        "tags": [],
        "public": true,
        "through": false,
        "fields": {
          "kind": "零售 自助机"
        }
      }
    },
    {
      "type": "Feature",
      "id": "fac-l2f-0049",
      "geometry": {
        "type": "Polygon",
        "coordinates": [
          [
            [
              129.81,
              206.79
            ],
            [
              132.59,
              203.45
            ],
            [
              141.86,
              210.53
            ],
            [
              139,
              214.05
            ],
            [
              129.81,
              206.79
            ]
          ]
        ]
      },
      "properties": {
        "level": "L2F",
        "zone": "landside",
        "verified": false,
        "category": "commerce",
        "name": "自助按摩椅",
        "nameEn": "",
        "aliases": [],
        "pinyin": [],
        "location": "",
        "hours": null,
        "phone": null,
        "accessible": true,
        "tags": [],
        "public": true,
        "through": false,
        "fields": {
          "kind": "按摩"
        }
      }
    },
    {
      "type": "Feature",
      "id": "fac-l2f-0050",
      "geometry": {
        "type": "Polygon",
        "coordinates": [
          [
            [
              139,
              214.05
            ],
            [
              141.86,
              210.53
            ],
            [
              153.05,
              219.21
            ],
            [
              150.35,
              222.49
            ],
            [
              139,
              214.05
            ]
          ]
        ]
      },
      "properties": {
        "level": "L2F",
        "zone": "landside",
        "verified": false,
        "category": "left_luggage",
        "name": "",
        "nameEn": "",
        "aliases": [],
        "pinyin": [],
        "location": "",
        "hours": null,
        "phone": null,
        "accessible": true,
        "tags": [],
        "public": true,
        "through": false
      }
    },
    {
      "type": "Feature",
      "id": "fac-l2f-0051",
      "geometry": {
        "type": "Polygon",
        "coordinates": [
          [
            [
              150.35,
              222.49
            ],
            [
              153.05,
              219.21
            ],
            [
              157.99,
              222.79
            ],
            [
              158.76,
              222.87
            ],
            [
              158.63,
              224.95
            ],
            [
              156.94,
              227.3
            ],
            [
              150.35,
              222.49
            ]
          ]
        ]
      },
      "properties": {
        "level": "L2F",
        "zone": "landside",
        "verified": false,
        "category": "commerce",
        "name": "布瑞琳",
        "nameEn": "",
        "aliases": [],
        "pinyin": [],
        "location": "",
        "hours": null,
        "phone": null,
        "accessible": true,
        "tags": [],
        "public": true,
        "through": false,
        "fields": {
          "kind": "零售"
        }
      }
    },
    {
      "type": "Feature",
      "id": "fac-l2f-0052",
      "geometry": {
        "type": "Polygon",
        "coordinates": [
          [
            [
              158.63,
              224.95
            ],
            [
              164.08,
              228.23
            ],
            [
              167.2,
              228.1
            ],
            [
              168.03,
              229.94
            ],
            [
              166.64,
              230.32
            ],
            [
              164.93,
              230.58
            ],
            [
              162.95,
              230.56
            ],
            [
              161.3,
              230.1
            ],
            [
              159.54,
              229.3
            ],
            [
              156.94,
              227.3
            ],
            [
              158.63,
              224.95
            ]
          ]
        ]
      },
      "properties": {
        "level": "L2F",
        "zone": "landside",
        "verified": false,
        "category": "commerce",
        "name": "京东快递",
        "nameEn": "",
        "aliases": [],
        "pinyin": [],
        "location": "",
        "hours": null,
        "phone": null,
        "accessible": true,
        "tags": [],
        "public": true,
        "through": false,
        "fields": {
          "kind": "快递"
        }
      }
    },
    {
      "type": "Feature",
      "id": "fac-l2f-0053",
      "geometry": {
        "type": "Polygon",
        "coordinates": [
          [
            [
              306.68,
              262.74
            ],
            [
              319.38,
              246.8
            ],
            [
              382.79,
              298.45
            ],
            [
              381.14,
              313.26
            ],
            [
              442.57,
              372.57
            ],
            [
              426.1,
              384.67
            ],
            [
              427.96,
              387.25
            ],
            [
              425.05,
              389.17
            ],
            [
              410.57,
              369.33
            ],
            [
              388.35,
              341.89
            ],
            [
              375.78,
              327.47
            ],
            [
              351.19,
              301.75
            ],
            [
              324.93,
              277.42
            ],
            [
              306.68,
              262.74
            ]
          ]
        ]
      },
      "properties": {
        "level": "L2F",
        "zone": "landside",
        "verified": false,
        "category": "sleep",
        "name": "美宸酒店",
        "nameEn": "",
        "aliases": [],
        "pinyin": [],
        "location": "",
        "hours": null,
        "phone": null,
        "accessible": true,
        "tags": [],
        "public": true,
        "through": false,
        "fields": {
          "kind": "住宿 酒店"
        }
      }
    },
    {
      "type": "Feature",
      "id": "fac-l2f-0054",
      "geometry": {
        "type": "Polygon",
        "coordinates": [
          [
            [
              -117.59,
              71.18
            ],
            [
              -115.5,
              72.2
            ],
            [
              -112.36,
              71.39
            ],
            [
              -113.2,
              73.07
            ],
            [
              -115.23,
              73.87
            ],
            [
              -116.76,
              73.43
            ],
            [
              -117.32,
              72.59
            ],
            [
              -117.59,
              71.18
            ]
          ]
        ]
      },
      "properties": {
        "level": "L2F",
        "zone": "airside_domestic",
        "verified": false,
        "category": "service_desk",
        "name": "行李送到家服务台",
        "nameEn": "",
        "aliases": [],
        "pinyin": [],
        "location": "",
        "hours": null,
        "phone": null,
        "accessible": true,
        "tags": [],
        "public": true,
        "through": false
      }
    },
    {
      "type": "Feature",
      "id": "fac-l2f-0055",
      "geometry": {
        "type": "Polygon",
        "coordinates": [
          [
            [
              89.91,
              97.17
            ],
            [
              91.91,
              97.99
            ],
            [
              94.66,
              97.43
            ],
            [
              94.12,
              98.61
            ],
            [
              93.11,
              99.36
            ],
            [
              91.75,
              99.38
            ],
            [
              90.49,
              98.82
            ],
            [
              89.91,
              97.17
            ]
          ]
        ]
      },
      "properties": {
        "level": "L2F",
        "zone": "airside_domestic",
        "verified": false,
        "category": "service_desk",
        "name": "行李送到家服务台",
        "nameEn": "",
        "aliases": [],
        "pinyin": [],
        "location": "",
        "hours": null,
        "phone": null,
        "accessible": true,
        "tags": [],
        "public": true,
        "through": false
      }
    },
    {
      "type": "Feature",
      "id": "fac-l2f-0056",
      "geometry": {
        "type": "Polygon",
        "coordinates": [
          [
            [
              58.02,
              81.75
            ],
            [
              58.49,
              78.13
            ],
            [
              63.91,
              80.29
            ],
            [
              63.34,
              84.01
            ],
            [
              58.02,
              81.75
            ]
          ]
        ]
      },
      "properties": {
        "level": "L2F",
        "zone": "airside_domestic",
        "verified": false,
        "category": "service_desk",
        "name": "BCS行李查询",
        "nameEn": "",
        "aliases": [],
        "pinyin": [],
        "location": "",
        "hours": null,
        "phone": null,
        "accessible": true,
        "tags": [],
        "public": true,
        "through": false
      }
    },
    {
      "type": "Feature",
      "id": "fac-l2f-0057",
      "geometry": {
        "type": "Point",
        "coordinates": [
          131.37,
          140.96
        ]
      },
      "properties": {
        "level": "L2F",
        "zone": "airside_domestic",
        "verified": false,
        "category": "water",
        "name": "",
        "nameEn": "",
        "aliases": [],
        "pinyin": [],
        "location": "",
        "hours": null,
        "phone": null,
        "accessible": true,
        "tags": []
      }
    },
    {
      "type": "Feature",
      "id": "fac-l2f-0058",
      "geometry": {
        "type": "Polygon",
        "coordinates": [
          [
            [
              112.89,
              179.83
            ],
            [
              117.79,
              183.73
            ],
            [
              115,
              187.35
            ],
            [
              110.19,
              183.66
            ],
            [
              112.89,
              179.83
            ]
          ]
        ]
      },
      "properties": {
        "level": "L2F",
        "zone": "airside_domestic",
        "verified": false,
        "category": "service_desk",
        "name": "东航行李查询",
        "nameEn": "",
        "aliases": [],
        "pinyin": [],
        "location": "",
        "hours": null,
        "phone": null,
        "accessible": true,
        "tags": [],
        "public": true,
        "through": false,
        "fields": {
          "service": "中国东方航空行李查询"
        }
      }
    },
    {
      "type": "Feature",
      "id": "fac-l2f-0059",
      "geometry": {
        "type": "Point",
        "coordinates": [
          59.56,
          145.86
        ]
      },
      "properties": {
        "level": "L2F",
        "zone": "airside_domestic",
        "verified": false,
        "category": "water",
        "name": "",
        "nameEn": "",
        "aliases": [],
        "pinyin": [],
        "location": "",
        "hours": null,
        "phone": null,
        "accessible": true,
        "tags": []
      }
    },
    {
      "type": "Feature",
      "id": "fac-l2f-0060",
      "geometry": {
        "type": "Point",
        "coordinates": [
          -96.8,
          126.07
        ]
      },
      "properties": {
        "level": "L2F",
        "zone": "airside_domestic",
        "verified": false,
        "category": "water",
        "name": "",
        "nameEn": "",
        "aliases": [],
        "pinyin": [],
        "location": "",
        "hours": null,
        "phone": null,
        "accessible": true,
        "tags": []
      }
    },
    {
      "type": "Feature",
      "id": "fac-l2f-0061",
      "geometry": {
        "type": "Polygon",
        "coordinates": [
          [
            [
              -159.43,
              152.93
            ],
            [
              -161.24,
              148.92
            ],
            [
              -155.35,
              146.44
            ],
            [
              -153.59,
              150.61
            ],
            [
              -159.43,
              152.93
            ]
          ]
        ]
      },
      "properties": {
        "level": "L2F",
        "zone": "airside_domestic",
        "verified": false,
        "category": "service_desk",
        "name": "南航行李查询",
        "nameEn": "",
        "aliases": [],
        "pinyin": [],
        "location": "",
        "hours": null,
        "phone": null,
        "accessible": true,
        "tags": [],
        "public": true,
        "through": false,
        "fields": {
          "service": "中国南方航空行李查询"
        }
      }
    },
    {
      "type": "Feature",
      "id": "fac-l2f-0062",
      "geometry": {
        "type": "Polygon",
        "coordinates": [
          [
            [
              -179.91,
              104.71
            ],
            [
              -184.29,
              94.59
            ],
            [
              -177.16,
              91.44
            ],
            [
              -172.8,
              101.83
            ],
            [
              -179.91,
              104.71
            ]
          ]
        ]
      },
      "properties": {
        "level": "L2F",
        "zone": "airside_domestic",
        "verified": false,
        "category": "restroom",
        "name": "",
        "nameEn": "",
        "aliases": [],
        "pinyin": [],
        "location": "",
        "hours": null,
        "phone": null,
        "accessible": true,
        "tags": [],
        "public": true,
        "through": false,
        "fields": {
          "restroomType": "male"
        }
      }
    },
    {
      "type": "Feature",
      "id": "fac-l2f-0063",
      "geometry": {
        "type": "Polygon",
        "coordinates": [
          [
            [
              -172.8,
              101.83
            ],
            [
              -164.36,
              98.31
            ],
            [
              -168.85,
              87.99
            ],
            [
              -177.16,
              91.44
            ],
            [
              -172.8,
              101.83
            ]
          ]
        ]
      },
      "properties": {
        "level": "L2F",
        "zone": "airside_domestic",
        "verified": false,
        "category": "restroom",
        "name": "",
        "nameEn": "",
        "aliases": [],
        "pinyin": [],
        "location": "",
        "hours": null,
        "phone": null,
        "accessible": true,
        "tags": [],
        "public": true,
        "through": false,
        "fields": {
          "restroomType": "female"
        }
      }
    },
    {
      "type": "Feature",
      "id": "fac-l2f-0064",
      "geometry": {
        "type": "Polygon",
        "coordinates": [
          [
            [
              -169.53,
              105.98
            ],
            [
              -170.36,
              103.89
            ],
            [
              -166.99,
              102.44
            ],
            [
              -166.1,
              104.44
            ],
            [
              -169.53,
              105.98
            ]
          ]
        ]
      },
      "properties": {
        "level": "L2F",
        "zone": "airside_domestic",
        "verified": false,
        "category": "restroom",
        "name": "",
        "nameEn": "",
        "aliases": [],
        "pinyin": [],
        "location": "",
        "hours": null,
        "phone": null,
        "accessible": true,
        "tags": [],
        "public": true,
        "through": false,
        "fields": {
          "restroomType": "accessible"
        }
      }
    },
    {
      "type": "Feature",
      "id": "fac-l2f-0065",
      "geometry": {
        "type": "Polygon",
        "coordinates": [
          [
            [
              -175.3,
              108.62
            ],
            [
              -176.53,
              106.28
            ],
            [
              -173.64,
              105.13
            ],
            [
              -172.59,
              107.57
            ],
            [
              -175.3,
              108.62
            ]
          ]
        ]
      },
      "properties": {
        "level": "L2F",
        "zone": "airside_domestic",
        "verified": false,
        "category": "nursing",
        "name": "",
        "nameEn": "",
        "aliases": [],
        "pinyin": [],
        "location": "",
        "hours": null,
        "phone": null,
        "accessible": true,
        "tags": [],
        "public": true,
        "through": false
      }
    },
    {
      "type": "Feature",
      "id": "fac-l2f-0066",
      "geometry": {
        "type": "Polygon",
        "coordinates": [
          [
            [
              -116.66,
              64.61
            ],
            [
              -119.74,
              57.63
            ],
            [
              -109.96,
              53.44
            ],
            [
              -108.03,
              58
            ],
            [
              -105.58,
              57.05
            ],
            [
              -104.43,
              59.68
            ],
            [
              -116.66,
              64.61
            ]
          ]
        ]
      },
      "properties": {
        "level": "L2F",
        "zone": "airside_domestic",
        "verified": false,
        "category": "restroom",
        "name": "",
        "nameEn": "",
        "aliases": [],
        "pinyin": [],
        "location": "",
        "hours": null,
        "phone": null,
        "accessible": true,
        "tags": [],
        "public": true,
        "through": false,
        "fields": {
          "restroomType": "male"
        }
      }
    },
    {
      "type": "Feature",
      "id": "fac-l2f-0067",
      "geometry": {
        "type": "Polygon",
        "coordinates": [
          [
            [
              -101.3,
              57.48
            ],
            [
              -104.73,
              49.74
            ],
            [
              -91.55,
              44.2
            ],
            [
              -87.85,
              52.55
            ],
            [
              -98.98,
              57.36
            ],
            [
              -99.34,
              56.68
            ],
            [
              -101.3,
              57.48
            ]
          ]
        ]
      },
      "properties": {
        "level": "L2F",
        "zone": "airside_domestic",
        "verified": false,
        "category": "restroom",
        "name": "",
        "nameEn": "",
        "aliases": [],
        "pinyin": [],
        "location": "",
        "hours": null,
        "phone": null,
        "accessible": true,
        "tags": [],
        "public": true,
        "through": false,
        "fields": {
          "restroomType": "female"
        }
      }
    },
    {
      "type": "Feature",
      "id": "fac-l2f-0068",
      "geometry": {
        "type": "Polygon",
        "coordinates": [
          [
            [
              -109.16,
              55.34
            ],
            [
              -106.23,
              54.24
            ],
            [
              -107.69,
              50.93
            ],
            [
              -110.49,
              52.15
            ],
            [
              -109.96,
              53.44
            ],
            [
              -109.16,
              55.34
            ]
          ]
        ]
      },
      "properties": {
        "level": "L2F",
        "zone": "airside_domestic",
        "verified": false,
        "category": "restroom",
        "name": "",
        "nameEn": "",
        "aliases": [],
        "pinyin": [],
        "location": "",
        "hours": null,
        "phone": null,
        "accessible": true,
        "tags": [],
        "public": true,
        "through": false,
        "fields": {
          "restroomType": "accessible"
        }
      }
    },
    {
      "type": "Feature",
      "id": "fac-l2f-0069",
      "geometry": {
        "type": "Polygon",
        "coordinates": [
          [
            [
              -106.23,
              54.24
            ],
            [
              -105.58,
              57.05
            ],
            [
              -108.03,
              58
            ],
            [
              -109.16,
              55.34
            ],
            [
              -106.23,
              54.24
            ]
          ]
        ]
      },
      "properties": {
        "level": "L2F",
        "zone": "airside_domestic",
        "verified": false,
        "category": "nursing",
        "name": "",
        "nameEn": "",
        "aliases": [],
        "pinyin": [],
        "location": "",
        "hours": null,
        "phone": null,
        "accessible": true,
        "tags": [],
        "public": true,
        "through": false
      }
    },
    {
      "type": "Feature",
      "id": "fac-l2f-0070",
      "geometry": {
        "type": "Polygon",
        "coordinates": [
          [
            [
              -112.89,
              143.62
            ],
            [
              -111.63,
              133.91
            ],
            [
              -102.76,
              134.82
            ],
            [
              -104.26,
              146.03
            ],
            [
              -110.2,
              145.36
            ],
            [
              -110.1,
              143.79
            ],
            [
              -112.89,
              143.62
            ]
          ]
        ]
      },
      "properties": {
        "level": "L2F",
        "zone": "airside_domestic",
        "verified": false,
        "category": "restroom",
        "name": "",
        "nameEn": "",
        "aliases": [],
        "pinyin": [],
        "location": "",
        "hours": null,
        "phone": null,
        "accessible": true,
        "tags": [],
        "public": true,
        "through": false,
        "fields": {
          "restroomType": "female"
        }
      }
    },
    {
      "type": "Feature",
      "id": "fac-l2f-0071",
      "geometry": {
        "type": "Polygon",
        "coordinates": [
          [
            [
              -102.76,
              134.82
            ],
            [
              -94.99,
              135.75
            ],
            [
              -96.25,
              144.86
            ],
            [
              -103.25,
              143.97
            ],
            [
              -103.67,
              146.57
            ],
            [
              -104.26,
              146.03
            ],
            [
              -102.76,
              134.82
            ]
          ]
        ]
      },
      "properties": {
        "level": "L2F",
        "zone": "airside_domestic",
        "verified": false,
        "category": "restroom",
        "name": "",
        "nameEn": "",
        "aliases": [],
        "pinyin": [],
        "location": "",
        "hours": null,
        "phone": null,
        "accessible": true,
        "tags": [],
        "public": true,
        "through": false,
        "fields": {
          "restroomType": "male"
        }
      }
    },
    {
      "type": "Feature",
      "id": "fac-l2f-0072",
      "geometry": {
        "type": "Polygon",
        "coordinates": [
          [
            [
              -103.78,
              132.24
            ],
            [
              -103.4,
              129.31
            ],
            [
              -107.5,
              129.1
            ],
            [
              -107.84,
              131.84
            ],
            [
              -103.78,
              132.24
            ]
          ]
        ]
      },
      "properties": {
        "level": "L2F",
        "zone": "airside_domestic",
        "verified": false,
        "category": "restroom",
        "name": "",
        "nameEn": "",
        "aliases": [],
        "pinyin": [],
        "location": "",
        "hours": null,
        "phone": null,
        "accessible": true,
        "tags": [],
        "public": true,
        "through": false,
        "fields": {
          "restroomType": "accessible"
        }
      }
    },
    {
      "type": "Feature",
      "id": "fac-l2f-0073",
      "geometry": {
        "type": "Polygon",
        "coordinates": [
          [
            [
              -100.64,
              132.53
            ],
            [
              -100.3,
              129.76
            ],
            [
              -97.04,
              130.19
            ],
            [
              -97.42,
              133.13
            ],
            [
              -100.64,
              132.53
            ]
          ]
        ]
      },
      "properties": {
        "level": "L2F",
        "zone": "airside_domestic",
        "verified": false,
        "category": "nursing",
        "name": "",
        "nameEn": "",
        "aliases": [],
        "pinyin": [],
        "location": "",
        "hours": null,
        "phone": null,
        "accessible": true,
        "tags": [],
        "public": true,
        "through": false
      }
    },
    {
      "type": "Feature",
      "id": "fac-l2f-0074",
      "geometry": {
        "type": "Polygon",
        "coordinates": [
          [
            [
              -92.18,
              141.2
            ],
            [
              -91.93,
              138.52
            ],
            [
              -88.74,
              139.14
            ],
            [
              -89.13,
              141.51
            ],
            [
              -92.18,
              141.2
            ]
          ]
        ]
      },
      "properties": {
        "level": "L2F",
        "zone": "landside",
        "verified": false,
        "category": "nursing",
        "name": "",
        "nameEn": "",
        "aliases": [],
        "pinyin": [],
        "location": "",
        "hours": null,
        "phone": null,
        "accessible": true,
        "tags": [],
        "public": true,
        "through": false
      }
    },
    {
      "type": "Feature",
      "id": "fac-l2f-0075",
      "geometry": {
        "type": "Polygon",
        "coordinates": [
          [
            [
              -85.6,
              141.84
            ],
            [
              -85.23,
              139.16
            ],
            [
              -81.68,
              139.78
            ],
            [
              -82.07,
              142.32
            ],
            [
              -85.6,
              141.84
            ]
          ]
        ]
      },
      "properties": {
        "level": "L2F",
        "zone": "landside",
        "verified": false,
        "category": "restroom",
        "name": "",
        "nameEn": "",
        "aliases": [],
        "pinyin": [],
        "location": "",
        "hours": null,
        "phone": null,
        "accessible": true,
        "tags": [],
        "public": true,
        "through": false,
        "fields": {
          "restroomType": "accessible"
        }
      }
    },
    {
      "type": "Feature",
      "id": "fac-l2f-0076",
      "geometry": {
        "type": "Polygon",
        "coordinates": [
          [
            [
              -94.1,
              135.49
            ],
            [
              -93.13,
              128
            ],
            [
              -90.34,
              128.38
            ],
            [
              -90.05,
              126.19
            ],
            [
              -85.92,
              126.59
            ],
            [
              -85.61,
              125.02
            ],
            [
              -84.88,
              125.26
            ],
            [
              -86.43,
              136.54
            ],
            [
              -94.1,
              135.49
            ]
          ]
        ]
      },
      "properties": {
        "level": "L2F",
        "zone": "landside",
        "verified": false,
        "category": "restroom",
        "name": "",
        "nameEn": "",
        "aliases": [],
        "pinyin": [],
        "location": "",
        "hours": null,
        "phone": null,
        "accessible": true,
        "tags": [],
        "public": true,
        "through": false,
        "fields": {
          "restroomType": "male"
        }
      }
    },
    {
      "type": "Feature",
      "id": "fac-l2f-0077",
      "geometry": {
        "type": "Polygon",
        "coordinates": [
          [
            [
              -86.43,
              136.54
            ],
            [
              -77.65,
              137.66
            ],
            [
              -76.2,
              126.57
            ],
            [
              -84.88,
              125.26
            ],
            [
              -86.43,
              136.54
            ]
          ]
        ]
      },
      "properties": {
        "level": "L2F",
        "zone": "landside",
        "verified": false,
        "category": "restroom",
        "name": "",
        "nameEn": "",
        "aliases": [],
        "pinyin": [],
        "location": "",
        "hours": null,
        "phone": null,
        "accessible": true,
        "tags": [],
        "public": true,
        "through": false,
        "fields": {
          "restroomType": "female"
        }
      }
    },
    {
      "type": "Feature",
      "id": "fac-l2f-0078",
      "geometry": {
        "type": "Polygon",
        "coordinates": [
          [
            [
              39.09,
              152.61
            ],
            [
              40.5,
              141.4
            ],
            [
              49.35,
              142.42
            ],
            [
              48.01,
              153.73
            ],
            [
              39.09,
              152.61
            ]
          ]
        ]
      },
      "properties": {
        "level": "L2F",
        "zone": "landside",
        "verified": false,
        "category": "restroom",
        "name": "",
        "nameEn": "",
        "aliases": [],
        "pinyin": [],
        "location": "",
        "hours": null,
        "phone": null,
        "accessible": true,
        "tags": [],
        "public": true,
        "through": false
      }
    },
    {
      "type": "Feature",
      "id": "fac-l2f-0079",
      "geometry": {
        "type": "Polygon",
        "coordinates": [
          [
            [
              48.01,
              153.73
            ],
            [
              55.71,
              154.54
            ],
            [
              56.52,
              147.05
            ],
            [
              53.83,
              146.79
            ],
            [
              54.14,
              144.33
            ],
            [
              49.89,
              143.78
            ],
            [
              50.11,
              142.78
            ],
            [
              49.35,
              142.42
            ],
            [
              48.01,
              153.73
            ]
          ]
        ]
      },
      "properties": {
        "level": "L2F",
        "zone": "landside",
        "verified": false,
        "category": "restroom",
        "name": "",
        "nameEn": "",
        "aliases": [],
        "pinyin": [],
        "location": "",
        "hours": null,
        "phone": null,
        "accessible": true,
        "tags": [],
        "public": true,
        "through": false,
        "fields": {
          "restroomType": "male"
        }
      }
    },
    {
      "type": "Feature",
      "id": "fac-l2f-0080",
      "geometry": {
        "type": "Polygon",
        "coordinates": [
          [
            [
              42.66,
              155.83
            ],
            [
              46.27,
              156.13
            ],
            [
              45.95,
              158.79
            ],
            [
              42.36,
              158.1
            ],
            [
              42.66,
              155.83
            ]
          ]
        ]
      },
      "properties": {
        "level": "L2F",
        "zone": "landside",
        "verified": false,
        "category": "restroom",
        "name": "",
        "nameEn": "",
        "aliases": [],
        "pinyin": [],
        "location": "",
        "hours": null,
        "phone": null,
        "accessible": true,
        "tags": [],
        "public": true,
        "through": false,
        "fields": {
          "restroomType": "accessible"
        }
      }
    },
    {
      "type": "Feature",
      "id": "fac-l2f-0081",
      "geometry": {
        "type": "Polygon",
        "coordinates": [
          [
            [
              49.42,
              159.24
            ],
            [
              49.97,
              156.47
            ],
            [
              53.02,
              156.95
            ],
            [
              52.5,
              159.61
            ],
            [
              49.42,
              159.24
            ]
          ]
        ]
      },
      "properties": {
        "level": "L2F",
        "zone": "landside",
        "verified": false,
        "category": "nursing",
        "name": "",
        "nameEn": "",
        "aliases": [],
        "pinyin": [],
        "location": "",
        "hours": null,
        "phone": null,
        "accessible": true,
        "tags": [],
        "public": true,
        "through": false
      }
    },
    {
      "type": "Feature",
      "id": "fac-l2f-0082",
      "geometry": {
        "type": "Polygon",
        "coordinates": [
          [
            [
              64.28,
              155.93
            ],
            [
              73.29,
              157.15
            ],
            [
              71.98,
              166.9
            ],
            [
              69.41,
              166.59
            ],
            [
              69.07,
              167.92
            ],
            [
              62.97,
              167.04
            ],
            [
              64.28,
              155.93
            ]
          ]
        ]
      },
      "properties": {
        "level": "L2F",
        "zone": "airside_domestic",
        "verified": false,
        "category": "restroom",
        "name": "",
        "nameEn": "",
        "aliases": [],
        "pinyin": [],
        "location": "",
        "hours": null,
        "phone": null,
        "accessible": true,
        "tags": [],
        "public": true,
        "through": false,
        "fields": {
          "restroomType": "female"
        }
      }
    },
    {
      "type": "Feature",
      "id": "fac-l2f-0083",
      "geometry": {
        "type": "Polygon",
        "coordinates": [
          [
            [
              64.28,
              155.93
            ],
            [
              56.82,
              154.93
            ],
            [
              55.7,
              163.75
            ],
            [
              62.47,
              164.8
            ],
            [
              62.18,
              166.88
            ],
            [
              62.97,
              167.04
            ],
            [
              64.28,
              155.93
            ]
          ]
        ]
      },
      "properties": {
        "level": "L2F",
        "zone": "airside_domestic",
        "verified": false,
        "category": "restroom",
        "name": "",
        "nameEn": "",
        "aliases": [],
        "pinyin": [],
        "location": "",
        "hours": null,
        "phone": null,
        "accessible": true,
        "tags": [],
        "public": true,
        "through": false,
        "fields": {
          "restroomType": "male"
        }
      }
    },
    {
      "type": "Feature",
      "id": "fac-l2f-0084",
      "geometry": {
        "type": "Polygon",
        "coordinates": [
          [
            [
              66,
              153.43
            ],
            [
              66.24,
              150.99
            ],
            [
              70.05,
              151.26
            ],
            [
              69.74,
              154.09
            ],
            [
              66,
              153.43
            ]
          ]
        ]
      },
      "properties": {
        "level": "L2F",
        "zone": "airside_domestic",
        "verified": false,
        "category": "restroom",
        "name": "",
        "nameEn": "",
        "aliases": [],
        "pinyin": [],
        "location": "",
        "hours": null,
        "phone": null,
        "accessible": true,
        "tags": [],
        "public": true,
        "through": false,
        "fields": {
          "restroomType": "accessible"
        }
      }
    },
    {
      "type": "Feature",
      "id": "fac-l2f-0085",
      "geometry": {
        "type": "Polygon",
        "coordinates": [
          [
            [
              59.61,
              152.78
            ],
            [
              60.01,
              150.02
            ],
            [
              63.07,
              150.47
            ],
            [
              62.66,
              153.16
            ],
            [
              59.61,
              152.78
            ]
          ]
        ]
      },
      "properties": {
        "level": "L2F",
        "zone": "airside_domestic",
        "verified": false,
        "category": "nursing",
        "name": "",
        "nameEn": "",
        "aliases": [],
        "pinyin": [],
        "location": "",
        "hours": null,
        "phone": null,
        "accessible": true,
        "tags": [],
        "public": true,
        "through": false
      }
    },
    {
      "type": "Feature",
      "id": "fac-l2f-0086",
      "geometry": {
        "type": "Polygon",
        "coordinates": [
          [
            [
              69.86,
              72.07
            ],
            [
              74.99,
              65.06
            ],
            [
              86.71,
              73.34
            ],
            [
              84.31,
              76.64
            ],
            [
              82.85,
              76.03
            ],
            [
              80.55,
              79.79
            ],
            [
              79.65,
              79.13
            ],
            [
              79.32,
              79.74
            ],
            [
              69.86,
              72.07
            ]
          ]
        ]
      },
      "properties": {
        "level": "L2F",
        "zone": "airside_domestic",
        "verified": false,
        "category": "restroom",
        "name": "",
        "nameEn": "",
        "aliases": [],
        "pinyin": [],
        "location": "",
        "hours": null,
        "phone": null,
        "accessible": true,
        "tags": [],
        "public": true,
        "through": false,
        "fields": {
          "restroomType": "female"
        }
      }
    },
    {
      "type": "Feature",
      "id": "fac-l2f-0087",
      "geometry": {
        "type": "Polygon",
        "coordinates": [
          [
            [
              84.27,
              83.03
            ],
            [
              85.68,
              81.06
            ],
            [
              87.92,
              82.58
            ],
            [
              89.71,
              80.2
            ],
            [
              91.26,
              81.08
            ],
            [
              92.6,
              79.83
            ],
            [
              99.52,
              84.98
            ],
            [
              94.55,
              91.05
            ],
            [
              84.27,
              83.03
            ]
          ]
        ]
      },
      "properties": {
        "level": "L2F",
        "zone": "airside_domestic",
        "verified": false,
        "category": "restroom",
        "name": "",
        "nameEn": "",
        "aliases": [],
        "pinyin": [],
        "location": "",
        "hours": null,
        "phone": null,
        "accessible": true,
        "tags": [],
        "public": true,
        "through": false,
        "fields": {
          "restroomType": "male"
        }
      }
    },
    {
      "type": "Feature",
      "id": "fac-l2f-0088",
      "geometry": {
        "type": "Polygon",
        "coordinates": [
          [
            [
              87.58,
              78.63
            ],
            [
              89.66,
              75.72
            ],
            [
              91.66,
              77.32
            ],
            [
              89.71,
              80.2
            ],
            [
              87.58,
              78.63
            ]
          ]
        ]
      },
      "properties": {
        "level": "L2F",
        "zone": "airside_domestic",
        "verified": false,
        "category": "restroom",
        "name": "",
        "nameEn": "",
        "aliases": [],
        "pinyin": [],
        "location": "",
        "hours": null,
        "phone": null,
        "accessible": true,
        "tags": [],
        "public": true,
        "through": false,
        "fields": {
          "restroomType": "accessible"
        }
      }
    },
    {
      "type": "Feature",
      "id": "fac-l2f-0089",
      "geometry": {
        "type": "Polygon",
        "coordinates": [
          [
            [
              85.68,
              81.06
            ],
            [
              87.58,
              78.63
            ],
            [
              89.71,
              80.2
            ],
            [
              87.92,
              82.58
            ],
            [
              85.68,
              81.06
            ]
          ]
        ]
      },
      "properties": {
        "level": "L2F",
        "zone": "airside_domestic",
        "verified": false,
        "category": "nursing",
        "name": "",
        "nameEn": "",
        "aliases": [],
        "pinyin": [],
        "location": "",
        "hours": null,
        "phone": null,
        "accessible": true,
        "tags": [],
        "public": true,
        "through": false
      }
    },
    {
      "type": "Feature",
      "id": "fac-l2f-0090",
      "geometry": {
        "type": "Polygon",
        "coordinates": [
          [
            [
              141.45,
              147.94
            ],
            [
              139.1,
              145.91
            ],
            [
              140.81,
              143.94
            ],
            [
              143.24,
              145.73
            ],
            [
              141.45,
              147.94
            ]
          ]
        ]
      },
      "properties": {
        "level": "L2F",
        "zone": "airside_domestic",
        "verified": false,
        "category": "nursing",
        "name": "",
        "nameEn": "",
        "aliases": [],
        "pinyin": [],
        "location": "",
        "hours": null,
        "phone": null,
        "accessible": true,
        "tags": [],
        "public": true,
        "through": false
      }
    },
    {
      "type": "Feature",
      "id": "fac-l2f-0091",
      "geometry": {
        "type": "Polygon",
        "coordinates": [
          [
            [
              136.16,
              144.02
            ],
            [
              133.3,
              141.67
            ],
            [
              134.85,
              139.56
            ],
            [
              138.01,
              141.88
            ],
            [
              136.16,
              144.02
            ]
          ]
        ]
      },
      "properties": {
        "level": "L2F",
        "zone": "airside_domestic",
        "verified": false,
        "category": "restroom",
        "name": "",
        "nameEn": "",
        "aliases": [],
        "pinyin": [],
        "location": "",
        "hours": null,
        "phone": null,
        "accessible": true,
        "tags": [],
        "public": true,
        "through": false,
        "fields": {
          "restroomType": "accessible"
        }
      }
    },
    {
      "type": "Feature",
      "id": "fac-l2f-0092",
      "geometry": {
        "type": "Polygon",
        "coordinates": [
          [
            [
              146.82,
              145.43
            ],
            [
              140.7,
              140.65
            ],
            [
              147.35,
              131.6
            ],
            [
              153.44,
              136.27
            ],
            [
              146.82,
              145.43
            ]
          ]
        ]
      },
      "properties": {
        "level": "L2F",
        "zone": "airside_domestic",
        "verified": false,
        "category": "restroom",
        "name": "",
        "nameEn": "",
        "aliases": [],
        "pinyin": [],
        "location": "",
        "hours": null,
        "phone": null,
        "accessible": true,
        "tags": [],
        "public": true,
        "through": false,
        "fields": {
          "restroomType": "male"
        }
      }
    },
    {
      "type": "Feature",
      "id": "fac-l2f-0093",
      "geometry": {
        "type": "Polygon",
        "coordinates": [
          [
            [
              140.7,
              140.65
            ],
            [
              133.41,
              135.07
            ],
            [
              140.17,
              126.18
            ],
            [
              147.35,
              131.6
            ],
            [
              140.7,
              140.65
            ]
          ]
        ]
      },
      "properties": {
        "level": "L2F",
        "zone": "airside_domestic",
        "verified": false,
        "category": "restroom",
        "name": "",
        "nameEn": "",
        "aliases": [],
        "pinyin": [],
        "location": "",
        "hours": null,
        "phone": null,
        "accessible": true,
        "tags": [],
        "public": true,
        "through": false,
        "fields": {
          "restroomType": "female"
        }
      }
    },
    {
      "type": "Feature",
      "id": "fac-l2f-0094",
      "geometry": {
        "type": "Point",
        "coordinates": [
          -94.93,
          205.64
        ]
      },
      "properties": {
        "level": "L2F",
        "zone": "landside",
        "verified": false,
        "category": "entrance_exit",
        "name": "13号门",
        "nameEn": "",
        "aliases": [],
        "pinyin": [],
        "location": "",
        "hours": null,
        "phone": null,
        "accessible": true,
        "tags": [],
        "fields": {
          "to": "P1停车楼"
        }
      }
    },
    {
      "type": "Feature",
      "id": "fac-l2f-0095",
      "geometry": {
        "type": "Point",
        "coordinates": [
          37.09,
          222.34
        ]
      },
      "properties": {
        "level": "L2F",
        "zone": "landside",
        "verified": false,
        "category": "entrance_exit",
        "name": "14号门",
        "nameEn": "",
        "aliases": [],
        "pinyin": [],
        "location": "",
        "hours": null,
        "phone": null,
        "accessible": true,
        "tags": [],
        "fields": {
          "to": "P2停车楼 网约车候客区"
        }
      }
    },
    {
      "type": "Feature",
      "id": "fac-l2f-0096",
      "geometry": {
        "type": "Polygon",
        "coordinates": [
          [
            [
              -54.61,
              160.59
            ],
            [
              -53.95,
              158.14
            ],
            [
              -43.03,
              161.1
            ],
            [
              -43.83,
              163.69
            ],
            [
              -54.61,
              160.59
            ]
          ]
        ]
      },
      "properties": {
        "level": "L2F",
        "zone": "landside",
        "verified": false,
        "category": "seating",
        "name": "",
        "nameEn": "",
        "aliases": [],
        "pinyin": [],
        "location": "",
        "hours": null,
        "phone": null,
        "accessible": true,
        "tags": [],
        "public": true,
        "through": false
      }
    },
    {
      "type": "Feature",
      "id": "fac-l2f-0097",
      "geometry": {
        "type": "Polygon",
        "coordinates": [
          [
            [
              -37.62,
              164.92
            ],
            [
              -37.24,
              162.52
            ],
            [
              -22.79,
              164.68
            ],
            [
              -23.54,
              167.27
            ],
            [
              -37.62,
              164.92
            ]
          ]
        ]
      },
      "properties": {
        "level": "L2F",
        "zone": "landside",
        "verified": false,
        "category": "seating",
        "name": "",
        "nameEn": "",
        "aliases": [],
        "pinyin": [],
        "location": "",
        "hours": null,
        "phone": null,
        "accessible": true,
        "tags": [],
        "public": true,
        "through": false
      }
    },
    {
      "type": "Feature",
      "id": "fac-l2f-0098",
      "geometry": {
        "type": "Polygon",
        "coordinates": [
          [
            [
              -20.63,
              167.69
            ],
            [
              -20.44,
              164.78
            ],
            [
              -5.8,
              166.09
            ],
            [
              -5.66,
              168.49
            ],
            [
              -20.63,
              167.69
            ]
          ]
        ]
      },
      "properties": {
        "level": "L2F",
        "zone": "landside",
        "verified": false,
        "category": "seating",
        "name": "",
        "nameEn": "",
        "aliases": [],
        "pinyin": [],
        "location": "",
        "hours": null,
        "phone": null,
        "accessible": true,
        "tags": [],
        "public": true,
        "through": false
      }
    },
    {
      "type": "Feature",
      "id": "fac-l2f-0099",
      "geometry": {
        "type": "Polygon",
        "coordinates": [
          [
            [
              0.13,
              169.44
            ],
            [
              0.27,
              167.04
            ],
            [
              11.66,
              166.61
            ],
            [
              11.57,
              169.39
            ],
            [
              0.13,
              169.44
            ]
          ]
        ]
      },
      "properties": {
        "level": "L2F",
        "zone": "landside",
        "verified": false,
        "category": "seating",
        "name": "",
        "nameEn": "",
        "aliases": [],
        "pinyin": [],
        "location": "",
        "hours": null,
        "phone": null,
        "accessible": true,
        "tags": [],
        "public": true,
        "through": false
      }
    },
    {
      "type": "Feature",
      "id": "fac-l2f-0100",
      "geometry": {
        "type": "Point",
        "coordinates": [
          -165.79,
          105.14
        ]
      },
      "properties": {
        "level": "L2F",
        "zone": "landside",
        "verified": false,
        "category": "water",
        "name": "",
        "nameEn": "",
        "aliases": [],
        "pinyin": [],
        "location": "",
        "hours": null,
        "phone": null,
        "accessible": true,
        "tags": []
      }
    },
    {
      "type": "Feature",
      "id": "fac-l2f-0101",
      "geometry": {
        "type": "Point",
        "coordinates": [
          -299.03,
          103.87
        ]
      },
      "properties": {
        "level": "L2F",
        "zone": "airside_domestic",
        "verified": false,
        "category": "gate",
        "name": "",
        "nameEn": "",
        "aliases": [],
        "pinyin": [],
        "location": "",
        "hours": null,
        "phone": null,
        "accessible": true,
        "tags": [],
        "fields": {
          "gateNo": "A11"
        }
      }
    }
  ]
}
