{
  "$schema": "../../schema/paths.schema.json",
  "_comment": "★ 通行线：唯一的寻路图。人画的折线网络，不是区域。",
  "_rule": [
    "端点、顶点、交叉点都会成为图节点 —— 两条线交叉即连通，不用手工打断",
    "每条线必须完整落在同层同 zone 的区域面内",
    "一条线不能跨隔离区 —— 跨 zone 只能经连接件（安检/边检/海关/中转柜台）",
    "连接件的 from/to 必须落在某条通行线上",
    "★ 设施能不能走到，取决于通行线有没有接上它：面状设施看「线有没有吸附到它的边缘」，点状设施看「线有没有经过它」"
  ],
  "_example": true,
  "_warning": "全部为示意几何，用于验证数据格式与校验器。必须以官方平面图为参考重绘。",
  "type": "FeatureCollection",
  "features": [
    {
      "type": "Feature",
      "id": "path-l3f-0001",
      "geometry": {
        "type": "LineString",
        "coordinates": [
          [
            -208.31,
            206.82
          ],
          [
            -208.26,
            193.12
          ],
          [
            -224.3,
            180.61
          ]
        ]
      },
      "properties": {
        "level": "L3F",
        "zone": "airside_domestic",
        "verified": false,
        "kind": "corridor",
        "name": "",
        "nameEn": "",
        "minWidth": 6,
        "accessible": true,
        "bidirectional": true,
        "speedFactor": 1
      }
    },
    {
      "type": "Feature",
      "id": "path-l3f-0002",
      "geometry": {
        "type": "LineString",
        "coordinates": [
          [
            -202.42,
            206.82
          ],
          [
            -202.56,
            193.31
          ],
          [
            -174.38,
            182.79
          ],
          [
            -138.77,
            174.21
          ],
          [
            -100.39,
            168.97
          ],
          [
            -77.95,
            168
          ],
          [
            -41.14,
            168.92
          ],
          [
            -11.75,
            172.26
          ],
          [
            22.51,
            178.43
          ],
          [
            58.95,
            188.21
          ],
          [
            97.25,
            204.76
          ],
          [
            135.08,
            225.76
          ],
          [
            151.35,
            236.56
          ]
        ]
      },
      "properties": {
        "level": "L3F",
        "zone": "airside_domestic",
        "verified": false,
        "kind": "corridor",
        "name": "",
        "nameEn": "",
        "minWidth": 6,
        "accessible": true,
        "bidirectional": true,
        "speedFactor": 1
      }
    },
    {
      "type": "Feature",
      "id": "path-l3f-0003",
      "geometry": {
        "type": "LineString",
        "coordinates": [
          [
            -208.26,
            193.12
          ],
          [
            -202.56,
            193.31
          ]
        ]
      },
      "properties": {
        "level": "L3F",
        "zone": "airside_domestic",
        "verified": false,
        "kind": "corridor",
        "name": "",
        "nameEn": "",
        "minWidth": 6,
        "accessible": true,
        "bidirectional": true,
        "speedFactor": 1
      }
    },
    {
      "type": "Feature",
      "id": "path-l3f-0004",
      "geometry": {
        "type": "LineString",
        "coordinates": [
          [
            -154.23,
            177.93
          ],
          [
            -151.62,
            190.13
          ]
        ]
      },
      "properties": {
        "level": "L3F",
        "zone": "airside_domestic",
        "verified": false,
        "kind": "corridor",
        "name": "",
        "nameEn": "",
        "minWidth": 6,
        "accessible": true,
        "bidirectional": true,
        "speedFactor": 1
      }
    },
    {
      "type": "Feature",
      "id": "path-l3f-0005",
      "geometry": {
        "type": "LineString",
        "coordinates": [
          [
            -143.04,
            175.24
          ],
          [
            -165.37,
            119.93
          ],
          [
            -173.05,
            101.76
          ]
        ]
      },
      "properties": {
        "level": "L3F",
        "zone": "airside_domestic",
        "verified": false,
        "kind": "corridor",
        "name": "",
        "nameEn": "",
        "minWidth": 6,
        "accessible": true,
        "bidirectional": true,
        "speedFactor": 1
      }
    },
    {
      "type": "Feature",
      "id": "path-l3f-0006",
      "geometry": {
        "type": "LineString",
        "coordinates": [
          [
            -161.94,
            151.61
          ],
          [
            -153.91,
            148.31
          ]
        ]
      },
      "properties": {
        "level": "L3F",
        "zone": "airside_domestic",
        "verified": false,
        "kind": "corridor",
        "name": "",
        "nameEn": "",
        "minWidth": 6,
        "accessible": true,
        "bidirectional": true,
        "speedFactor": 1
      }
    },
    {
      "type": "Feature",
      "id": "path-l3f-0007",
      "geometry": {
        "type": "LineString",
        "coordinates": [
          [
            -104.14,
            169.48
          ],
          [
            -95.2,
            76.86
          ]
        ]
      },
      "properties": {
        "level": "L3F",
        "zone": "airside_domestic",
        "verified": false,
        "kind": "corridor",
        "name": "",
        "nameEn": "",
        "minWidth": 6,
        "accessible": true,
        "bidirectional": true,
        "speedFactor": 1
      }
    },
    {
      "type": "Feature",
      "id": "path-l3f-0008",
      "geometry": {
        "type": "LineString",
        "coordinates": [
          [
            -167.83,
            114.11
          ],
          [
            -136.41,
            99.73
          ],
          [
            -96.63,
            91.72
          ]
        ]
      },
      "properties": {
        "level": "L3F",
        "zone": "airside_domestic",
        "verified": false,
        "kind": "corridor",
        "name": "",
        "nameEn": "",
        "minWidth": 6,
        "accessible": true,
        "bidirectional": true,
        "speedFactor": 1
      }
    },
    {
      "type": "Feature",
      "id": "path-l3f-0009",
      "geometry": {
        "type": "LineString",
        "coordinates": [
          [
            -191.94,
            189.35
          ],
          [
            -189.72,
            196.01
          ],
          [
            -179.5,
            192.65
          ],
          [
            -169.77,
            189.8
          ],
          [
            -172.17,
            182.26
          ]
        ]
      },
      "properties": {
        "level": "L3F",
        "zone": "airside_domestic",
        "verified": false,
        "kind": "corridor",
        "name": "",
        "nameEn": "",
        "minWidth": 6,
        "accessible": true,
        "bidirectional": true,
        "speedFactor": 1
      }
    },
    {
      "type": "Feature",
      "id": "path-l3f-0010",
      "geometry": {
        "type": "LineString",
        "coordinates": [
          [
            -162.5,
            187.76
          ],
          [
            -164.44,
            180.4
          ]
        ]
      },
      "properties": {
        "level": "L3F",
        "zone": "airside_domestic",
        "verified": false,
        "kind": "corridor",
        "name": "",
        "nameEn": "",
        "minWidth": 6,
        "accessible": true,
        "bidirectional": true,
        "speedFactor": 1
      }
    },
    {
      "type": "Feature",
      "id": "path-l3f-0011",
      "geometry": {
        "type": "LineString",
        "coordinates": [
          [
            -143.04,
            175.24
          ],
          [
            -141.28,
            183.11
          ],
          [
            -132.08,
            181.38
          ],
          [
            -120.63,
            179.63
          ],
          [
            -122.68,
            172.01
          ]
        ]
      },
      "properties": {
        "level": "L3F",
        "zone": "airside_domestic",
        "verified": false,
        "kind": "corridor",
        "name": "",
        "nameEn": "",
        "minWidth": 6,
        "accessible": true,
        "bidirectional": true,
        "speedFactor": 1
      }
    },
    {
      "type": "Feature",
      "id": "path-l3f-0012",
      "geometry": {
        "type": "LineString",
        "coordinates": [
          [
            -107.62,
            169.96
          ],
          [
            -107.21,
            177.91
          ]
        ]
      },
      "properties": {
        "level": "L3F",
        "zone": "airside_domestic",
        "verified": false,
        "kind": "corridor",
        "name": "",
        "nameEn": "",
        "minWidth": 6,
        "accessible": true,
        "bidirectional": true,
        "speedFactor": 1
      }
    },
    {
      "type": "Feature",
      "id": "path-l3f-0013",
      "geometry": {
        "type": "LineString",
        "coordinates": [
          [
            -124.09,
            140.36
          ],
          [
            -114.62,
            133.55
          ],
          [
            -124.61,
            128.12
          ]
        ]
      },
      "properties": {
        "level": "L3F",
        "zone": "airside_domestic",
        "verified": false,
        "kind": "corridor",
        "name": "",
        "nameEn": "",
        "minWidth": 6,
        "accessible": true,
        "bidirectional": true,
        "speedFactor": 1
      }
    },
    {
      "type": "Feature",
      "id": "path-l3f-0014",
      "geometry": {
        "type": "LineString",
        "coordinates": [
          [
            -114.62,
            133.55
          ],
          [
            -100.65,
            133.28
          ]
        ]
      },
      "properties": {
        "level": "L3F",
        "zone": "airside_domestic",
        "verified": false,
        "kind": "corridor",
        "name": "",
        "nameEn": "",
        "minWidth": 6,
        "accessible": true,
        "bidirectional": true,
        "speedFactor": 1
      }
    },
    {
      "type": "Feature",
      "id": "path-l3f-0015",
      "geometry": {
        "type": "LineString",
        "coordinates": [
          [
            112.82,
            213.4
          ],
          [
            120.21,
            204.69
          ]
        ]
      },
      "properties": {
        "level": "L3F",
        "zone": "airside_domestic",
        "verified": false,
        "kind": "corridor",
        "name": "",
        "nameEn": "",
        "minWidth": 6,
        "accessible": true,
        "bidirectional": true,
        "speedFactor": 1
      }
    },
    {
      "type": "Feature",
      "id": "path-l3f-0016",
      "geometry": {
        "type": "LineString",
        "coordinates": [
          [
            63.72,
            190.27
          ],
          [
            74.06,
            98.23
          ]
        ]
      },
      "properties": {
        "level": "L3F",
        "zone": "airside_domestic",
        "verified": false,
        "kind": "corridor",
        "name": "",
        "nameEn": "",
        "minWidth": 6,
        "accessible": true,
        "bidirectional": true,
        "speedFactor": 1
      }
    },
    {
      "type": "Feature",
      "id": "path-l3f-0017",
      "geometry": {
        "type": "LineString",
        "coordinates": [
          [
            97.25,
            204.76
          ],
          [
            143.8,
            141.66
          ]
        ]
      },
      "properties": {
        "level": "L3F",
        "zone": "airside_domestic",
        "verified": false,
        "kind": "corridor",
        "name": "",
        "nameEn": "",
        "minWidth": 6,
        "accessible": true,
        "bidirectional": true,
        "speedFactor": 1
      }
    },
    {
      "type": "Feature",
      "id": "path-l3f-0018",
      "geometry": {
        "type": "LineString",
        "coordinates": [
          [
            115.49,
            180.03
          ],
          [
            120.89,
            183.95
          ]
        ]
      },
      "properties": {
        "level": "L3F",
        "zone": "airside_domestic",
        "verified": false,
        "kind": "corridor",
        "name": "",
        "nameEn": "",
        "minWidth": 6,
        "accessible": true,
        "bidirectional": true,
        "speedFactor": 1
      }
    },
    {
      "type": "Feature",
      "id": "path-l3f-0019",
      "geometry": {
        "type": "LineString",
        "coordinates": [
          [
            -97.49,
            100.59
          ],
          [
            -59.12,
            94.94
          ],
          [
            -39.71,
            94.81
          ],
          [
            -39.84,
            99.05
          ],
          [
            -13.49,
            100.6
          ],
          [
            13.9,
            106.13
          ],
          [
            15.52,
            100.9
          ],
          [
            53.68,
            113.8
          ],
          [
            71.34,
            122.42
          ]
        ]
      },
      "properties": {
        "level": "L3F",
        "zone": "airside_domestic",
        "verified": false,
        "kind": "corridor",
        "name": "",
        "nameEn": "",
        "minWidth": 6,
        "accessible": true,
        "bidirectional": true,
        "speedFactor": 1
      }
    },
    {
      "type": "Feature",
      "id": "path-l3f-0020",
      "geometry": {
        "type": "LineString",
        "coordinates": [
          [
            -77.95,
            168
          ],
          [
            -56.98,
            153.62
          ],
          [
            -28.71,
            154.55
          ],
          [
            -8.48,
            157.17
          ],
          [
            17,
            162.22
          ],
          [
            34.3,
            181.59
          ]
        ]
      },
      "properties": {
        "level": "L3F",
        "zone": "airside_domestic",
        "verified": false,
        "kind": "corridor",
        "name": "",
        "nameEn": "",
        "minWidth": 6,
        "accessible": true,
        "bidirectional": true,
        "speedFactor": 1
      }
    },
    {
      "type": "Feature",
      "id": "path-l3f-0021",
      "geometry": {
        "type": "LineString",
        "coordinates": [
          [
            -38.42,
            154.23
          ],
          [
            -41.14,
            168.92
          ]
        ]
      },
      "properties": {
        "level": "L3F",
        "zone": "airside_domestic",
        "verified": false,
        "kind": "corridor",
        "name": "",
        "nameEn": "",
        "minWidth": 6,
        "accessible": true,
        "bidirectional": true,
        "speedFactor": 1
      }
    },
    {
      "type": "Feature",
      "id": "path-l3f-0022",
      "geometry": {
        "type": "LineString",
        "coordinates": [
          [
            -0.69,
            158.71
          ],
          [
            -3.28,
            173.79
          ]
        ]
      },
      "properties": {
        "level": "L3F",
        "zone": "airside_domestic",
        "verified": false,
        "kind": "corridor",
        "name": "",
        "nameEn": "",
        "minWidth": 6,
        "accessible": true,
        "bidirectional": true,
        "speedFactor": 1
      }
    },
    {
      "type": "Feature",
      "id": "path-l3f-0023",
      "geometry": {
        "type": "LineString",
        "coordinates": [
          [
            72.35,
            113.44
          ],
          [
            105.21,
            128.85
          ],
          [
            135.1,
            153.45
          ]
        ]
      },
      "properties": {
        "level": "L3F",
        "zone": "airside_domestic",
        "verified": false,
        "kind": "corridor",
        "name": "",
        "nameEn": "",
        "minWidth": 6,
        "accessible": true,
        "bidirectional": true,
        "speedFactor": 1
      }
    },
    {
      "type": "Feature",
      "id": "path-l3f-0024",
      "geometry": {
        "type": "LineString",
        "coordinates": [
          [
            85.52,
            165.92
          ],
          [
            77.64,
            156.58
          ],
          [
            67.79,
            154.03
          ]
        ]
      },
      "properties": {
        "level": "L3F",
        "zone": "airside_domestic",
        "verified": false,
        "kind": "corridor",
        "name": "",
        "nameEn": "",
        "minWidth": 6,
        "accessible": true,
        "bidirectional": true,
        "speedFactor": 1
      }
    },
    {
      "type": "Feature",
      "id": "path-l3f-0025",
      "geometry": {
        "type": "LineString",
        "coordinates": [
          [
            77.64,
            156.58
          ],
          [
            89.24,
            153.95
          ]
        ]
      },
      "properties": {
        "level": "L3F",
        "zone": "airside_domestic",
        "verified": false,
        "kind": "corridor",
        "name": "",
        "nameEn": "",
        "minWidth": 6,
        "accessible": true,
        "bidirectional": true,
        "speedFactor": 1
      }
    },
    {
      "type": "Feature",
      "id": "path-l3f-0026",
      "geometry": {
        "type": "LineString",
        "coordinates": [
          [
            -224.3,
            180.61
          ],
          [
            -240.99,
            167.16
          ],
          [
            -238.74,
            144.53
          ],
          [
            -195.74,
            125.89
          ],
          [
            -200.27,
            113.18
          ]
        ]
      },
      "properties": {
        "level": "L3F",
        "zone": "landside",
        "verified": false,
        "kind": "corridor",
        "name": "",
        "nameEn": "",
        "minWidth": 6,
        "accessible": true,
        "bidirectional": true,
        "speedFactor": 1
      }
    },
    {
      "type": "Feature",
      "id": "path-l3f-0027",
      "geometry": {
        "type": "LineString",
        "coordinates": [
          [
            -237.17,
            143.85
          ],
          [
            -237.29,
            143.9
          ]
        ]
      },
      "properties": {
        "level": "L3F",
        "zone": "landside",
        "verified": false,
        "kind": "corridor",
        "name": "",
        "nameEn": "",
        "minWidth": 6,
        "accessible": true,
        "bidirectional": true,
        "speedFactor": 1
      }
    },
    {
      "type": "Feature",
      "id": "path-l3f-0028",
      "geometry": {
        "type": "LineString",
        "coordinates": [
          [
            -233.75,
            138.01
          ],
          [
            -232.15,
            141.67
          ]
        ]
      },
      "properties": {
        "level": "L3F",
        "zone": "landside",
        "verified": false,
        "kind": "corridor",
        "name": "",
        "nameEn": "",
        "minWidth": 6,
        "accessible": true,
        "bidirectional": true,
        "speedFactor": 1
      }
    },
    {
      "type": "Feature",
      "id": "path-l3f-0029",
      "geometry": {
        "type": "LineString",
        "coordinates": [
          [
            -228.02,
            177.62
          ],
          [
            -223.72,
            171.52
          ]
        ]
      },
      "properties": {
        "level": "L3F",
        "zone": "landside",
        "verified": false,
        "kind": "corridor",
        "name": "",
        "nameEn": "",
        "minWidth": 6,
        "accessible": true,
        "bidirectional": true,
        "speedFactor": 1
      }
    },
    {
      "type": "Feature",
      "id": "path-l3f-0030",
      "geometry": {
        "type": "LineString",
        "coordinates": [
          [
            -185.1,
            186.79
          ],
          [
            -187.01,
            181.71
          ],
          [
            -195.35,
            180.86
          ],
          [
            -197.43,
            181.64
          ]
        ]
      },
      "properties": {
        "level": "L3F",
        "zone": "landside",
        "verified": false,
        "kind": "corridor",
        "name": "",
        "nameEn": "",
        "minWidth": 6,
        "accessible": true,
        "bidirectional": true,
        "speedFactor": 1
      }
    },
    {
      "type": "Feature",
      "id": "path-l3f-0031",
      "geometry": {
        "type": "LineString",
        "coordinates": [
          [
            -195.35,
            180.86
          ],
          [
            -196.85,
            177.49
          ],
          [
            -195.95,
            177.13
          ]
        ]
      },
      "properties": {
        "level": "L3F",
        "zone": "landside",
        "verified": false,
        "kind": "corridor",
        "name": "",
        "nameEn": "",
        "minWidth": 6,
        "accessible": true,
        "bidirectional": true,
        "speedFactor": 1
      }
    },
    {
      "type": "Feature",
      "id": "path-l3f-0032",
      "geometry": {
        "type": "LineString",
        "coordinates": [
          [
            -193.33,
            181.07
          ],
          [
            -193.5,
            181.05
          ]
        ]
      },
      "properties": {
        "level": "L3F",
        "zone": "landside",
        "verified": false,
        "kind": "corridor",
        "name": "",
        "nameEn": "",
        "minWidth": 6,
        "accessible": true,
        "bidirectional": true,
        "speedFactor": 1
      }
    },
    {
      "type": "Feature",
      "id": "path-l3f-0033",
      "geometry": {
        "type": "LineString",
        "coordinates": [
          [
            -149.62,
            91.58
          ],
          [
            -144.39,
            103.38
          ]
        ]
      },
      "properties": {
        "level": "L3F",
        "zone": "landside",
        "verified": false,
        "kind": "corridor",
        "name": "",
        "nameEn": "",
        "minWidth": 6,
        "accessible": true,
        "bidirectional": true,
        "speedFactor": 1
      }
    },
    {
      "type": "Feature",
      "id": "path-l3f-0034",
      "geometry": {
        "type": "LineString",
        "coordinates": [
          [
            -146.27,
            167.23
          ],
          [
            -138.39,
            156.11
          ]
        ]
      },
      "properties": {
        "level": "L3F",
        "zone": "landside",
        "verified": false,
        "kind": "corridor",
        "name": "",
        "nameEn": "",
        "minWidth": 6,
        "accessible": true,
        "bidirectional": true,
        "speedFactor": 1
      }
    },
    {
      "type": "Feature",
      "id": "path-l3f-0035",
      "geometry": {
        "type": "LineString",
        "coordinates": [
          [
            -101.42,
            141.35
          ],
          [
            -82.77,
            143.9
          ],
          [
            -82.62,
            142.3
          ]
        ]
      },
      "properties": {
        "level": "L3F",
        "zone": "landside",
        "verified": false,
        "kind": "corridor",
        "name": "",
        "nameEn": "",
        "minWidth": 6,
        "accessible": true,
        "bidirectional": true,
        "speedFactor": 1
      }
    },
    {
      "type": "Feature",
      "id": "path-l3f-0036",
      "geometry": {
        "type": "LineString",
        "coordinates": [
          [
            -82.77,
            143.9
          ],
          [
            -80.89,
            144.22
          ]
        ]
      },
      "properties": {
        "level": "L3F",
        "zone": "landside",
        "verified": false,
        "kind": "corridor",
        "name": "",
        "nameEn": "",
        "minWidth": 6,
        "accessible": true,
        "bidirectional": true,
        "speedFactor": 1
      }
    },
    {
      "type": "Feature",
      "id": "path-l3f-0037",
      "geometry": {
        "type": "LineString",
        "coordinates": [
          [
            -91.57,
            142.7
          ],
          [
            -91.57,
            144.15
          ]
        ]
      },
      "properties": {
        "level": "L3F",
        "zone": "landside",
        "verified": false,
        "kind": "corridor",
        "name": "",
        "nameEn": "",
        "minWidth": 6,
        "accessible": true,
        "bidirectional": true,
        "speedFactor": 1
      }
    },
    {
      "type": "Feature",
      "id": "path-l3f-0038",
      "geometry": {
        "type": "LineString",
        "coordinates": [
          [
            -91.57,
            142.7
          ],
          [
            -91.34,
            141.32
          ]
        ]
      },
      "properties": {
        "level": "L3F",
        "zone": "landside",
        "verified": false,
        "kind": "corridor",
        "name": "",
        "nameEn": "",
        "minWidth": 6,
        "accessible": true,
        "bidirectional": true,
        "speedFactor": 1
      }
    },
    {
      "type": "Feature",
      "id": "path-l3f-0039",
      "geometry": {
        "type": "LineString",
        "coordinates": [
          [
            -97,
            141.95
          ],
          [
            -97.07,
            143.38
          ]
        ]
      },
      "properties": {
        "level": "L3F",
        "zone": "landside",
        "verified": false,
        "kind": "corridor",
        "name": "",
        "nameEn": "",
        "minWidth": 6,
        "accessible": true,
        "bidirectional": true,
        "speedFactor": 1
      }
    },
    {
      "type": "Feature",
      "id": "path-l3f-0040",
      "geometry": {
        "type": "LineString",
        "coordinates": [
          [
            -64.56,
            158.82
          ],
          [
            -68.03,
            152.15
          ]
        ]
      },
      "properties": {
        "level": "L3F",
        "zone": "landside",
        "verified": false,
        "kind": "corridor",
        "name": "",
        "nameEn": "",
        "minWidth": 6,
        "accessible": true,
        "bidirectional": true,
        "speedFactor": 1
      }
    },
    {
      "type": "Feature",
      "id": "path-l3f-0041",
      "geometry": {
        "type": "LineString",
        "coordinates": [
          [
            -48.49,
            153.9
          ],
          [
            -48.48,
            152.29
          ]
        ]
      },
      "properties": {
        "level": "L3F",
        "zone": "landside",
        "verified": false,
        "kind": "corridor",
        "name": "",
        "nameEn": "",
        "minWidth": 6,
        "accessible": true,
        "bidirectional": true,
        "speedFactor": 1
      }
    },
    {
      "type": "Feature",
      "id": "path-l3f-0042",
      "geometry": {
        "type": "LineString",
        "coordinates": [
          [
            -28.71,
            154.55
          ],
          [
            -28.6,
            153.54
          ]
        ]
      },
      "properties": {
        "level": "L3F",
        "zone": "airside_domestic",
        "verified": false,
        "kind": "corridor",
        "name": "",
        "nameEn": "",
        "minWidth": 6,
        "accessible": true,
        "bidirectional": true,
        "speedFactor": 1
      }
    },
    {
      "type": "Feature",
      "id": "path-l3f-0043",
      "geometry": {
        "type": "LineString",
        "coordinates": [
          [
            -137.61,
            100.28
          ],
          [
            -141.61,
            89.99
          ]
        ]
      },
      "properties": {
        "level": "L3F",
        "zone": "airside_domestic",
        "verified": false,
        "kind": "corridor",
        "name": "",
        "nameEn": "",
        "minWidth": 6,
        "accessible": true,
        "bidirectional": true,
        "speedFactor": 1
      }
    },
    {
      "type": "Feature",
      "id": "path-l3f-0044",
      "geometry": {
        "type": "LineString",
        "coordinates": [
          [
            -133.01,
            99.05
          ],
          [
            -135.37,
            92.1
          ]
        ]
      },
      "properties": {
        "level": "L3F",
        "zone": "airside_domestic",
        "verified": false,
        "kind": "corridor",
        "name": "",
        "nameEn": "",
        "minWidth": 6,
        "accessible": true,
        "bidirectional": true,
        "speedFactor": 1
      }
    },
    {
      "type": "Feature",
      "id": "path-l3f-0045",
      "geometry": {
        "type": "LineString",
        "coordinates": [
          [
            -178.61,
            92.83
          ],
          [
            -180.82,
            88.22
          ],
          [
            -122.95,
            63.23
          ],
          [
            -43.16,
            30.35
          ],
          [
            -20.69,
            24.76
          ],
          [
            -0.96,
            24.65
          ],
          [
            20.85,
            31.88
          ],
          [
            52.31,
            54.24
          ],
          [
            112.26,
            96.66
          ],
          [
            154.43,
            128.89
          ]
        ]
      },
      "properties": {
        "level": "L3F",
        "zone": "airside_domestic",
        "verified": false,
        "kind": "corridor",
        "name": "",
        "nameEn": "",
        "minWidth": 6,
        "accessible": true,
        "bidirectional": true,
        "speedFactor": 1
      }
    },
    {
      "type": "Feature",
      "id": "path-l3f-0046",
      "geometry": {
        "type": "LineString",
        "coordinates": [
          [
            88.35,
            90.52
          ],
          [
            89.08,
            80.26
          ]
        ]
      },
      "properties": {
        "level": "L3F",
        "zone": "airside_domestic",
        "verified": false,
        "kind": "corridor",
        "name": "",
        "nameEn": "",
        "minWidth": 6,
        "accessible": true,
        "bidirectional": true,
        "speedFactor": 1
      }
    },
    {
      "type": "Feature",
      "id": "path-l3f-0047",
      "geometry": {
        "type": "LineString",
        "coordinates": [
          [
            150.48,
            133.2
          ],
          [
            154.43,
            128.89
          ]
        ]
      },
      "properties": {
        "level": "L3F",
        "zone": "airside_domestic",
        "verified": false,
        "kind": "corridor",
        "name": "",
        "nameEn": "",
        "minWidth": 6,
        "accessible": true,
        "bidirectional": true,
        "speedFactor": 1
      }
    },
    {
      "type": "Feature",
      "id": "path-l3f-0048",
      "geometry": {
        "type": "LineString",
        "coordinates": [
          [
            -110.61,
            67.88
          ],
          [
            -108.45,
            57.26
          ]
        ]
      },
      "properties": {
        "level": "L3F",
        "zone": "airside_domestic",
        "verified": false,
        "kind": "corridor",
        "name": "",
        "nameEn": "",
        "minWidth": 6,
        "accessible": true,
        "bidirectional": true,
        "speedFactor": 1
      }
    },
    {
      "type": "Feature",
      "id": "path-l3f-0049",
      "geometry": {
        "type": "LineString",
        "coordinates": [
          [
            -145.71,
            73.06
          ],
          [
            -137.96,
            30.19
          ]
        ]
      },
      "properties": {
        "level": "L3F",
        "zone": "airside_domestic",
        "verified": false,
        "kind": "corridor",
        "name": "",
        "nameEn": "",
        "minWidth": 6,
        "accessible": true,
        "bidirectional": true,
        "speedFactor": 1
      }
    },
    {
      "type": "Feature",
      "id": "path-l3f-0050",
      "geometry": {
        "type": "LineString",
        "coordinates": [
          [
            121,
            103.34
          ],
          [
            125.63,
            60.12
          ]
        ]
      },
      "properties": {
        "level": "L3F",
        "zone": "airside_domestic",
        "verified": false,
        "kind": "corridor",
        "name": "",
        "nameEn": "",
        "minWidth": 6,
        "accessible": true,
        "bidirectional": true,
        "speedFactor": 1
      }
    },
    {
      "type": "Feature",
      "id": "path-l3f-0051",
      "geometry": {
        "type": "LineString",
        "coordinates": [
          [
            -143.42,
            60.42
          ],
          [
            -150.19,
            58.92
          ]
        ]
      },
      "properties": {
        "level": "L3F",
        "zone": "airside_domestic",
        "verified": false,
        "kind": "corridor",
        "name": "",
        "nameEn": "",
        "minWidth": 6,
        "accessible": true,
        "bidirectional": true,
        "speedFactor": 1
      }
    },
    {
      "type": "Feature",
      "id": "path-l3f-0052",
      "geometry": {
        "type": "LineString",
        "coordinates": [
          [
            -141.47,
            49.63
          ],
          [
            -147.35,
            48.55
          ]
        ]
      },
      "properties": {
        "level": "L3F",
        "zone": "airside_domestic",
        "verified": false,
        "kind": "corridor",
        "name": "",
        "nameEn": "",
        "minWidth": 6,
        "accessible": true,
        "bidirectional": true,
        "speedFactor": 1
      }
    },
    {
      "type": "Feature",
      "id": "path-l3f-0053",
      "geometry": {
        "type": "LineString",
        "coordinates": [
          [
            -207.35,
            104.98
          ],
          [
            -209.85,
            94.28
          ],
          [
            -209.58,
            79.39
          ]
        ]
      },
      "properties": {
        "level": "L3F",
        "zone": "airside_domestic",
        "verified": false,
        "kind": "corridor",
        "name": "",
        "nameEn": "",
        "minWidth": 6,
        "accessible": true,
        "bidirectional": true,
        "speedFactor": 1
      }
    },
    {
      "type": "Feature",
      "id": "path-l3f-0054",
      "geometry": {
        "type": "LineString",
        "coordinates": [
          [
            -96.63,
            91.72
          ],
          [
            -89.13,
            90.15
          ]
        ]
      },
      "properties": {
        "level": "L3F",
        "zone": "landside",
        "verified": false,
        "kind": "corridor",
        "name": "",
        "nameEn": "",
        "minWidth": 6,
        "accessible": true,
        "bidirectional": true,
        "speedFactor": 1
      }
    },
    {
      "type": "Feature",
      "id": "path-l3f-0055",
      "geometry": {
        "type": "LineString",
        "coordinates": [
          [
            -69.41,
            96.46
          ],
          [
            -70.02,
            96.55
          ]
        ]
      },
      "properties": {
        "level": "L3F",
        "zone": "landside",
        "verified": false,
        "kind": "corridor",
        "name": "",
        "nameEn": "",
        "minWidth": 6,
        "accessible": true,
        "bidirectional": true,
        "speedFactor": 1
      }
    },
    {
      "type": "Feature",
      "id": "path-l3f-0056",
      "geometry": {
        "type": "LineString",
        "coordinates": [
          [
            -50.11,
            168.7
          ],
          [
            -48.24,
            161.67
          ]
        ]
      },
      "properties": {
        "level": "L3F",
        "zone": "landside",
        "verified": false,
        "kind": "corridor",
        "name": "",
        "nameEn": "",
        "minWidth": 6,
        "accessible": true,
        "bidirectional": true,
        "speedFactor": 1
      }
    },
    {
      "type": "Feature",
      "id": "path-l3f-0057",
      "geometry": {
        "type": "LineString",
        "coordinates": [
          [
            -40.04,
            162.98
          ],
          [
            -42.42,
            162.12
          ]
        ]
      },
      "properties": {
        "level": "L3F",
        "zone": "landside",
        "verified": false,
        "kind": "corridor",
        "name": "",
        "nameEn": "",
        "minWidth": 6,
        "accessible": true,
        "bidirectional": true,
        "speedFactor": 1
      }
    },
    {
      "type": "Feature",
      "id": "path-l3f-0058",
      "geometry": {
        "type": "LineString",
        "coordinates": [
          [
            -40.04,
            162.98
          ],
          [
            -37.34,
            163.62
          ]
        ]
      },
      "properties": {
        "level": "L3F",
        "zone": "landside",
        "verified": false,
        "kind": "corridor",
        "name": "",
        "nameEn": "",
        "minWidth": 6,
        "accessible": true,
        "bidirectional": true,
        "speedFactor": 1
      }
    },
    {
      "type": "Feature",
      "id": "path-l3f-0059",
      "geometry": {
        "type": "LineString",
        "coordinates": [
          [
            -31.45,
            170.02
          ],
          [
            -30.73,
            166.04
          ]
        ]
      },
      "properties": {
        "level": "L3F",
        "zone": "landside",
        "verified": false,
        "kind": "corridor",
        "name": "",
        "nameEn": "",
        "minWidth": 6,
        "accessible": true,
        "bidirectional": true,
        "speedFactor": 1
      }
    },
    {
      "type": "Feature",
      "id": "path-l3f-0060",
      "geometry": {
        "type": "LineString",
        "coordinates": [
          [
            -11.75,
            172.26
          ],
          [
            -11.38,
            168.15
          ]
        ]
      },
      "properties": {
        "level": "L3F",
        "zone": "landside",
        "verified": false,
        "kind": "corridor",
        "name": "",
        "nameEn": "",
        "minWidth": 6,
        "accessible": true,
        "bidirectional": true,
        "speedFactor": 1
      }
    },
    {
      "type": "Feature",
      "id": "path-l3f-0061",
      "geometry": {
        "type": "LineString",
        "coordinates": [
          [
            -4.78,
            167.44
          ],
          [
            1.56,
            167.56
          ]
        ]
      },
      "properties": {
        "level": "L3F",
        "zone": "landside",
        "verified": false,
        "kind": "corridor",
        "name": "",
        "nameEn": "",
        "minWidth": 6,
        "accessible": true,
        "bidirectional": true,
        "speedFactor": 1
      }
    },
    {
      "type": "Feature",
      "id": "path-l3f-0062",
      "geometry": {
        "type": "LineString",
        "coordinates": [
          [
            5.28,
            175.33
          ],
          [
            5.72,
            168.84
          ]
        ]
      },
      "properties": {
        "level": "L3F",
        "zone": "landside",
        "verified": false,
        "kind": "corridor",
        "name": "",
        "nameEn": "",
        "minWidth": 6,
        "accessible": true,
        "bidirectional": true,
        "speedFactor": 1
      }
    },
    {
      "type": "Feature",
      "id": "path-l3f-0063",
      "geometry": {
        "type": "LineString",
        "coordinates": [
          [
            -70.11,
            168.2
          ],
          [
            -70.17,
            176.38
          ],
          [
            -59.27,
            176.3
          ],
          [
            -48.45,
            176.48
          ],
          [
            -47.22,
            168.77
          ]
        ]
      },
      "properties": {
        "level": "L3F",
        "zone": "landside",
        "verified": false,
        "kind": "corridor",
        "name": "",
        "nameEn": "",
        "minWidth": 6,
        "accessible": true,
        "bidirectional": true,
        "speedFactor": 1
      }
    },
    {
      "type": "Feature",
      "id": "path-l3f-0064",
      "geometry": {
        "type": "LineString",
        "coordinates": [
          [
            -34.4,
            177.62
          ],
          [
            -33.48,
            169.79
          ]
        ]
      },
      "properties": {
        "level": "L3F",
        "zone": "landside",
        "verified": false,
        "kind": "corridor",
        "name": "",
        "nameEn": "",
        "minWidth": 6,
        "accessible": true,
        "bidirectional": true,
        "speedFactor": 1
      }
    },
    {
      "type": "Feature",
      "id": "path-l3f-0065",
      "geometry": {
        "type": "LineString",
        "coordinates": [
          [
            -11.75,
            172.26
          ],
          [
            -11.62,
            180.41
          ]
        ]
      },
      "properties": {
        "level": "L3F",
        "zone": "landside",
        "verified": false,
        "kind": "corridor",
        "name": "",
        "nameEn": "",
        "minWidth": 6,
        "accessible": true,
        "bidirectional": true,
        "speedFactor": 1
      }
    },
    {
      "type": "Feature",
      "id": "path-l3f-0066",
      "geometry": {
        "type": "LineString",
        "coordinates": [
          [
            5.28,
            175.33
          ],
          [
            3.7,
            182.43
          ],
          [
            14.22,
            185.21
          ],
          [
            24.53,
            187.39
          ],
          [
            25.87,
            178.27
          ]
        ]
      },
      "properties": {
        "level": "L3F",
        "zone": "landside",
        "verified": false,
        "kind": "corridor",
        "name": "",
        "nameEn": "",
        "minWidth": 6,
        "accessible": true,
        "bidirectional": true,
        "speedFactor": 1
      }
    },
    {
      "type": "Feature",
      "id": "path-l3f-0067",
      "geometry": {
        "type": "LineString",
        "coordinates": [
          [
            62.5,
            189.74
          ],
          [
            59.84,
            198.1
          ]
        ]
      },
      "properties": {
        "level": "L3F",
        "zone": "landside",
        "verified": false,
        "kind": "corridor",
        "name": "",
        "nameEn": "",
        "minWidth": 6,
        "accessible": true,
        "bidirectional": true,
        "speedFactor": 1
      }
    },
    {
      "type": "Feature",
      "id": "path-l3f-0068",
      "geometry": {
        "type": "LineString",
        "coordinates": [
          [
            76.28,
            195.7
          ],
          [
            73.31,
            202.81
          ],
          [
            83.11,
            207.02
          ],
          [
            92.05,
            210.64
          ],
          [
            97.25,
            204.76
          ]
        ]
      },
      "properties": {
        "level": "L3F",
        "zone": "landside",
        "verified": false,
        "kind": "corridor",
        "name": "",
        "nameEn": "",
        "minWidth": 6,
        "accessible": true,
        "bidirectional": true,
        "speedFactor": 1
      }
    },
    {
      "type": "Feature",
      "id": "path-l3f-0069",
      "geometry": {
        "type": "LineString",
        "coordinates": [
          [
            111.53,
            220.95
          ],
          [
            115.26,
            214.76
          ]
        ]
      },
      "properties": {
        "level": "L3F",
        "zone": "landside",
        "verified": false,
        "kind": "corridor",
        "name": "",
        "nameEn": "",
        "minWidth": 6,
        "accessible": true,
        "bidirectional": true,
        "speedFactor": 1
      }
    },
    {
      "type": "Feature",
      "id": "path-l3f-0070",
      "geometry": {
        "type": "LineString",
        "coordinates": [
          [
            123.35,
            219.25
          ],
          [
            119.08,
            225.47
          ],
          [
            126.36,
            229.31
          ],
          [
            135.93,
            234.84
          ],
          [
            139.93,
            228.98
          ]
        ]
      },
      "properties": {
        "level": "L3F",
        "zone": "landside",
        "verified": false,
        "kind": "corridor",
        "name": "",
        "nameEn": "",
        "minWidth": 6,
        "accessible": true,
        "bidirectional": true,
        "speedFactor": 1
      }
    },
    {
      "type": "Feature",
      "id": "path-l3f-0071",
      "geometry": {
        "type": "LineString",
        "coordinates": [
          [
            -213.36,
            133.53
          ],
          [
            -213.38,
            133.53
          ]
        ]
      },
      "properties": {
        "level": "L3F",
        "zone": "landside",
        "verified": false,
        "kind": "corridor",
        "name": "",
        "nameEn": "",
        "minWidth": 6,
        "accessible": true,
        "bidirectional": true,
        "speedFactor": 1
      }
    },
    {
      "type": "Feature",
      "id": "path-l3f-0072",
      "geometry": {
        "type": "LineString",
        "coordinates": [
          [
            -205.49,
            130.12
          ],
          [
            -206.15,
            128.49
          ]
        ]
      },
      "properties": {
        "level": "L3F",
        "zone": "landside",
        "verified": false,
        "kind": "corridor",
        "name": "",
        "nameEn": "",
        "minWidth": 6,
        "accessible": true,
        "bidirectional": true,
        "speedFactor": 1
      }
    },
    {
      "type": "Feature",
      "id": "path-l3f-0073",
      "geometry": {
        "type": "LineString",
        "coordinates": [
          [
            43.58,
            159.05
          ],
          [
            66.9,
            161.94
          ]
        ]
      },
      "properties": {
        "level": "L3F",
        "zone": "landside",
        "verified": false,
        "kind": "corridor",
        "name": "",
        "nameEn": "",
        "minWidth": 6,
        "accessible": true,
        "bidirectional": true,
        "speedFactor": 1
      }
    },
    {
      "type": "Feature",
      "id": "path-l3f-0074",
      "geometry": {
        "type": "LineString",
        "coordinates": [
          [
            53.95,
            161.97
          ],
          [
            54.51,
            159.02
          ]
        ]
      },
      "properties": {
        "level": "L3F",
        "zone": "landside",
        "verified": false,
        "kind": "corridor",
        "name": "",
        "nameEn": "",
        "minWidth": 6,
        "accessible": true,
        "bidirectional": true,
        "speedFactor": 1
      }
    },
    {
      "type": "Feature",
      "id": "path-l3f-0075",
      "geometry": {
        "type": "LineString",
        "coordinates": [
          [
            43.58,
            159.05
          ],
          [
            42.65,
            158.85
          ]
        ]
      },
      "properties": {
        "level": "L3F",
        "zone": "landside",
        "verified": false,
        "kind": "corridor",
        "name": "",
        "nameEn": "",
        "minWidth": 6,
        "accessible": true,
        "bidirectional": true,
        "speedFactor": 1
      }
    },
    {
      "type": "Feature",
      "id": "path-l3f-0076",
      "geometry": {
        "type": "LineString",
        "coordinates": [
          [
            43.58,
            159.05
          ],
          [
            43.93,
            157.57
          ]
        ]
      },
      "properties": {
        "level": "L3F",
        "zone": "landside",
        "verified": false,
        "kind": "corridor",
        "name": "",
        "nameEn": "",
        "minWidth": 6,
        "accessible": true,
        "bidirectional": true,
        "speedFactor": 1
      }
    },
    {
      "type": "Feature",
      "id": "path-l3f-0077",
      "geometry": {
        "type": "LineString",
        "coordinates": [
          [
            67.79,
            154.03
          ],
          [
            58.7,
            151.98
          ]
        ]
      },
      "properties": {
        "level": "L3F",
        "zone": "landside",
        "verified": false,
        "kind": "corridor",
        "name": "",
        "nameEn": "",
        "minWidth": 6,
        "accessible": true,
        "bidirectional": true,
        "speedFactor": 1
      }
    },
    {
      "type": "Feature",
      "id": "path-l3f-0078",
      "geometry": {
        "type": "LineString",
        "coordinates": [
          [
            61.45,
            128.48
          ],
          [
            70.51,
            129.84
          ]
        ]
      },
      "properties": {
        "level": "L3F",
        "zone": "landside",
        "verified": false,
        "kind": "corridor",
        "name": "",
        "nameEn": "",
        "minWidth": 6,
        "accessible": true,
        "bidirectional": true,
        "speedFactor": 1
      }
    },
    {
      "type": "Feature",
      "id": "path-l3f-0079",
      "geometry": {
        "type": "LineString",
        "coordinates": [
          [
            66.4,
            166.45
          ],
          [
            76.01,
            167.83
          ]
        ]
      },
      "properties": {
        "level": "L3F",
        "zone": "landside",
        "verified": false,
        "kind": "corridor",
        "name": "",
        "nameEn": "",
        "minWidth": 6,
        "accessible": true,
        "bidirectional": true,
        "speedFactor": 1
      }
    },
    {
      "type": "Feature",
      "id": "path-l3f-0080",
      "geometry": {
        "type": "LineString",
        "coordinates": [
          [
            77.22,
            181.32
          ],
          [
            73.62,
            194.55
          ]
        ]
      },
      "properties": {
        "level": "L3F",
        "zone": "landside",
        "verified": false,
        "kind": "corridor",
        "name": "",
        "nameEn": "",
        "minWidth": 6,
        "accessible": true,
        "bidirectional": true,
        "speedFactor": 1
      }
    },
    {
      "type": "Feature",
      "id": "path-l3f-0081",
      "geometry": {
        "type": "LineString",
        "coordinates": [
          [
            79.16,
            182.19
          ],
          [
            64.39,
            184.29
          ]
        ]
      },
      "properties": {
        "level": "L3F",
        "zone": "landside",
        "verified": false,
        "kind": "corridor",
        "name": "",
        "nameEn": "",
        "minWidth": 6,
        "accessible": true,
        "bidirectional": true,
        "speedFactor": 1
      }
    },
    {
      "type": "Feature",
      "id": "path-l3f-0082",
      "geometry": {
        "type": "LineString",
        "coordinates": [
          [
            103.7,
            175.96
          ],
          [
            113.47,
            182.77
          ]
        ]
      },
      "properties": {
        "level": "L3F",
        "zone": "landside",
        "verified": false,
        "kind": "corridor",
        "name": "",
        "nameEn": "",
        "minWidth": 6,
        "accessible": true,
        "bidirectional": true,
        "speedFactor": 1
      }
    },
    {
      "type": "Feature",
      "id": "path-l3f-0083",
      "geometry": {
        "type": "LineString",
        "coordinates": [
          [
            100.27,
            180.62
          ],
          [
            101.15,
            199.48
          ]
        ]
      },
      "properties": {
        "level": "L3F",
        "zone": "landside",
        "verified": false,
        "kind": "corridor",
        "name": "",
        "nameEn": "",
        "minWidth": 6,
        "accessible": true,
        "bidirectional": true,
        "speedFactor": 1
      }
    },
    {
      "type": "Feature",
      "id": "path-l3f-0084",
      "geometry": {
        "type": "LineString",
        "coordinates": [
          [
            131.09,
            223.55
          ],
          [
            129.22,
            225.82
          ]
        ]
      },
      "properties": {
        "level": "L3F",
        "zone": "landside",
        "verified": false,
        "kind": "corridor",
        "name": "",
        "nameEn": "",
        "minWidth": 6,
        "accessible": true,
        "bidirectional": true,
        "speedFactor": 1
      }
    },
    {
      "type": "Feature",
      "id": "path-l3f-0085",
      "geometry": {
        "type": "LineString",
        "coordinates": [
          [
            131.09,
            223.55
          ],
          [
            133.17,
            221.33
          ],
          [
            145.36,
            222.1
          ],
          [
            147.78,
            219.19
          ]
        ]
      },
      "properties": {
        "level": "L3F",
        "zone": "landside",
        "verified": false,
        "kind": "corridor",
        "name": "",
        "nameEn": "",
        "minWidth": 6,
        "accessible": true,
        "bidirectional": true,
        "speedFactor": 1
      }
    },
    {
      "type": "Feature",
      "id": "path-l3f-0086",
      "geometry": {
        "type": "LineString",
        "coordinates": [
          [
            146.74,
            218.12
          ],
          [
            147.78,
            219.19
          ],
          [
            149.2,
            220.28
          ]
        ]
      },
      "properties": {
        "level": "L3F",
        "zone": "landside",
        "verified": false,
        "kind": "corridor",
        "name": "",
        "nameEn": "",
        "minWidth": 6,
        "accessible": true,
        "bidirectional": true,
        "speedFactor": 1
      }
    },
    {
      "type": "Feature",
      "id": "path-l3f-0087",
      "geometry": {
        "type": "LineString",
        "coordinates": [
          [
            143.58,
            221.99
          ],
          [
            143.46,
            221.98
          ]
        ]
      },
      "properties": {
        "level": "L3F",
        "zone": "landside",
        "verified": false,
        "kind": "corridor",
        "name": "",
        "nameEn": "",
        "minWidth": 6,
        "accessible": true,
        "bidirectional": true,
        "speedFactor": 1
      }
    },
    {
      "type": "Feature",
      "id": "path-l3f-0088",
      "geometry": {
        "type": "LineString",
        "coordinates": [
          [
            151.35,
            236.56
          ],
          [
            208.34,
            208.69
          ],
          [
            209.44,
            191.68
          ],
          [
            219.13,
            192.58
          ],
          [
            225.52,
            196.07
          ]
        ]
      },
      "properties": {
        "level": "L3F",
        "zone": "landside",
        "verified": false,
        "kind": "corridor",
        "name": "",
        "nameEn": "",
        "minWidth": 6,
        "accessible": true,
        "bidirectional": true,
        "speedFactor": 1
      }
    },
    {
      "type": "Feature",
      "id": "path-l3f-0089",
      "geometry": {
        "type": "LineString",
        "coordinates": [
          [
            223.04,
            198.52
          ],
          [
            214.17,
            192.12
          ]
        ]
      },
      "properties": {
        "level": "L3F",
        "zone": "landside",
        "verified": false,
        "kind": "corridor",
        "name": "",
        "nameEn": "",
        "minWidth": 6,
        "accessible": true,
        "bidirectional": true,
        "speedFactor": 1
      }
    },
    {
      "type": "Feature",
      "id": "path-l3f-0090",
      "geometry": {
        "type": "LineString",
        "coordinates": [
          [
            193.37,
            216.01
          ],
          [
            194.93,
            196.85
          ],
          [
            162.4,
            171.91
          ],
          [
            167.6,
            159.4
          ]
        ]
      },
      "properties": {
        "level": "L3F",
        "zone": "landside",
        "verified": false,
        "kind": "corridor",
        "name": "",
        "nameEn": "",
        "minWidth": 6,
        "accessible": true,
        "bidirectional": true,
        "speedFactor": 1
      }
    },
    {
      "type": "Feature",
      "id": "path-l3f-0091",
      "geometry": {
        "type": "LineString",
        "coordinates": [
          [
            173.7,
            150.58
          ],
          [
            177.06,
            146.18
          ]
        ]
      },
      "properties": {
        "level": "L3F",
        "zone": "landside",
        "verified": false,
        "kind": "corridor",
        "name": "",
        "nameEn": "",
        "minWidth": 6,
        "accessible": true,
        "bidirectional": true,
        "speedFactor": 1
      }
    },
    {
      "type": "Feature",
      "id": "path-l3f-0092",
      "geometry": {
        "type": "LineString",
        "coordinates": [
          [
            191.34,
            194.1
          ],
          [
            193.15,
            191.75
          ],
          [
            192.85,
            189.99
          ]
        ]
      },
      "properties": {
        "level": "L3F",
        "zone": "landside",
        "verified": false,
        "kind": "corridor",
        "name": "",
        "nameEn": "",
        "minWidth": 6,
        "accessible": true,
        "bidirectional": true,
        "speedFactor": 1
      }
    },
    {
      "type": "Feature",
      "id": "path-l3f-0093",
      "geometry": {
        "type": "LineString",
        "coordinates": [
          [
            193.15,
            191.75
          ],
          [
            194.54,
            191.31
          ]
        ]
      },
      "properties": {
        "level": "L3F",
        "zone": "landside",
        "verified": false,
        "kind": "corridor",
        "name": "",
        "nameEn": "",
        "minWidth": 6,
        "accessible": true,
        "bidirectional": true,
        "speedFactor": 1
      }
    },
    {
      "type": "Feature",
      "id": "path-l3f-0094",
      "geometry": {
        "type": "LineString",
        "coordinates": [
          [
            193.15,
            191.75
          ],
          [
            194.68,
            192.91
          ]
        ]
      },
      "properties": {
        "level": "L3F",
        "zone": "landside",
        "verified": false,
        "kind": "corridor",
        "name": "",
        "nameEn": "",
        "minWidth": 6,
        "accessible": true,
        "bidirectional": true,
        "speedFactor": 1
      }
    },
    {
      "type": "Feature",
      "id": "path-l3f-0095",
      "geometry": {
        "type": "LineString",
        "coordinates": [
          [
            200.82,
            194.15
          ],
          [
            200.28,
            197.48
          ],
          [
            194.93,
            196.85
          ]
        ]
      },
      "properties": {
        "level": "L3F",
        "zone": "landside",
        "verified": false,
        "kind": "corridor",
        "name": "",
        "nameEn": "",
        "minWidth": 6,
        "accessible": true,
        "bidirectional": true,
        "speedFactor": 1
      }
    },
    {
      "type": "Feature",
      "id": "path-l3f-0096",
      "geometry": {
        "type": "LineString",
        "coordinates": [
          [
            177.06,
            146.18
          ],
          [
            198.03,
            163.33
          ],
          [
            194.54,
            167.99
          ]
        ]
      },
      "properties": {
        "level": "L3F",
        "zone": "landside",
        "verified": false,
        "kind": "corridor",
        "name": "",
        "nameEn": "",
        "minWidth": 6,
        "accessible": true,
        "bidirectional": true,
        "speedFactor": 1
      }
    },
    {
      "type": "Feature",
      "id": "path-l3f-0097",
      "geometry": {
        "type": "LineString",
        "coordinates": [
          [
            177.06,
            146.18
          ],
          [
            184.07,
            146.18
          ],
          [
            189.1,
            149.86
          ]
        ]
      },
      "properties": {
        "level": "L3F",
        "zone": "airside_domestic",
        "verified": false,
        "kind": "corridor",
        "name": "",
        "nameEn": "",
        "minWidth": 6,
        "accessible": true,
        "bidirectional": true,
        "speedFactor": 1
      }
    },
    {
      "type": "Feature",
      "id": "path-l3f-0098",
      "geometry": {
        "type": "LineString",
        "coordinates": [
          [
            177.06,
            146.18
          ],
          [
            179.37,
            140.69
          ],
          [
            180.25,
            127.35
          ]
        ]
      },
      "properties": {
        "level": "L3F",
        "zone": "airside_domestic",
        "verified": false,
        "kind": "corridor",
        "name": "",
        "nameEn": "",
        "minWidth": 6,
        "accessible": true,
        "bidirectional": true,
        "speedFactor": 1
      }
    },
    {
      "type": "Feature",
      "id": "path-l3f-0099",
      "geometry": {
        "type": "LineString",
        "coordinates": [
          [
            138.14,
            92.74
          ],
          [
            122.32,
            90.97
          ]
        ]
      },
      "properties": {
        "level": "L3F",
        "zone": "airside_domestic",
        "verified": false,
        "kind": "corridor",
        "name": "",
        "nameEn": "",
        "minWidth": 6,
        "accessible": true,
        "bidirectional": true,
        "speedFactor": 1
      }
    },
    {
      "type": "Feature",
      "id": "path-l3f-0100",
      "geometry": {
        "type": "LineString",
        "coordinates": [
          [
            138.62,
            82.92
          ],
          [
            123.32,
            81.71
          ]
        ]
      },
      "properties": {
        "level": "L3F",
        "zone": "airside_domestic",
        "verified": false,
        "kind": "corridor",
        "name": "",
        "nameEn": "",
        "minWidth": 6,
        "accessible": true,
        "bidirectional": true,
        "speedFactor": 1
      }
    },
    {
      "type": "Feature",
      "id": "path-l3f-0101",
      "geometry": {
        "type": "LineString",
        "coordinates": [
          [
            -209.58,
            79.39
          ],
          [
            -177.75,
            37.41
          ],
          [
            -156.61,
            47.55
          ],
          [
            -147.35,
            48.55
          ]
        ]
      },
      "properties": {
        "level": "L3F",
        "zone": "airside_domestic",
        "verified": false,
        "kind": "corridor",
        "name": "",
        "nameEn": "",
        "minWidth": 6,
        "accessible": true,
        "bidirectional": true,
        "speedFactor": 1
      }
    },
    {
      "type": "Feature",
      "id": "path-l3f-0102",
      "geometry": {
        "type": "LineString",
        "coordinates": [
          [
            -150.19,
            58.92
          ],
          [
            -160.72,
            57
          ],
          [
            -177.75,
            37.41
          ]
        ]
      },
      "properties": {
        "level": "L3F",
        "zone": "airside_domestic",
        "verified": false,
        "kind": "corridor",
        "name": "",
        "nameEn": "",
        "minWidth": 6,
        "accessible": true,
        "bidirectional": true,
        "speedFactor": 1
      }
    },
    {
      "type": "Feature",
      "id": "path-l3f-0103",
      "geometry": {
        "type": "LineString",
        "coordinates": [
          [
            138.62,
            82.92
          ],
          [
            161.79,
            78.33
          ],
          [
            138.14,
            92.74
          ]
        ]
      },
      "properties": {
        "level": "L3F",
        "zone": "airside_domestic",
        "verified": false,
        "kind": "corridor",
        "name": "",
        "nameEn": "",
        "minWidth": 6,
        "accessible": true,
        "bidirectional": true,
        "speedFactor": 1
      }
    },
    {
      "type": "Feature",
      "id": "path-l3f-0104",
      "geometry": {
        "type": "LineString",
        "coordinates": [
          [
            180.25,
            127.35
          ],
          [
            161.79,
            78.33
          ]
        ]
      },
      "properties": {
        "level": "L3F",
        "zone": "airside_domestic",
        "verified": false,
        "kind": "corridor",
        "name": "",
        "nameEn": "",
        "minWidth": 6,
        "accessible": true,
        "bidirectional": true,
        "speedFactor": 1
      }
    },
    {
      "type": "Feature",
      "id": "path-l3f-0105",
      "geometry": {
        "type": "LineString",
        "coordinates": [
          [
            -220.65,
            100.44
          ],
          [
            -209.39,
            96.26
          ]
        ]
      },
      "properties": {
        "level": "L3F",
        "zone": "airside_domestic",
        "verified": false,
        "kind": "corridor",
        "name": "",
        "nameEn": "",
        "minWidth": 6,
        "accessible": true,
        "bidirectional": true,
        "speedFactor": 1
      }
    },
    {
      "type": "Feature",
      "id": "path-l3f-0106",
      "geometry": {
        "type": "LineString",
        "coordinates": [
          [
            -99.35,
            119.83
          ],
          [
            -93.17,
            120.2
          ]
        ]
      },
      "properties": {
        "level": "L3F",
        "zone": "airside_domestic",
        "verified": false,
        "kind": "corridor",
        "name": "",
        "nameEn": "",
        "minWidth": 6,
        "accessible": true,
        "bidirectional": true,
        "speedFactor": 1
      }
    },
    {
      "type": "Feature",
      "id": "path-l3f-0107",
      "geometry": {
        "type": "LineString",
        "coordinates": [
          [
            -151.62,
            190.13
          ],
          [
            -148.18,
            208.81
          ]
        ]
      },
      "properties": {
        "level": "L3F",
        "zone": "landside",
        "verified": false,
        "kind": "corridor",
        "name": "",
        "nameEn": "",
        "minWidth": 6,
        "accessible": true,
        "bidirectional": true,
        "speedFactor": 1
      }
    },
    {
      "type": "Feature",
      "id": "path-l3f-0108",
      "geometry": {
        "type": "LineString",
        "coordinates": [
          [
            -202.42,
            206.82
          ],
          [
            -204.96,
            213.59
          ]
        ]
      },
      "properties": {
        "level": "L3F",
        "zone": "landside",
        "verified": false,
        "kind": "corridor",
        "name": "",
        "nameEn": "",
        "minWidth": 6,
        "accessible": true,
        "bidirectional": true,
        "speedFactor": 1
      }
    },
    {
      "type": "Feature",
      "id": "path-l3f-0109",
      "geometry": {
        "type": "LineString",
        "coordinates": [
          [
            -208.31,
            206.82
          ],
          [
            -204.96,
            213.59
          ]
        ]
      },
      "properties": {
        "level": "L3F",
        "zone": "landside",
        "verified": false,
        "kind": "corridor",
        "name": "",
        "nameEn": "",
        "minWidth": 6,
        "accessible": true,
        "bidirectional": true,
        "speedFactor": 1
      }
    },
    {
      "type": "Feature",
      "id": "path-l3f-0110",
      "geometry": {
        "type": "LineString",
        "coordinates": [
          [
            -93.69,
            168.68
          ],
          [
            -90.99,
            205.34
          ]
        ]
      },
      "properties": {
        "level": "L3F",
        "zone": "landside",
        "verified": false,
        "kind": "corridor",
        "name": "",
        "nameEn": "",
        "minWidth": 6,
        "accessible": true,
        "bidirectional": true,
        "speedFactor": 1
      }
    },
    {
      "type": "Feature",
      "id": "path-l3f-0111",
      "geometry": {
        "type": "LineString",
        "coordinates": [
          [
            37.88,
            220.82
          ],
          [
            47.33,
            185.09
          ]
        ]
      },
      "properties": {
        "level": "L3F",
        "zone": "landside",
        "verified": false,
        "kind": "corridor",
        "name": "",
        "nameEn": "",
        "minWidth": 6,
        "accessible": true,
        "bidirectional": true,
        "speedFactor": 1
      }
    },
    {
      "type": "Feature",
      "id": "path-l3f-0112",
      "geometry": {
        "type": "LineString",
        "coordinates": [
          [
            92.27,
            237.93
          ],
          [
            104.97,
            209.05
          ]
        ]
      },
      "properties": {
        "level": "L3F",
        "zone": "landside",
        "verified": false,
        "kind": "corridor",
        "name": "",
        "nameEn": "",
        "minWidth": 6,
        "accessible": true,
        "bidirectional": true,
        "speedFactor": 1
      }
    },
    {
      "type": "Feature",
      "id": "path-l3f-0113",
      "geometry": {
        "type": "LineString",
        "coordinates": [
          [
            150.21,
            256.91
          ],
          [
            151.35,
            236.56
          ]
        ]
      },
      "properties": {
        "level": "L3F",
        "zone": "landside",
        "verified": false,
        "kind": "corridor",
        "name": "",
        "nameEn": "",
        "minWidth": 6,
        "accessible": true,
        "bidirectional": true,
        "speedFactor": 1
      }
    },
    {
      "type": "Feature",
      "id": "path-l3f-0114",
      "geometry": {
        "type": "LineString",
        "coordinates": [
          [
            -154.55,
            -54.58
          ],
          [
            -159.45,
            -60.79
          ]
        ]
      },
      "properties": {
        "level": "L3F",
        "zone": "landside",
        "verified": false,
        "kind": "corridor",
        "name": "",
        "nameEn": "",
        "minWidth": 6,
        "accessible": true,
        "bidirectional": true,
        "speedFactor": 1
      }
    },
    {
      "type": "Feature",
      "id": "path-l3f-0115",
      "geometry": {
        "type": "LineString",
        "coordinates": [
          [
            161.66,
            -17.52
          ],
          [
            166.83,
            -22.73
          ]
        ]
      },
      "properties": {
        "level": "L3F",
        "zone": "landside",
        "verified": false,
        "kind": "corridor",
        "name": "",
        "nameEn": "",
        "minWidth": 6,
        "accessible": true,
        "bidirectional": true,
        "speedFactor": 1
      }
    },
    {
      "type": "Feature",
      "id": "path-l3f-0116",
      "geometry": {
        "type": "LineString",
        "coordinates": [
          [
            -56.03,
            42.22
          ],
          [
            -58.33,
            36.6
          ]
        ]
      },
      "properties": {
        "level": "L3F",
        "zone": "landside",
        "verified": false,
        "kind": "corridor",
        "name": "",
        "nameEn": "",
        "minWidth": 6,
        "accessible": true,
        "bidirectional": true,
        "speedFactor": 1
      }
    },
    {
      "type": "Feature",
      "id": "path-l3f-0117",
      "geometry": {
        "type": "LineString",
        "coordinates": [
          [
            42.66,
            54.2
          ],
          [
            46.15,
            49.86
          ]
        ]
      },
      "properties": {
        "level": "L3F",
        "zone": "landside",
        "verified": false,
        "kind": "corridor",
        "name": "",
        "nameEn": "",
        "minWidth": 6,
        "accessible": true,
        "bidirectional": true,
        "speedFactor": 1
      }
    },
    {
      "type": "Feature",
      "id": "path-l3f-0118",
      "geometry": {
        "type": "LineString",
        "coordinates": [
          [
            -73.26,
            37.36
          ],
          [
            -82.43,
            41.36
          ],
          [
            -80.34,
            45.67
          ]
        ]
      },
      "properties": {
        "level": "L3F",
        "zone": "landside",
        "verified": false,
        "kind": "corridor",
        "name": "",
        "nameEn": "",
        "minWidth": 6,
        "accessible": true,
        "bidirectional": true,
        "speedFactor": 1
      }
    },
    {
      "type": "Feature",
      "id": "path-l3f-0119",
      "geometry": {
        "type": "LineString",
        "coordinates": [
          [
            -73.26,
            37.36
          ],
          [
            -61.67,
            32.67
          ],
          [
            -58.33,
            36.6
          ]
        ]
      },
      "properties": {
        "level": "L3F",
        "zone": "landside",
        "verified": false,
        "kind": "corridor",
        "name": "",
        "nameEn": "",
        "minWidth": 6,
        "accessible": true,
        "bidirectional": true,
        "speedFactor": 1
      }
    },
    {
      "type": "Feature",
      "id": "path-l3f-0120",
      "geometry": {
        "type": "LineString",
        "coordinates": [
          [
            46.15,
            49.86
          ],
          [
            49.71,
            46.06
          ],
          [
            59.89,
            54.2
          ],
          [
            69.76,
            61.33
          ],
          [
            67.61,
            65.06
          ]
        ]
      },
      "properties": {
        "level": "L3F",
        "zone": "landside",
        "verified": false,
        "kind": "corridor",
        "name": "",
        "nameEn": "",
        "minWidth": 6,
        "accessible": true,
        "bidirectional": true,
        "speedFactor": 1
      }
    },
    {
      "type": "Feature",
      "id": "path-l3f-0121",
      "geometry": {
        "type": "LineString",
        "coordinates": [
          [
            107.2,
            130.48
          ],
          [
            113.95,
            121.46
          ]
        ]
      },
      "properties": {
        "level": "L3F",
        "zone": "landside",
        "verified": false,
        "kind": "corridor",
        "name": "",
        "nameEn": "",
        "minWidth": 6,
        "accessible": true,
        "bidirectional": true,
        "speedFactor": 1
      }
    },
    {
      "type": "Feature",
      "id": "path-l3f-0122",
      "geometry": {
        "type": "LineString",
        "coordinates": [
          [
            119.35,
            122.68
          ],
          [
            111.02,
            133.63
          ]
        ]
      },
      "properties": {
        "level": "L3F",
        "zone": "landside",
        "verified": false,
        "kind": "corridor",
        "name": "",
        "nameEn": "",
        "minWidth": 6,
        "accessible": true,
        "bidirectional": true,
        "speedFactor": 1
      }
    },
    {
      "type": "Feature",
      "id": "path-l3f-0123",
      "geometry": {
        "type": "LineString",
        "coordinates": [
          [
            111.14,
            105.84
          ],
          [
            115.64,
            99.25
          ]
        ]
      },
      "properties": {
        "level": "L3F",
        "zone": "landside",
        "verified": false,
        "kind": "corridor",
        "name": "",
        "nameEn": "",
        "minWidth": 6,
        "accessible": true,
        "bidirectional": true,
        "speedFactor": 1
      }
    },
    {
      "type": "Feature",
      "id": "path-l3f-0124",
      "geometry": {
        "type": "LineString",
        "coordinates": [
          [
            10.24,
            160.88
          ],
          [
            10.13,
            160.86
          ]
        ]
      },
      "properties": {
        "level": "L3F",
        "zone": "landside",
        "verified": false,
        "kind": "corridor",
        "name": "",
        "nameEn": "",
        "minWidth": 6,
        "accessible": true,
        "bidirectional": true,
        "speedFactor": 1
      }
    },
    {
      "type": "Feature",
      "id": "path-l3f-0125",
      "geometry": {
        "type": "LineString",
        "coordinates": [
          [
            20.5,
            -175.21
          ],
          [
            27.29,
            -230.73
          ]
        ]
      },
      "properties": {
        "level": "L3F",
        "zone": "airside_intl",
        "verified": false,
        "kind": "walkway",
        "name": "",
        "nameEn": "",
        "minWidth": 6,
        "accessible": true,
        "bidirectional": true,
        "speedFactor": 1
      }
    },
    {
      "type": "Feature",
      "id": "path-l3f-0126",
      "geometry": {
        "type": "LineString",
        "coordinates": [
          [
            29.31,
            -246.36
          ],
          [
            37.32,
            -311.43
          ]
        ]
      },
      "properties": {
        "level": "L3F",
        "zone": "airside_intl",
        "verified": false,
        "kind": "walkway",
        "name": "",
        "nameEn": "",
        "minWidth": 6,
        "accessible": true,
        "bidirectional": true,
        "speedFactor": 1
      }
    },
    {
      "type": "Feature",
      "id": "path-l3f-0127",
      "geometry": {
        "type": "LineString",
        "coordinates": [
          [
            39.37,
            -328.2
          ],
          [
            46.88,
            -392.74
          ]
        ]
      },
      "properties": {
        "level": "L3F",
        "zone": "airside_intl",
        "verified": false,
        "kind": "walkway",
        "name": "",
        "nameEn": "",
        "minWidth": 6,
        "accessible": true,
        "bidirectional": true,
        "speedFactor": 1
      }
    },
    {
      "type": "Feature",
      "id": "path-l3f-0128",
      "geometry": {
        "type": "LineString",
        "coordinates": [
          [
            48.84,
            -407.62
          ],
          [
            56.44,
            -469.58
          ]
        ]
      },
      "properties": {
        "level": "L3F",
        "zone": "airside_intl",
        "verified": false,
        "kind": "walkway",
        "name": "",
        "nameEn": "",
        "minWidth": 6,
        "accessible": true,
        "bidirectional": true,
        "speedFactor": 1
      }
    },
    {
      "type": "Feature",
      "id": "path-l3f-0129",
      "geometry": {
        "type": "LineString",
        "coordinates": [
          [
            -8.14,
            -86.14
          ],
          [
            -15.13,
            -125.43
          ],
          [
            -16.74,
            -143.41
          ],
          [
            -4.17,
            -156.71
          ],
          [
            13.96,
            -163.58
          ],
          [
            35.45,
            -156.42
          ],
          [
            45.53,
            -142.24
          ],
          [
            47,
            -124.69
          ],
          [
            42.61,
            -108.18
          ],
          [
            25.21,
            -79.96
          ],
          [
            7.09,
            -77.33
          ],
          [
            -8.14,
            -86.14
          ]
        ]
      },
      "properties": {
        "level": "L3F",
        "zone": "airside_intl",
        "verified": false,
        "kind": "corridor",
        "name": "",
        "nameEn": "",
        "minWidth": 6,
        "accessible": true,
        "bidirectional": true,
        "speedFactor": 1
      }
    },
    {
      "type": "Feature",
      "id": "path-l3f-0130",
      "geometry": {
        "type": "LineString",
        "coordinates": [
          [
            -42.29,
            -41.8
          ],
          [
            -27.61,
            -31.2
          ],
          [
            -7.8,
            -23.97
          ],
          [
            5.72,
            -21.29
          ],
          [
            21.22,
            -22.46
          ],
          [
            34.97,
            -23.97
          ],
          [
            44.64,
            -28.87
          ],
          [
            48.72,
            -34.35
          ],
          [
            46.62,
            -41.11
          ],
          [
            45.11,
            -50.08
          ],
          [
            42.54,
            -55.21
          ],
          [
            29.14,
            -58.24
          ],
          [
            12.71,
            -60.45
          ],
          [
            -5.59,
            -62.55
          ],
          [
            -19.8,
            -63.6
          ],
          [
            -34.02,
            -60.57
          ],
          [
            -42.29,
            -41.8
          ]
        ]
      },
      "properties": {
        "level": "L3F",
        "zone": "airside_intl",
        "verified": false,
        "kind": "corridor",
        "name": "",
        "nameEn": "",
        "minWidth": 6,
        "accessible": true,
        "bidirectional": true,
        "speedFactor": 1
      }
    },
    {
      "type": "Feature",
      "id": "path-l3f-0131",
      "geometry": {
        "type": "LineString",
        "coordinates": [
          [
            -19.8,
            -63.6
          ],
          [
            -20.32,
            -73.72
          ],
          [
            -15.96,
            -80.98
          ],
          [
            -8.14,
            -86.14
          ]
        ]
      },
      "properties": {
        "level": "L3F",
        "zone": "airside_intl",
        "verified": false,
        "kind": "corridor",
        "name": "",
        "nameEn": "",
        "minWidth": 6,
        "accessible": true,
        "bidirectional": true,
        "speedFactor": 1
      }
    },
    {
      "type": "Feature",
      "id": "path-l3f-0132",
      "geometry": {
        "type": "LineString",
        "coordinates": [
          [
            25.21,
            -79.96
          ],
          [
            35.64,
            -75.43
          ],
          [
            35.64,
            -66.52
          ],
          [
            35.82,
            -56.73
          ]
        ]
      },
      "properties": {
        "level": "L3F",
        "zone": "airside_intl",
        "verified": false,
        "kind": "corridor",
        "name": "",
        "nameEn": "",
        "minWidth": 6,
        "accessible": true,
        "bidirectional": true,
        "speedFactor": 1
      }
    },
    {
      "type": "Feature",
      "id": "path-l3f-0133",
      "geometry": {
        "type": "LineString",
        "coordinates": [
          [
            3.11,
            -79.63
          ],
          [
            0.46,
            -75.27
          ]
        ]
      },
      "properties": {
        "level": "L3F",
        "zone": "airside_intl",
        "verified": false,
        "kind": "corridor",
        "name": "",
        "nameEn": "",
        "minWidth": 6,
        "accessible": true,
        "bidirectional": true,
        "speedFactor": 1
      }
    },
    {
      "type": "Feature",
      "id": "path-l3f-0134",
      "geometry": {
        "type": "LineString",
        "coordinates": [
          [
            18.37,
            -78.97
          ],
          [
            19.11,
            -72.74
          ]
        ]
      },
      "properties": {
        "level": "L3F",
        "zone": "airside_intl",
        "verified": false,
        "kind": "corridor",
        "name": "",
        "nameEn": "",
        "minWidth": 6,
        "accessible": true,
        "bidirectional": true,
        "speedFactor": 1
      }
    },
    {
      "type": "Feature",
      "id": "path-l3f-0135",
      "geometry": {
        "type": "LineString",
        "coordinates": [
          [
            -4.39,
            -67.2
          ],
          [
            -5.59,
            -62.55
          ]
        ]
      },
      "properties": {
        "level": "L3F",
        "zone": "airside_intl",
        "verified": false,
        "kind": "corridor",
        "name": "",
        "nameEn": "",
        "minWidth": 6,
        "accessible": true,
        "bidirectional": true,
        "speedFactor": 1
      }
    },
    {
      "type": "Feature",
      "id": "path-l3f-0136",
      "geometry": {
        "type": "LineString",
        "coordinates": [
          [
            20,
            -63.21
          ],
          [
            19.64,
            -59.52
          ]
        ]
      },
      "properties": {
        "level": "L3F",
        "zone": "airside_intl",
        "verified": false,
        "kind": "corridor",
        "name": "",
        "nameEn": "",
        "minWidth": 6,
        "accessible": true,
        "bidirectional": true,
        "speedFactor": 1
      }
    },
    {
      "type": "Feature",
      "id": "path-l3f-0137",
      "geometry": {
        "type": "LineString",
        "coordinates": [
          [
            -20.32,
            -73.72
          ],
          [
            -22.12,
            -73.83
          ]
        ]
      },
      "properties": {
        "level": "L3F",
        "zone": "airside_intl",
        "verified": false,
        "kind": "corridor",
        "name": "",
        "nameEn": "",
        "minWidth": 6,
        "accessible": true,
        "bidirectional": true,
        "speedFactor": 1
      }
    },
    {
      "type": "Feature",
      "id": "path-l3f-0138",
      "geometry": {
        "type": "LineString",
        "coordinates": [
          [
            35.64,
            -66.52
          ],
          [
            38.1,
            -66.66
          ]
        ]
      },
      "properties": {
        "level": "L3F",
        "zone": "airside_intl",
        "verified": false,
        "kind": "corridor",
        "name": "",
        "nameEn": "",
        "minWidth": 6,
        "accessible": true,
        "bidirectional": true,
        "speedFactor": 1
      }
    },
    {
      "type": "Feature",
      "id": "path-l3f-0139",
      "geometry": {
        "type": "LineString",
        "coordinates": [
          [
            35.64,
            -75.43
          ],
          [
            37.74,
            -78.88
          ]
        ]
      },
      "properties": {
        "level": "L3F",
        "zone": "airside_intl",
        "verified": false,
        "kind": "corridor",
        "name": "",
        "nameEn": "",
        "minWidth": 6,
        "accessible": true,
        "bidirectional": true,
        "speedFactor": 1
      }
    },
    {
      "type": "Feature",
      "id": "path-l3f-0140",
      "geometry": {
        "type": "LineString",
        "coordinates": [
          [
            -19.88,
            -85.94
          ],
          [
            -15.96,
            -80.98
          ]
        ]
      },
      "properties": {
        "level": "L3F",
        "zone": "airside_intl",
        "verified": false,
        "kind": "corridor",
        "name": "",
        "nameEn": "",
        "minWidth": 6,
        "accessible": true,
        "bidirectional": true,
        "speedFactor": 1
      }
    },
    {
      "type": "Feature",
      "id": "path-l3f-0141",
      "geometry": {
        "type": "LineString",
        "coordinates": [
          [
            -42.59,
            -55.57
          ],
          [
            -42.92,
            -52.93
          ],
          [
            -42.32,
            -57.76
          ],
          [
            -42.59,
            -55.57
          ]
        ]
      },
      "properties": {
        "level": "L3F",
        "zone": "airside_intl",
        "verified": false,
        "kind": "corridor",
        "name": "",
        "nameEn": "",
        "minWidth": 6,
        "accessible": true,
        "bidirectional": true,
        "speedFactor": 1
      }
    },
    {
      "type": "Feature",
      "id": "path-l3f-0142",
      "geometry": {
        "type": "LineString",
        "coordinates": [
          [
            -42.59,
            -55.57
          ],
          [
            -35.99,
            -54.76
          ]
        ]
      },
      "properties": {
        "level": "L3F",
        "zone": "airside_intl",
        "verified": false,
        "kind": "corridor",
        "name": "",
        "nameEn": "",
        "minWidth": 6,
        "accessible": true,
        "bidirectional": true,
        "speedFactor": 1
      }
    },
    {
      "type": "Feature",
      "id": "path-l3f-0143",
      "geometry": {
        "type": "LineString",
        "coordinates": [
          [
            -40.38,
            -55.3
          ],
          [
            -40.27,
            -55.29
          ]
        ]
      },
      "properties": {
        "level": "L3F",
        "zone": "airside_intl",
        "verified": false,
        "kind": "corridor",
        "name": "",
        "nameEn": "",
        "minWidth": 6,
        "accessible": true,
        "bidirectional": true,
        "speedFactor": 1
      }
    },
    {
      "type": "Feature",
      "id": "path-l3f-0144",
      "geometry": {
        "type": "LineString",
        "coordinates": [
          [
            -27.08,
            -53.51
          ],
          [
            -28.82,
            -61.68
          ]
        ]
      },
      "properties": {
        "level": "L3F",
        "zone": "airside_intl",
        "verified": false,
        "kind": "corridor",
        "name": "",
        "nameEn": "",
        "minWidth": 6,
        "accessible": true,
        "bidirectional": true,
        "speedFactor": 1
      }
    },
    {
      "type": "Feature",
      "id": "path-l3f-0145",
      "geometry": {
        "type": "LineString",
        "coordinates": [
          [
            -29.56,
            -53.74
          ],
          [
            -25.9,
            -62.3
          ]
        ]
      },
      "properties": {
        "level": "L3F",
        "zone": "airside_intl",
        "verified": false,
        "kind": "corridor",
        "name": "",
        "nameEn": "",
        "minWidth": 6,
        "accessible": true,
        "bidirectional": true,
        "speedFactor": 1
      }
    },
    {
      "type": "Feature",
      "id": "path-l3f-0146",
      "geometry": {
        "type": "LineString",
        "coordinates": [
          [
            38.43,
            -45.42
          ],
          [
            37.31,
            -56.39
          ]
        ]
      },
      "properties": {
        "level": "L3F",
        "zone": "airside_intl",
        "verified": false,
        "kind": "corridor",
        "name": "",
        "nameEn": "",
        "minWidth": 6,
        "accessible": true,
        "bidirectional": true,
        "speedFactor": 1
      }
    },
    {
      "type": "Feature",
      "id": "path-l3f-0147",
      "geometry": {
        "type": "LineString",
        "coordinates": [
          [
            36.08,
            -45.69
          ],
          [
            39.75,
            -56.98
          ]
        ]
      },
      "properties": {
        "level": "L3F",
        "zone": "airside_intl",
        "verified": false,
        "kind": "corridor",
        "name": "",
        "nameEn": "",
        "minWidth": 6,
        "accessible": true,
        "bidirectional": true,
        "speedFactor": 1
      }
    },
    {
      "type": "Feature",
      "id": "path-l3f-0148",
      "geometry": {
        "type": "LineString",
        "coordinates": [
          [
            -2.67,
            -58.92
          ],
          [
            -5.59,
            -62.55
          ]
        ]
      },
      "properties": {
        "level": "L3F",
        "zone": "airside_intl",
        "verified": false,
        "kind": "corridor",
        "name": "",
        "nameEn": "",
        "minWidth": 6,
        "accessible": true,
        "bidirectional": true,
        "speedFactor": 1
      }
    },
    {
      "type": "Feature",
      "id": "path-l3f-0149",
      "geometry": {
        "type": "LineString",
        "coordinates": [
          [
            15.33,
            -56.76
          ],
          [
            19.64,
            -59.52
          ]
        ]
      },
      "properties": {
        "level": "L3F",
        "zone": "airside_intl",
        "verified": false,
        "kind": "corridor",
        "name": "",
        "nameEn": "",
        "minWidth": 6,
        "accessible": true,
        "bidirectional": true,
        "speedFactor": 1
      }
    },
    {
      "type": "Feature",
      "id": "path-l3f-0150",
      "geometry": {
        "type": "LineString",
        "coordinates": [
          [
            -19.55,
            -28.26
          ],
          [
            -17.54,
            -35.43
          ]
        ]
      },
      "properties": {
        "level": "L3F",
        "zone": "airside_intl",
        "verified": false,
        "kind": "corridor",
        "name": "",
        "nameEn": "",
        "minWidth": 6,
        "accessible": true,
        "bidirectional": true,
        "speedFactor": 1
      }
    },
    {
      "type": "Feature",
      "id": "path-l3f-0151",
      "geometry": {
        "type": "LineString",
        "coordinates": [
          [
            23.91,
            -22.75
          ],
          [
            23.34,
            -30.34
          ]
        ]
      },
      "properties": {
        "level": "L3F",
        "zone": "airside_intl",
        "verified": false,
        "kind": "corridor",
        "name": "",
        "nameEn": "",
        "minWidth": 6,
        "accessible": true,
        "bidirectional": true,
        "speedFactor": 1
      }
    },
    {
      "type": "Feature",
      "id": "path-l3f-0152",
      "geometry": {
        "type": "LineString",
        "coordinates": [
          [
            -42.29,
            -41.8
          ],
          [
            -52.87,
            -46.21
          ],
          [
            -102.64,
            -84.2
          ],
          [
            -135.65,
            -109.08
          ],
          [
            -177.48,
            -142.71
          ],
          [
            -221.63,
            -174.72
          ],
          [
            -269.87,
            -209.66
          ],
          [
            -314.75,
            -245.68
          ],
          [
            -312.57,
            -249.13
          ]
        ]
      },
      "properties": {
        "level": "L3F",
        "zone": "airside_intl",
        "verified": false,
        "kind": "corridor",
        "name": "",
        "nameEn": "",
        "minWidth": 6,
        "accessible": true,
        "bidirectional": true,
        "speedFactor": 1
      }
    },
    {
      "type": "Feature",
      "id": "path-l3f-0153",
      "geometry": {
        "type": "LineString",
        "coordinates": [
          [
            -273.31,
            -219.06
          ],
          [
            -276.8,
            -215.22
          ]
        ]
      },
      "properties": {
        "level": "L3F",
        "zone": "airside_intl",
        "verified": false,
        "kind": "corridor",
        "name": "",
        "nameEn": "",
        "minWidth": 6,
        "accessible": true,
        "bidirectional": true,
        "speedFactor": 1
      }
    },
    {
      "type": "Feature",
      "id": "path-l3f-0154",
      "geometry": {
        "type": "LineString",
        "coordinates": [
          [
            -286.55,
            -223.05
          ],
          [
            -286.27,
            -222.83
          ]
        ]
      },
      "properties": {
        "level": "L3F",
        "zone": "airside_intl",
        "verified": false,
        "kind": "corridor",
        "name": "",
        "nameEn": "",
        "minWidth": 6,
        "accessible": true,
        "bidirectional": true,
        "speedFactor": 1
      }
    },
    {
      "type": "Feature",
      "id": "path-l3f-0155",
      "geometry": {
        "type": "LineString",
        "coordinates": [
          [
            -295.24,
            -230.02
          ],
          [
            -293.93,
            -232.16
          ]
        ]
      },
      "properties": {
        "level": "L3F",
        "zone": "airside_intl",
        "verified": false,
        "kind": "corridor",
        "name": "",
        "nameEn": "",
        "minWidth": 6,
        "accessible": true,
        "bidirectional": true,
        "speedFactor": 1
      }
    },
    {
      "type": "Feature",
      "id": "path-l3f-0156",
      "geometry": {
        "type": "LineString",
        "coordinates": [
          [
            -237.73,
            -186.38
          ],
          [
            -235.97,
            -188.93
          ]
        ]
      },
      "properties": {
        "level": "L3F",
        "zone": "airside_intl",
        "verified": false,
        "kind": "corridor",
        "name": "",
        "nameEn": "",
        "minWidth": 6,
        "accessible": true,
        "bidirectional": true,
        "speedFactor": 1
      }
    },
    {
      "type": "Feature",
      "id": "path-l3f-0157",
      "geometry": {
        "type": "LineString",
        "coordinates": [
          [
            -224.11,
            -181.23
          ],
          [
            -226.15,
            -177.99
          ]
        ]
      },
      "properties": {
        "level": "L3F",
        "zone": "airside_intl",
        "verified": false,
        "kind": "corridor",
        "name": "",
        "nameEn": "",
        "minWidth": 6,
        "accessible": true,
        "bidirectional": true,
        "speedFactor": 1
      }
    },
    {
      "type": "Feature",
      "id": "path-l3f-0158",
      "geometry": {
        "type": "LineString",
        "coordinates": [
          [
            -207.23,
            -170.01
          ],
          [
            -209.82,
            -166.16
          ]
        ]
      },
      "properties": {
        "level": "L3F",
        "zone": "airside_intl",
        "verified": false,
        "kind": "corridor",
        "name": "",
        "nameEn": "",
        "minWidth": 6,
        "accessible": true,
        "bidirectional": true,
        "speedFactor": 1
      }
    },
    {
      "type": "Feature",
      "id": "path-l3f-0159",
      "geometry": {
        "type": "LineString",
        "coordinates": [
          [
            -197.3,
            -157.08
          ],
          [
            -188.5,
            -172.4
          ],
          [
            -180.94,
            -168.87
          ],
          [
            -185.47,
            -159.33
          ],
          [
            -184.15,
            -158.47
          ]
        ]
      },
      "properties": {
        "level": "L3F",
        "zone": "airside_intl",
        "verified": false,
        "kind": "corridor",
        "name": "",
        "nameEn": "",
        "minWidth": 6,
        "accessible": true,
        "bidirectional": true,
        "speedFactor": 1
      }
    },
    {
      "type": "Feature",
      "id": "path-l3f-0160",
      "geometry": {
        "type": "LineString",
        "coordinates": [
          [
            -182.84,
            -164.87
          ],
          [
            -181.9,
            -164.08
          ]
        ]
      },
      "properties": {
        "level": "L3F",
        "zone": "airside_intl",
        "verified": false,
        "kind": "corridor",
        "name": "",
        "nameEn": "",
        "minWidth": 6,
        "accessible": true,
        "bidirectional": true,
        "speedFactor": 1
      }
    },
    {
      "type": "Feature",
      "id": "path-l3f-0161",
      "geometry": {
        "type": "LineString",
        "coordinates": [
          [
            -185.47,
            -159.33
          ],
          [
            -186.69,
            -160.09
          ]
        ]
      },
      "properties": {
        "level": "L3F",
        "zone": "airside_intl",
        "verified": false,
        "kind": "corridor",
        "name": "",
        "nameEn": "",
        "minWidth": 6,
        "accessible": true,
        "bidirectional": true,
        "speedFactor": 1
      }
    },
    {
      "type": "Feature",
      "id": "path-l3f-0162",
      "geometry": {
        "type": "LineString",
        "coordinates": [
          [
            -196.63,
            -166.4
          ],
          [
            -193.31,
            -164.03
          ]
        ]
      },
      "properties": {
        "level": "L3F",
        "zone": "airside_intl",
        "verified": false,
        "kind": "corridor",
        "name": "",
        "nameEn": "",
        "minWidth": 6,
        "accessible": true,
        "bidirectional": true,
        "speedFactor": 1
      }
    },
    {
      "type": "Feature",
      "id": "path-l3f-0163",
      "geometry": {
        "type": "LineString",
        "coordinates": [
          [
            -325.63,
            -274.69
          ],
          [
            -334.21,
            -264.64
          ],
          [
            -338.82,
            -268.22
          ]
        ]
      },
      "properties": {
        "level": "L3F",
        "zone": "airside_intl",
        "verified": false,
        "kind": "corridor",
        "name": "",
        "nameEn": "",
        "minWidth": 6,
        "accessible": true,
        "bidirectional": true,
        "speedFactor": 1
      }
    },
    {
      "type": "Feature",
      "id": "path-l3f-0164",
      "geometry": {
        "type": "LineString",
        "coordinates": [
          [
            -334.21,
            -264.64
          ],
          [
            -322.98,
            -256.4
          ]
        ]
      },
      "properties": {
        "level": "L3F",
        "zone": "airside_intl",
        "verified": false,
        "kind": "corridor",
        "name": "",
        "nameEn": "",
        "minWidth": 6,
        "accessible": true,
        "bidirectional": true,
        "speedFactor": 1
      }
    },
    {
      "type": "Feature",
      "id": "path-l3f-0165",
      "geometry": {
        "type": "LineString",
        "coordinates": [
          [
            -328.14,
            -260.18
          ],
          [
            -327.1,
            -261.7
          ],
          [
            -321.8,
            -257.6
          ]
        ]
      },
      "properties": {
        "level": "L3F",
        "zone": "airside_intl",
        "verified": false,
        "kind": "corridor",
        "name": "",
        "nameEn": "",
        "minWidth": 6,
        "accessible": true,
        "bidirectional": true,
        "speedFactor": 1
      }
    },
    {
      "type": "Feature",
      "id": "path-l3f-0166",
      "geometry": {
        "type": "LineString",
        "coordinates": [
          [
            -328.81,
            -270.97
          ],
          [
            -283.48,
            -234.38
          ],
          [
            -258.4,
            -217.16
          ],
          [
            -262.75,
            -210.92
          ]
        ]
      },
      "properties": {
        "level": "L3F",
        "zone": "airside_intl",
        "verified": false,
        "kind": "corridor",
        "name": "",
        "nameEn": "",
        "minWidth": 6,
        "accessible": true,
        "bidirectional": true,
        "speedFactor": 1
      }
    },
    {
      "type": "Feature",
      "id": "path-l3f-0167",
      "geometry": {
        "type": "LineString",
        "coordinates": [
          [
            -261.43,
            -212.42
          ],
          [
            -268.08,
            -213.98
          ],
          [
            -263.81,
            -220.87
          ]
        ]
      },
      "properties": {
        "level": "L3F",
        "zone": "airside_intl",
        "verified": false,
        "kind": "corridor",
        "name": "",
        "nameEn": "",
        "minWidth": 6,
        "accessible": true,
        "bidirectional": true,
        "speedFactor": 1
      }
    },
    {
      "type": "Feature",
      "id": "path-l3f-0168",
      "geometry": {
        "type": "LineString",
        "coordinates": [
          [
            -258.4,
            -217.16
          ],
          [
            -220.84,
            -195.31
          ],
          [
            -174.62,
            -171.34
          ],
          [
            -142.67,
            -158.73
          ]
        ]
      },
      "properties": {
        "level": "L3F",
        "zone": "airside_intl",
        "verified": false,
        "kind": "corridor",
        "name": "",
        "nameEn": "",
        "minWidth": 6,
        "accessible": true,
        "bidirectional": true,
        "speedFactor": 1
      }
    },
    {
      "type": "Feature",
      "id": "path-l3f-0169",
      "geometry": {
        "type": "LineString",
        "coordinates": [
          [
            -160.01,
            -156.89
          ],
          [
            -157.54,
            -164.6
          ]
        ]
      },
      "properties": {
        "level": "L3F",
        "zone": "airside_intl",
        "verified": false,
        "kind": "corridor",
        "name": "",
        "nameEn": "",
        "minWidth": 6,
        "accessible": true,
        "bidirectional": true,
        "speedFactor": 1
      }
    },
    {
      "type": "Feature",
      "id": "path-l3f-0170",
      "geometry": {
        "type": "LineString",
        "coordinates": [
          [
            -247.19,
            -199.21
          ],
          [
            -254.85,
            -204.46
          ],
          [
            -249.34,
            -211.89
          ]
        ]
      },
      "properties": {
        "level": "L3F",
        "zone": "airside_intl",
        "verified": false,
        "kind": "corridor",
        "name": "",
        "nameEn": "",
        "minWidth": 6,
        "accessible": true,
        "bidirectional": true,
        "speedFactor": 1
      }
    },
    {
      "type": "Feature",
      "id": "path-l3f-0171",
      "geometry": {
        "type": "LineString",
        "coordinates": [
          [
            -247.52,
            -210.83
          ],
          [
            -245.12,
            -214.63
          ]
        ]
      },
      "properties": {
        "level": "L3F",
        "zone": "airside_intl",
        "verified": false,
        "kind": "corridor",
        "name": "",
        "nameEn": "",
        "minWidth": 6,
        "accessible": true,
        "bidirectional": true,
        "speedFactor": 1
      }
    },
    {
      "type": "Feature",
      "id": "path-l3f-0172",
      "geometry": {
        "type": "LineString",
        "coordinates": [
          [
            -163,
            -131.07
          ],
          [
            -151.38,
            -149.83
          ],
          [
            -141.17,
            -150.67
          ],
          [
            -141.96,
            -142.8
          ]
        ]
      },
      "properties": {
        "level": "L3F",
        "zone": "airside_intl",
        "verified": false,
        "kind": "corridor",
        "name": "",
        "nameEn": "",
        "minWidth": 6,
        "accessible": true,
        "bidirectional": true,
        "speedFactor": 1
      }
    },
    {
      "type": "Feature",
      "id": "path-l3f-0173",
      "geometry": {
        "type": "LineString",
        "coordinates": [
          [
            -141.96,
            -142.8
          ],
          [
            -137.85,
            -142.72
          ]
        ]
      },
      "properties": {
        "level": "L3F",
        "zone": "airside_intl",
        "verified": false,
        "kind": "corridor",
        "name": "",
        "nameEn": "",
        "minWidth": 6,
        "accessible": true,
        "bidirectional": true,
        "speedFactor": 1
      }
    },
    {
      "type": "Feature",
      "id": "path-l3f-0174",
      "geometry": {
        "type": "LineString",
        "coordinates": [
          [
            -141.73,
            -145.07
          ],
          [
            -143.36,
            -145.2
          ]
        ]
      },
      "properties": {
        "level": "L3F",
        "zone": "airside_intl",
        "verified": false,
        "kind": "corridor",
        "name": "",
        "nameEn": "",
        "minWidth": 6,
        "accessible": true,
        "bidirectional": true,
        "speedFactor": 1
      }
    },
    {
      "type": "Feature",
      "id": "path-l3f-0175",
      "geometry": {
        "type": "LineString",
        "coordinates": [
          [
            -141.17,
            -150.67
          ],
          [
            -130.2,
            -150.5
          ],
          [
            -130.11,
            -147.1
          ]
        ]
      },
      "properties": {
        "level": "L3F",
        "zone": "airside_intl",
        "verified": false,
        "kind": "corridor",
        "name": "",
        "nameEn": "",
        "minWidth": 6,
        "accessible": true,
        "bidirectional": true,
        "speedFactor": 1
      }
    },
    {
      "type": "Feature",
      "id": "path-l3f-0176",
      "geometry": {
        "type": "LineString",
        "coordinates": [
          [
            -130.2,
            -150.5
          ],
          [
            -111.46,
            -148.53
          ],
          [
            -88.56,
            -151.97
          ],
          [
            -59.18,
            -162.86
          ],
          [
            -38.22,
            -177
          ],
          [
            -22.12,
            -194.83
          ],
          [
            -9.68,
            -215.65
          ],
          [
            -2.3,
            -235.7
          ],
          [
            -4.26,
            -236.39
          ]
        ]
      },
      "properties": {
        "level": "L3F",
        "zone": "airside_intl",
        "verified": false,
        "kind": "corridor",
        "name": "",
        "nameEn": "",
        "minWidth": 6,
        "accessible": true,
        "bidirectional": true,
        "speedFactor": 1
      }
    },
    {
      "type": "Feature",
      "id": "path-l3f-0177",
      "geometry": {
        "type": "LineString",
        "coordinates": [
          [
            -2.3,
            -235.7
          ],
          [
            1.49,
            -249.81
          ],
          [
            11.24,
            -280.54
          ],
          [
            13.49,
            -289.52
          ]
        ]
      },
      "properties": {
        "level": "L3F",
        "zone": "airside_intl",
        "verified": false,
        "kind": "corridor",
        "name": "",
        "nameEn": "",
        "minWidth": 6,
        "accessible": true,
        "bidirectional": true,
        "speedFactor": 1
      }
    },
    {
      "type": "Feature",
      "id": "path-l3f-0178",
      "geometry": {
        "type": "LineString",
        "coordinates": [
          [
            21.07,
            -319.57
          ],
          [
            24.46,
            -338.48
          ],
          [
            26.38,
            -347.47
          ],
          [
            24.26,
            -347.88
          ]
        ]
      },
      "properties": {
        "level": "L3F",
        "zone": "airside_intl",
        "verified": false,
        "kind": "corridor",
        "name": "",
        "nameEn": "",
        "minWidth": 6,
        "accessible": true,
        "bidirectional": true,
        "speedFactor": 1
      }
    },
    {
      "type": "Feature",
      "id": "path-l3f-0179",
      "geometry": {
        "type": "LineString",
        "coordinates": [
          [
            26.38,
            -347.47
          ],
          [
            27.44,
            -356.8
          ],
          [
            25.82,
            -356.96
          ]
        ]
      },
      "properties": {
        "level": "L3F",
        "zone": "airside_intl",
        "verified": false,
        "kind": "corridor",
        "name": "",
        "nameEn": "",
        "minWidth": 6,
        "accessible": true,
        "bidirectional": true,
        "speedFactor": 1
      }
    },
    {
      "type": "Feature",
      "id": "path-l3f-0180",
      "geometry": {
        "type": "LineString",
        "coordinates": [
          [
            27.44,
            -356.8
          ],
          [
            30.42,
            -382.72
          ],
          [
            32.53,
            -409.17
          ],
          [
            33.46,
            -433.17
          ],
          [
            33.83,
            -447.45
          ],
          [
            34.54,
            -462.57
          ],
          [
            32.9,
            -462.96
          ]
        ]
      },
      "properties": {
        "level": "L3F",
        "zone": "airside_intl",
        "verified": false,
        "kind": "corridor",
        "name": "",
        "nameEn": "",
        "minWidth": 6,
        "accessible": true,
        "bidirectional": true,
        "speedFactor": 1
      }
    },
    {
      "type": "Feature",
      "id": "path-l3f-0181",
      "geometry": {
        "type": "LineString",
        "coordinates": [
          [
            34.54,
            -462.57
          ],
          [
            34.42,
            -479.87
          ],
          [
            32.77,
            -502.54
          ],
          [
            30.46,
            -527.16
          ],
          [
            29.28,
            -539.79
          ]
        ]
      },
      "properties": {
        "level": "L3F",
        "zone": "airside_intl",
        "verified": false,
        "kind": "corridor",
        "name": "",
        "nameEn": "",
        "minWidth": 6,
        "accessible": true,
        "bidirectional": true,
        "speedFactor": 1
      }
    },
    {
      "type": "Feature",
      "id": "path-l3f-0182",
      "geometry": {
        "type": "LineString",
        "coordinates": [
          [
            27.28,
            -553.17
          ],
          [
            26.86,
            -560.28
          ],
          [
            25.41,
            -559.88
          ]
        ]
      },
      "properties": {
        "level": "L3F",
        "zone": "airside_intl",
        "verified": false,
        "kind": "corridor",
        "name": "",
        "nameEn": "",
        "minWidth": 6,
        "accessible": true,
        "bidirectional": true,
        "speedFactor": 1
      }
    },
    {
      "type": "Feature",
      "id": "path-l3f-0183",
      "geometry": {
        "type": "LineString",
        "coordinates": [
          [
            26.86,
            -560.28
          ],
          [
            25.03,
            -569.61
          ],
          [
            22.79,
            -569.13
          ]
        ]
      },
      "properties": {
        "level": "L3F",
        "zone": "airside_intl",
        "verified": false,
        "kind": "corridor",
        "name": "",
        "nameEn": "",
        "minWidth": 6,
        "accessible": true,
        "bidirectional": true,
        "speedFactor": 1
      }
    },
    {
      "type": "Feature",
      "id": "path-l3f-0184",
      "geometry": {
        "type": "LineString",
        "coordinates": [
          [
            29.28,
            -539.79
          ],
          [
            27.93,
            -540.44
          ],
          [
            26.58,
            -550.39
          ],
          [
            27.28,
            -553.17
          ]
        ]
      },
      "properties": {
        "level": "L3F",
        "zone": "airside_intl",
        "verified": false,
        "kind": "corridor",
        "name": "",
        "nameEn": "",
        "minWidth": 6,
        "accessible": true,
        "bidirectional": true,
        "speedFactor": 1
      }
    },
    {
      "type": "Feature",
      "id": "path-l3f-0185",
      "geometry": {
        "type": "LineString",
        "coordinates": [
          [
            25.03,
            -569.61
          ],
          [
            22.36,
            -574.42
          ],
          [
            18.12,
            -595.9
          ],
          [
            17.44,
            -599.35
          ],
          [
            18.37,
            -604.68
          ],
          [
            16.94,
            -606.76
          ]
        ]
      },
      "properties": {
        "level": "L3F",
        "zone": "airside_intl",
        "verified": false,
        "kind": "corridor",
        "name": "",
        "nameEn": "",
        "minWidth": 6,
        "accessible": true,
        "bidirectional": true,
        "speedFactor": 1
      }
    },
    {
      "type": "Feature",
      "id": "path-l3f-0186",
      "geometry": {
        "type": "LineString",
        "coordinates": [
          [
            18.37,
            -604.68
          ],
          [
            21.82,
            -610.4
          ],
          [
            20.51,
            -611.78
          ]
        ]
      },
      "properties": {
        "level": "L3F",
        "zone": "airside_intl",
        "verified": false,
        "kind": "corridor",
        "name": "",
        "nameEn": "",
        "minWidth": 6,
        "accessible": true,
        "bidirectional": true,
        "speedFactor": 1
      }
    },
    {
      "type": "Feature",
      "id": "path-l3f-0187",
      "geometry": {
        "type": "LineString",
        "coordinates": [
          [
            21.82,
            -610.4
          ],
          [
            29,
            -612.67
          ],
          [
            28.65,
            -614.68
          ]
        ]
      },
      "properties": {
        "level": "L3F",
        "zone": "airside_intl",
        "verified": false,
        "kind": "corridor",
        "name": "",
        "nameEn": "",
        "minWidth": 6,
        "accessible": true,
        "bidirectional": true,
        "speedFactor": 1
      }
    },
    {
      "type": "Feature",
      "id": "path-l3f-0188",
      "geometry": {
        "type": "LineString",
        "coordinates": [
          [
            29,
            -612.67
          ],
          [
            32.04,
            -612.32
          ]
        ]
      },
      "properties": {
        "level": "L3F",
        "zone": "airside_intl",
        "verified": false,
        "kind": "corridor",
        "name": "",
        "nameEn": "",
        "minWidth": 6,
        "accessible": true,
        "bidirectional": true,
        "speedFactor": 1
      }
    },
    {
      "type": "Feature",
      "id": "path-l3f-0189",
      "geometry": {
        "type": "LineString",
        "coordinates": [
          [
            29,
            -612.67
          ],
          [
            32.49,
            -616.57
          ],
          [
            74.05,
            -612.88
          ],
          [
            88.47,
            -610.7
          ],
          [
            107.67,
            -608.17
          ],
          [
            115.57,
            -607.03
          ],
          [
            119.32,
            -604.45
          ],
          [
            125.19,
            -598.08
          ],
          [
            123.3,
            -587.12
          ],
          [
            124.62,
            -585.78
          ]
        ]
      },
      "properties": {
        "level": "L3F",
        "zone": "airside_intl",
        "verified": false,
        "kind": "corridor",
        "name": "",
        "nameEn": "",
        "minWidth": 6,
        "accessible": true,
        "bidirectional": true,
        "speedFactor": 1
      }
    },
    {
      "type": "Feature",
      "id": "path-l3f-0190",
      "geometry": {
        "type": "LineString",
        "coordinates": [
          [
            123.3,
            -587.12
          ],
          [
            119.35,
            -579.51
          ],
          [
            121.06,
            -578.41
          ]
        ]
      },
      "properties": {
        "level": "L3F",
        "zone": "airside_intl",
        "verified": false,
        "kind": "corridor",
        "name": "",
        "nameEn": "",
        "minWidth": 6,
        "accessible": true,
        "bidirectional": true,
        "speedFactor": 1
      }
    },
    {
      "type": "Feature",
      "id": "path-l3f-0191",
      "geometry": {
        "type": "LineString",
        "coordinates": [
          [
            119.35,
            -579.51
          ],
          [
            115.57,
            -566.94
          ],
          [
            109.27,
            -551.98
          ],
          [
            105.06,
            -547.82
          ],
          [
            105.16,
            -545.78
          ]
        ]
      },
      "properties": {
        "level": "L3F",
        "zone": "airside_intl",
        "verified": false,
        "kind": "corridor",
        "name": "",
        "nameEn": "",
        "minWidth": 6,
        "accessible": true,
        "bidirectional": true,
        "speedFactor": 1
      }
    },
    {
      "type": "Feature",
      "id": "path-l3f-0192",
      "geometry": {
        "type": "LineString",
        "coordinates": [
          [
            105.16,
            -545.78
          ],
          [
            103.26,
            -536.98
          ],
          [
            94.94,
            -517.61
          ],
          [
            84.14,
            -485.76
          ],
          [
            76.24,
            -457.8
          ]
        ]
      },
      "properties": {
        "level": "L3F",
        "zone": "airside_intl",
        "verified": false,
        "kind": "corridor",
        "name": "",
        "nameEn": "",
        "minWidth": 6,
        "accessible": true,
        "bidirectional": true,
        "speedFactor": 1
      }
    },
    {
      "type": "Feature",
      "id": "path-l3f-0193",
      "geometry": {
        "type": "LineString",
        "coordinates": [
          [
            76.24,
            -457.8
          ],
          [
            74.66,
            -452.63
          ]
        ]
      },
      "properties": {
        "level": "L3F",
        "zone": "airside_intl",
        "verified": false,
        "kind": "corridor",
        "name": "",
        "nameEn": "",
        "minWidth": 6,
        "accessible": true,
        "bidirectional": true,
        "speedFactor": 1
      }
    },
    {
      "type": "Feature",
      "id": "path-l3f-0194",
      "geometry": {
        "type": "LineString",
        "coordinates": [
          [
            74.66,
            -452.63
          ],
          [
            72.12,
            -443.06
          ],
          [
            70.52,
            -432.34
          ],
          [
            66.25,
            -410.31
          ],
          [
            61.56,
            -382.53
          ],
          [
            59.03,
            -362.86
          ],
          [
            57.34,
            -342.78
          ],
          [
            55.6,
            -327.39
          ],
          [
            57.48,
            -326.41
          ]
        ]
      },
      "properties": {
        "level": "L3F",
        "zone": "airside_intl",
        "verified": false,
        "kind": "corridor",
        "name": "",
        "nameEn": "",
        "minWidth": 6,
        "accessible": true,
        "bidirectional": true,
        "speedFactor": 1
      }
    },
    {
      "type": "Feature",
      "id": "path-l3f-0195",
      "geometry": {
        "type": "LineString",
        "coordinates": [
          [
            55.6,
            -327.39
          ],
          [
            55.13,
            -320.06
          ],
          [
            55.94,
            -317.13
          ],
          [
            56.5,
            -311.2
          ],
          [
            55.87,
            -288.7
          ],
          [
            55.07,
            -267.82
          ],
          [
            56.76,
            -244.84
          ],
          [
            59.45,
            -218.48
          ],
          [
            63.31,
            -194.79
          ],
          [
            71.14,
            -174.56
          ],
          [
            85.67,
            -153.46
          ],
          [
            100.86,
            -139.2
          ],
          [
            122.4,
            -126.92
          ],
          [
            139.56,
            -118.85
          ],
          [
            161.58,
            -115.68
          ],
          [
            174.81,
            -114.62
          ],
          [
            180.23,
            -110.06
          ],
          [
            186.11,
            -100.27
          ],
          [
            194.45,
            -95.77
          ],
          [
            203.17,
            -99.28
          ],
          [
            239.01,
            -113.36
          ],
          [
            280.21,
            -127.65
          ],
          [
            313.67,
            -140.08
          ],
          [
            338.13,
            -150.79
          ],
          [
            335.86,
            -156.41
          ]
        ]
      },
      "properties": {
        "level": "L3F",
        "zone": "airside_intl",
        "verified": false,
        "kind": "corridor",
        "name": "",
        "nameEn": "",
        "minWidth": 6,
        "accessible": true,
        "bidirectional": true,
        "speedFactor": 1
      }
    },
    {
      "type": "Feature",
      "id": "path-l3f-0196",
      "geometry": {
        "type": "LineString",
        "coordinates": [
          [
            338.13,
            -150.79
          ],
          [
            366.3,
            -163.02
          ],
          [
            363.92,
            -169.57
          ],
          [
            368.17,
            -171.53
          ]
        ]
      },
      "properties": {
        "level": "L3F",
        "zone": "airside_intl",
        "verified": false,
        "kind": "corridor",
        "name": "",
        "nameEn": "",
        "minWidth": 6,
        "accessible": true,
        "bidirectional": true,
        "speedFactor": 1
      }
    },
    {
      "type": "Feature",
      "id": "path-l3f-0197",
      "geometry": {
        "type": "LineString",
        "coordinates": [
          [
            365.44,
            -165.4
          ],
          [
            369.78,
            -167.35
          ]
        ]
      },
      "properties": {
        "level": "L3F",
        "zone": "airside_intl",
        "verified": false,
        "kind": "corridor",
        "name": "",
        "nameEn": "",
        "minWidth": 6,
        "accessible": true,
        "bidirectional": true,
        "speedFactor": 1
      }
    },
    {
      "type": "Feature",
      "id": "path-l3f-0198",
      "geometry": {
        "type": "LineString",
        "coordinates": [
          [
            18.62,
            -162.03
          ],
          [
            20.5,
            -175.21
          ]
        ]
      },
      "properties": {
        "level": "L3F",
        "zone": "airside_intl",
        "verified": false,
        "kind": "corridor",
        "name": "",
        "nameEn": "",
        "minWidth": 6,
        "accessible": true,
        "bidirectional": true,
        "speedFactor": 1
      }
    },
    {
      "type": "Feature",
      "id": "path-l3f-0199",
      "geometry": {
        "type": "LineString",
        "coordinates": [
          [
            27.29,
            -230.73
          ],
          [
            29.31,
            -246.36
          ]
        ]
      },
      "properties": {
        "level": "L3F",
        "zone": "airside_intl",
        "verified": false,
        "kind": "corridor",
        "name": "",
        "nameEn": "",
        "minWidth": 6,
        "accessible": true,
        "bidirectional": true,
        "speedFactor": 1
      }
    },
    {
      "type": "Feature",
      "id": "path-l3f-0200",
      "geometry": {
        "type": "LineString",
        "coordinates": [
          [
            37.32,
            -311.43
          ],
          [
            39.37,
            -328.2
          ]
        ]
      },
      "properties": {
        "level": "L3F",
        "zone": "airside_intl",
        "verified": false,
        "kind": "corridor",
        "name": "",
        "nameEn": "",
        "minWidth": 6,
        "accessible": true,
        "bidirectional": true,
        "speedFactor": 1
      }
    },
    {
      "type": "Feature",
      "id": "path-l3f-0201",
      "geometry": {
        "type": "LineString",
        "coordinates": [
          [
            46.88,
            -392.74
          ],
          [
            48.84,
            -407.62
          ]
        ]
      },
      "properties": {
        "level": "L3F",
        "zone": "airside_intl",
        "verified": false,
        "kind": "corridor",
        "name": "",
        "nameEn": "",
        "minWidth": 6,
        "accessible": true,
        "bidirectional": true,
        "speedFactor": 1
      }
    },
    {
      "type": "Feature",
      "id": "path-l3f-0202",
      "geometry": {
        "type": "LineString",
        "coordinates": [
          [
            13.49,
            -289.52
          ],
          [
            13.14,
            -292.4
          ],
          [
            19.26,
            -319.04
          ],
          [
            21.07,
            -319.57
          ]
        ]
      },
      "properties": {
        "level": "L3F",
        "zone": "airside_intl",
        "verified": false,
        "kind": "corridor",
        "name": "",
        "nameEn": "",
        "minWidth": 6,
        "accessible": true,
        "bidirectional": true,
        "speedFactor": 1
      }
    },
    {
      "type": "Feature",
      "id": "path-l3f-0203",
      "geometry": {
        "type": "LineString",
        "coordinates": [
          [
            194.45,
            -95.77
          ],
          [
            157.08,
            -79.75
          ],
          [
            140.53,
            -66.7
          ],
          [
            113.12,
            -54.89
          ],
          [
            67.94,
            -36.18
          ],
          [
            44.64,
            -28.87
          ]
        ]
      },
      "properties": {
        "level": "L3F",
        "zone": "airside_intl",
        "verified": false,
        "kind": "corridor",
        "name": "",
        "nameEn": "",
        "minWidth": 6,
        "accessible": true,
        "bidirectional": true,
        "speedFactor": 1
      }
    },
    {
      "type": "Feature",
      "id": "path-l3f-0204",
      "geometry": {
        "type": "LineString",
        "coordinates": [
          [
            48.72,
            -34.35
          ],
          [
            55.71,
            -32.34
          ]
        ]
      },
      "properties": {
        "level": "L3F",
        "zone": "airside_intl",
        "verified": false,
        "kind": "corridor",
        "name": "",
        "nameEn": "",
        "minWidth": 6,
        "accessible": true,
        "bidirectional": true,
        "speedFactor": 1
      }
    },
    {
      "type": "Feature",
      "id": "path-l3f-0205",
      "geometry": {
        "type": "LineString",
        "coordinates": [
          [
            118.21,
            -69.24
          ],
          [
            122.57,
            -58.96
          ]
        ]
      },
      "properties": {
        "level": "L3F",
        "zone": "airside_intl",
        "verified": false,
        "kind": "corridor",
        "name": "",
        "nameEn": "",
        "minWidth": 6,
        "accessible": true,
        "bidirectional": true,
        "speedFactor": 1
      }
    },
    {
      "type": "Feature",
      "id": "path-l3f-0206",
      "geometry": {
        "type": "LineString",
        "coordinates": [
          [
            130.36,
            -65.98
          ],
          [
            139.61,
            -69.69
          ],
          [
            143.2,
            -68.81
          ]
        ]
      },
      "properties": {
        "level": "L3F",
        "zone": "airside_intl",
        "verified": false,
        "kind": "corridor",
        "name": "",
        "nameEn": "",
        "minWidth": 6,
        "accessible": true,
        "bidirectional": true,
        "speedFactor": 1
      }
    },
    {
      "type": "Feature",
      "id": "path-l3f-0207",
      "geometry": {
        "type": "LineString",
        "coordinates": [
          [
            128.21,
            -67.69
          ],
          [
            134.24,
            -69.99
          ],
          [
            136.92,
            -68.61
          ]
        ]
      },
      "properties": {
        "level": "L3F",
        "zone": "airside_intl",
        "verified": false,
        "kind": "corridor",
        "name": "",
        "nameEn": "",
        "minWidth": 6,
        "accessible": true,
        "bidirectional": true,
        "speedFactor": 1
      }
    },
    {
      "type": "Feature",
      "id": "path-l3f-0208",
      "geometry": {
        "type": "LineString",
        "coordinates": [
          [
            118.21,
            -69.24
          ],
          [
            130.19,
            -73.75
          ],
          [
            134.24,
            -69.99
          ]
        ]
      },
      "properties": {
        "level": "L3F",
        "zone": "airside_intl",
        "verified": false,
        "kind": "corridor",
        "name": "",
        "nameEn": "",
        "minWidth": 6,
        "accessible": true,
        "bidirectional": true,
        "speedFactor": 1
      }
    },
    {
      "type": "Feature",
      "id": "path-l3f-0209",
      "geometry": {
        "type": "LineString",
        "coordinates": [
          [
            -100,
            -96.28
          ],
          [
            -107.12,
            -87.58
          ]
        ]
      },
      "properties": {
        "level": "L3F",
        "zone": "airside_intl",
        "verified": false,
        "kind": "corridor",
        "name": "",
        "nameEn": "",
        "minWidth": 6,
        "accessible": true,
        "bidirectional": true,
        "speedFactor": 1
      }
    },
    {
      "type": "Feature",
      "id": "path-l3f-0210",
      "geometry": {
        "type": "LineString",
        "coordinates": [
          [
            -111.2,
            -94.96
          ],
          [
            -115.66,
            -98.47
          ],
          [
            -120.28,
            -97.5
          ]
        ]
      },
      "properties": {
        "level": "L3F",
        "zone": "airside_intl",
        "verified": false,
        "kind": "corridor",
        "name": "",
        "nameEn": "",
        "minWidth": 6,
        "accessible": true,
        "bidirectional": true,
        "speedFactor": 1
      }
    },
    {
      "type": "Feature",
      "id": "path-l3f-0211",
      "geometry": {
        "type": "LineString",
        "coordinates": [
          [
            -115.66,
            -98.47
          ],
          [
            -112.34,
            -99.24
          ],
          [
            -108.99,
            -96.51
          ]
        ]
      },
      "properties": {
        "level": "L3F",
        "zone": "airside_intl",
        "verified": false,
        "kind": "corridor",
        "name": "",
        "nameEn": "",
        "minWidth": 6,
        "accessible": true,
        "bidirectional": true,
        "speedFactor": 1
      }
    },
    {
      "type": "Feature",
      "id": "path-l3f-0212",
      "geometry": {
        "type": "LineString",
        "coordinates": [
          [
            -112.34,
            -99.24
          ],
          [
            -107.08,
            -100.51
          ],
          [
            -100,
            -96.28
          ]
        ]
      },
      "properties": {
        "level": "L3F",
        "zone": "airside_intl",
        "verified": false,
        "kind": "corridor",
        "name": "",
        "nameEn": "",
        "minWidth": 6,
        "accessible": true,
        "bidirectional": true,
        "speedFactor": 1
      }
    },
    {
      "type": "Feature",
      "id": "path-l3f-0213",
      "geometry": {
        "type": "LineString",
        "coordinates": [
          [
            -144.98,
            -116.58
          ],
          [
            -131.92,
            -114.45
          ],
          [
            -116.66,
            -119.34
          ],
          [
            -106.04,
            -127.14
          ],
          [
            -88.54,
            -129.21
          ],
          [
            -73.19,
            -127.55
          ],
          [
            -50.96,
            -131.2
          ],
          [
            -36.45,
            -138.67
          ],
          [
            -20.36,
            -146.05
          ],
          [
            -16.74,
            -143.41
          ]
        ]
      },
      "properties": {
        "level": "L3F",
        "zone": "airside_intl",
        "verified": false,
        "kind": "corridor",
        "name": "",
        "nameEn": "",
        "minWidth": 6,
        "accessible": true,
        "bidirectional": true,
        "speedFactor": 1
      }
    },
    {
      "type": "Feature",
      "id": "path-l3f-0214",
      "geometry": {
        "type": "LineString",
        "coordinates": [
          [
            13.96,
            -163.58
          ],
          [
            14.92,
            -170.57
          ],
          [
            26.81,
            -262.4
          ],
          [
            30.16,
            -293.61
          ],
          [
            34.8,
            -331.68
          ],
          [
            38.62,
            -366.35
          ],
          [
            43.1,
            -403.51
          ],
          [
            46.75,
            -440.76
          ],
          [
            48.24,
            -468.54
          ],
          [
            46.5,
            -504.13
          ],
          [
            45.07,
            -552.39
          ],
          [
            40.25,
            -584.25
          ],
          [
            43.9,
            -585.21
          ],
          [
            85.03,
            -581.44
          ],
          [
            97.2,
            -578.73
          ],
          [
            84.51,
            -539.19
          ],
          [
            67.86,
            -475.83
          ],
          [
            56.63,
            -429.11
          ],
          [
            50.49,
            -378.85
          ],
          [
            44.64,
            -329.99
          ],
          [
            38.81,
            -290.49
          ],
          [
            36.01,
            -259.02
          ],
          [
            31.47,
            -223.95
          ],
          [
            26.57,
            -190.97
          ],
          [
            24.4,
            -160.1
          ]
        ]
      },
      "properties": {
        "level": "L3F",
        "zone": "airside_intl",
        "verified": false,
        "kind": "corridor",
        "name": "",
        "nameEn": "",
        "minWidth": 6,
        "accessible": true,
        "bidirectional": true,
        "speedFactor": 1
      }
    },
    {
      "type": "Feature",
      "id": "path-l3f-0215",
      "geometry": {
        "type": "LineString",
        "coordinates": [
          [
            -2.3,
            -235.7
          ],
          [
            57.79,
            -234.76
          ]
        ]
      },
      "properties": {
        "level": "L3F",
        "zone": "airside_intl",
        "verified": false,
        "kind": "corridor",
        "name": "",
        "nameEn": "",
        "minWidth": 6,
        "accessible": true,
        "bidirectional": true,
        "speedFactor": 1
      }
    },
    {
      "type": "Feature",
      "id": "path-l3f-0216",
      "geometry": {
        "type": "LineString",
        "coordinates": [
          [
            21.83,
            -323.83
          ],
          [
            55.13,
            -320.06
          ]
        ]
      },
      "properties": {
        "level": "L3F",
        "zone": "airside_intl",
        "verified": false,
        "kind": "corridor",
        "name": "",
        "nameEn": "",
        "minWidth": 6,
        "accessible": true,
        "bidirectional": true,
        "speedFactor": 1
      }
    },
    {
      "type": "Feature",
      "id": "path-l3f-0217",
      "geometry": {
        "type": "LineString",
        "coordinates": [
          [
            26.77,
            -350.93
          ],
          [
            36.82,
            -349.98
          ]
        ]
      },
      "properties": {
        "level": "L3F",
        "zone": "airside_intl",
        "verified": false,
        "kind": "corridor",
        "name": "",
        "nameEn": "",
        "minWidth": 6,
        "accessible": true,
        "bidirectional": true,
        "speedFactor": 1
      }
    },
    {
      "type": "Feature",
      "id": "path-l3f-0218",
      "geometry": {
        "type": "LineString",
        "coordinates": [
          [
            44.64,
            -329.99
          ],
          [
            55.6,
            -327.39
          ]
        ]
      },
      "properties": {
        "level": "L3F",
        "zone": "airside_intl",
        "verified": false,
        "kind": "corridor",
        "name": "",
        "nameEn": "",
        "minWidth": 6,
        "accessible": true,
        "bidirectional": true,
        "speedFactor": 1
      }
    },
    {
      "type": "Feature",
      "id": "path-l3f-0219",
      "geometry": {
        "type": "LineString",
        "coordinates": [
          [
            56.44,
            -469.58
          ],
          [
            57.74,
            -480.99
          ]
        ]
      },
      "properties": {
        "level": "L3F",
        "zone": "airside_intl",
        "verified": false,
        "kind": "corridor",
        "name": "",
        "nameEn": "",
        "minWidth": 6,
        "accessible": true,
        "bidirectional": true,
        "speedFactor": 1
      }
    },
    {
      "type": "Feature",
      "id": "path-l3f-0220",
      "geometry": {
        "type": "LineString",
        "coordinates": [
          [
            57.06,
            -475
          ],
          [
            47.85,
            -476.43
          ]
        ]
      },
      "properties": {
        "level": "L3F",
        "zone": "airside_intl",
        "verified": false,
        "kind": "corridor",
        "name": "",
        "nameEn": "",
        "minWidth": 6,
        "accessible": true,
        "bidirectional": true,
        "speedFactor": 1
      }
    },
    {
      "type": "Feature",
      "id": "path-l3f-0221",
      "geometry": {
        "type": "LineString",
        "coordinates": [
          [
            57.06,
            -475
          ],
          [
            67.21,
            -473.12
          ]
        ]
      },
      "properties": {
        "level": "L3F",
        "zone": "airside_intl",
        "verified": false,
        "kind": "corridor",
        "name": "",
        "nameEn": "",
        "minWidth": 6,
        "accessible": true,
        "bidirectional": true,
        "speedFactor": 1
      }
    },
    {
      "type": "Feature",
      "id": "path-l3f-0222",
      "geometry": {
        "type": "LineString",
        "coordinates": [
          [
            34.54,
            -462.57
          ],
          [
            48.24,
            -468.54
          ]
        ]
      },
      "properties": {
        "level": "L3F",
        "zone": "airside_intl",
        "verified": false,
        "kind": "corridor",
        "name": "",
        "nameEn": "",
        "minWidth": 6,
        "accessible": true,
        "bidirectional": true,
        "speedFactor": 1
      }
    },
    {
      "type": "Feature",
      "id": "path-l3f-0223",
      "geometry": {
        "type": "LineString",
        "coordinates": [
          [
            65.34,
            -465.36
          ],
          [
            74.66,
            -452.63
          ]
        ]
      },
      "properties": {
        "level": "L3F",
        "zone": "airside_intl",
        "verified": false,
        "kind": "corridor",
        "name": "",
        "nameEn": "",
        "minWidth": 6,
        "accessible": true,
        "bidirectional": true,
        "speedFactor": 1
      }
    },
    {
      "type": "Feature",
      "id": "path-l3f-0224",
      "geometry": {
        "type": "LineString",
        "coordinates": [
          [
            47.09,
            -492.09
          ],
          [
            71.19,
            -488.49
          ]
        ]
      },
      "properties": {
        "level": "L3F",
        "zone": "airside_intl",
        "verified": false,
        "kind": "corridor",
        "name": "",
        "nameEn": "",
        "minWidth": 6,
        "accessible": true,
        "bidirectional": true,
        "speedFactor": 1
      }
    },
    {
      "type": "Feature",
      "id": "path-l3f-0225",
      "geometry": {
        "type": "LineString",
        "coordinates": [
          [
            58.33,
            -485.82
          ],
          [
            59.52,
            -495.28
          ]
        ]
      },
      "properties": {
        "level": "L3F",
        "zone": "airside_intl",
        "verified": false,
        "kind": "corridor",
        "name": "",
        "nameEn": "",
        "minWidth": 6,
        "accessible": true,
        "bidirectional": true,
        "speedFactor": 1
      }
    },
    {
      "type": "Feature",
      "id": "path-l3f-0226",
      "geometry": {
        "type": "LineString",
        "coordinates": [
          [
            35.51,
            -402.47
          ],
          [
            53.09,
            -400.1
          ]
        ]
      },
      "properties": {
        "level": "L3F",
        "zone": "airside_intl",
        "verified": false,
        "kind": "corridor",
        "name": "",
        "nameEn": "",
        "minWidth": 6,
        "accessible": true,
        "bidirectional": true,
        "speedFactor": 1
      }
    },
    {
      "type": "Feature",
      "id": "path-l3f-0227",
      "geometry": {
        "type": "LineString",
        "coordinates": [
          [
            54.32,
            -410.21
          ],
          [
            65.82,
            -407.76
          ]
        ]
      },
      "properties": {
        "level": "L3F",
        "zone": "airside_intl",
        "verified": false,
        "kind": "corridor",
        "name": "",
        "nameEn": "",
        "minWidth": 6,
        "accessible": true,
        "bidirectional": true,
        "speedFactor": 1
      }
    },
    {
      "type": "Feature",
      "id": "path-l3f-0228",
      "geometry": {
        "type": "LineString",
        "coordinates": [
          [
            30.07,
            -379.63
          ],
          [
            40.06,
            -378.26
          ]
        ]
      },
      "properties": {
        "level": "L3F",
        "zone": "airside_intl",
        "verified": false,
        "kind": "corridor",
        "name": "",
        "nameEn": "",
        "minWidth": 6,
        "accessible": true,
        "bidirectional": true,
        "speedFactor": 1
      }
    },
    {
      "type": "Feature",
      "id": "path-l3f-0229",
      "geometry": {
        "type": "LineString",
        "coordinates": [
          [
            49.79,
            -372.98
          ],
          [
            60.11,
            -371.22
          ]
        ]
      },
      "properties": {
        "level": "L3F",
        "zone": "airside_intl",
        "verified": false,
        "kind": "corridor",
        "name": "",
        "nameEn": "",
        "minWidth": 6,
        "accessible": true,
        "bidirectional": true,
        "speedFactor": 1
      }
    },
    {
      "type": "Feature",
      "id": "path-l3f-0230",
      "geometry": {
        "type": "LineString",
        "coordinates": [
          [
            38.41,
            -285.95
          ],
          [
            55.65,
            -282.88
          ]
        ]
      },
      "properties": {
        "level": "L3F",
        "zone": "airside_intl",
        "verified": false,
        "kind": "corridor",
        "name": "",
        "nameEn": "",
        "minWidth": 6,
        "accessible": true,
        "bidirectional": true,
        "speedFactor": 1
      }
    },
    {
      "type": "Feature",
      "id": "path-l3f-0231",
      "geometry": {
        "type": "LineString",
        "coordinates": [
          [
            28.39,
            -277.14
          ],
          [
            11.62,
            -282.04
          ]
        ]
      },
      "properties": {
        "level": "L3F",
        "zone": "airside_intl",
        "verified": false,
        "kind": "corridor",
        "name": "",
        "nameEn": "",
        "minWidth": 6,
        "accessible": true,
        "bidirectional": true,
        "speedFactor": 1
      }
    },
    {
      "type": "Feature",
      "id": "path-l3f-0232",
      "geometry": {
        "type": "LineString",
        "coordinates": [
          [
            1.49,
            -249.81
          ],
          [
            24.26,
            -242.7
          ]
        ]
      },
      "properties": {
        "level": "L3F",
        "zone": "airside_intl",
        "verified": false,
        "kind": "corridor",
        "name": "",
        "nameEn": "",
        "minWidth": 6,
        "accessible": true,
        "bidirectional": true,
        "speedFactor": 1
      }
    },
    {
      "type": "Feature",
      "id": "path-l3f-0233",
      "geometry": {
        "type": "LineString",
        "coordinates": [
          [
            -70.05,
            -128.07
          ],
          [
            -66.98,
            -146.5
          ],
          [
            -69.82,
            -158.92
          ]
        ]
      },
      "properties": {
        "level": "L3F",
        "zone": "airside_intl",
        "verified": false,
        "kind": "corridor",
        "name": "",
        "nameEn": "",
        "minWidth": 6,
        "accessible": true,
        "bidirectional": true,
        "speedFactor": 1
      }
    },
    {
      "type": "Feature",
      "id": "path-l3f-0234",
      "geometry": {
        "type": "LineString",
        "coordinates": [
          [
            -66.98,
            -146.5
          ],
          [
            -50.96,
            -131.2
          ]
        ]
      },
      "properties": {
        "level": "L3F",
        "zone": "airside_intl",
        "verified": false,
        "kind": "corridor",
        "name": "",
        "nameEn": "",
        "minWidth": 6,
        "accessible": true,
        "bidirectional": true,
        "speedFactor": 1
      }
    },
    {
      "type": "Feature",
      "id": "path-l3f-0235",
      "geometry": {
        "type": "LineString",
        "coordinates": [
          [
            -20.36,
            -146.05
          ],
          [
            -21.72,
            -167.62
          ],
          [
            -33.33,
            -182.41
          ]
        ]
      },
      "properties": {
        "level": "L3F",
        "zone": "airside_intl",
        "verified": false,
        "kind": "corridor",
        "name": "",
        "nameEn": "",
        "minWidth": 6,
        "accessible": true,
        "bidirectional": true,
        "speedFactor": 1
      }
    },
    {
      "type": "Feature",
      "id": "path-l3f-0236",
      "geometry": {
        "type": "LineString",
        "coordinates": [
          [
            -21.72,
            -167.62
          ],
          [
            -0.94,
            -157.94
          ]
        ]
      },
      "properties": {
        "level": "L3F",
        "zone": "airside_intl",
        "verified": false,
        "kind": "corridor",
        "name": "",
        "nameEn": "",
        "minWidth": 6,
        "accessible": true,
        "bidirectional": true,
        "speedFactor": 1
      }
    },
    {
      "type": "Feature",
      "id": "path-l3f-0237",
      "geometry": {
        "type": "LineString",
        "coordinates": [
          [
            -118.5,
            -118.75
          ],
          [
            -117.98,
            -149.22
          ]
        ]
      },
      "properties": {
        "level": "L3F",
        "zone": "airside_intl",
        "verified": false,
        "kind": "corridor",
        "name": "",
        "nameEn": "",
        "minWidth": 6,
        "accessible": true,
        "bidirectional": true,
        "speedFactor": 1
      }
    },
    {
      "type": "Feature",
      "id": "path-l3f-0238",
      "geometry": {
        "type": "LineString",
        "coordinates": [
          [
            -105.91,
            -149.36
          ],
          [
            -104.63,
            -127.31
          ]
        ]
      },
      "properties": {
        "level": "L3F",
        "zone": "airside_intl",
        "verified": false,
        "kind": "corridor",
        "name": "",
        "nameEn": "",
        "minWidth": 6,
        "accessible": true,
        "bidirectional": true,
        "speedFactor": 1
      }
    },
    {
      "type": "Feature",
      "id": "path-l3f-0239",
      "geometry": {
        "type": "LineString",
        "coordinates": [
          [
            35.45,
            -156.42
          ],
          [
            42.08,
            -158.63
          ],
          [
            53.19,
            -157.06
          ],
          [
            73.69,
            -170.86
          ]
        ]
      },
      "properties": {
        "level": "L3F",
        "zone": "airside_intl",
        "verified": false,
        "kind": "corridor",
        "name": "",
        "nameEn": "",
        "minWidth": 6,
        "accessible": true,
        "bidirectional": true,
        "speedFactor": 1
      }
    },
    {
      "type": "Feature",
      "id": "path-l3f-0240",
      "geometry": {
        "type": "LineString",
        "coordinates": [
          [
            53.19,
            -157.06
          ],
          [
            56.01,
            -145.45
          ],
          [
            46.36,
            -132.39
          ]
        ]
      },
      "properties": {
        "level": "L3F",
        "zone": "airside_intl",
        "verified": false,
        "kind": "corridor",
        "name": "",
        "nameEn": "",
        "minWidth": 6,
        "accessible": true,
        "bidirectional": true,
        "speedFactor": 1
      }
    },
    {
      "type": "Feature",
      "id": "path-l3f-0241",
      "geometry": {
        "type": "LineString",
        "coordinates": [
          [
            56.01,
            -145.45
          ],
          [
            58.09,
            -133.98
          ],
          [
            74.31,
            -117.02
          ],
          [
            90.1,
            -120.53
          ],
          [
            103.3,
            -137.81
          ]
        ]
      },
      "properties": {
        "level": "L3F",
        "zone": "airside_intl",
        "verified": false,
        "kind": "corridor",
        "name": "",
        "nameEn": "",
        "minWidth": 6,
        "accessible": true,
        "bidirectional": true,
        "speedFactor": 1
      }
    },
    {
      "type": "Feature",
      "id": "path-l3f-0242",
      "geometry": {
        "type": "LineString",
        "coordinates": [
          [
            90.1,
            -120.53
          ],
          [
            94.96,
            -107.07
          ],
          [
            132.07,
            -98.62
          ],
          [
            135.59,
            -120.72
          ]
        ]
      },
      "properties": {
        "level": "L3F",
        "zone": "airside_intl",
        "verified": false,
        "kind": "corridor",
        "name": "",
        "nameEn": "",
        "minWidth": 6,
        "accessible": true,
        "bidirectional": true,
        "speedFactor": 1
      }
    },
    {
      "type": "Feature",
      "id": "path-l3f-0243",
      "geometry": {
        "type": "LineString",
        "coordinates": [
          [
            132.07,
            -98.62
          ],
          [
            144.66,
            -96.18
          ],
          [
            148.69,
            -117.54
          ]
        ]
      },
      "properties": {
        "level": "L3F",
        "zone": "airside_intl",
        "verified": false,
        "kind": "corridor",
        "name": "",
        "nameEn": "",
        "minWidth": 6,
        "accessible": true,
        "bidirectional": true,
        "speedFactor": 1
      }
    },
    {
      "type": "Feature",
      "id": "path-l3f-0244",
      "geometry": {
        "type": "LineString",
        "coordinates": [
          [
            144.66,
            -96.18
          ],
          [
            148.58,
            -85.37
          ],
          [
            157.08,
            -79.75
          ]
        ]
      },
      "properties": {
        "level": "L3F",
        "zone": "airside_intl",
        "verified": false,
        "kind": "corridor",
        "name": "",
        "nameEn": "",
        "minWidth": 6,
        "accessible": true,
        "bidirectional": true,
        "speedFactor": 1
      }
    },
    {
      "type": "Feature",
      "id": "path-l3f-0245",
      "geometry": {
        "type": "LineString",
        "coordinates": [
          [
            94.96,
            -107.07
          ],
          [
            84.97,
            -110.69
          ],
          [
            74.31,
            -117.02
          ]
        ]
      },
      "properties": {
        "level": "L3F",
        "zone": "airside_intl",
        "verified": false,
        "kind": "corridor",
        "name": "",
        "nameEn": "",
        "minWidth": 6,
        "accessible": true,
        "bidirectional": true,
        "speedFactor": 1
      }
    },
    {
      "type": "Feature",
      "id": "path-l3f-0246",
      "geometry": {
        "type": "LineString",
        "coordinates": [
          [
            -7.76,
            -161.12
          ],
          [
            6.19,
            -173.47
          ],
          [
            11.07,
            -197.91
          ],
          [
            9.67,
            -212.28
          ],
          [
            -8.3,
            -219.39
          ]
        ]
      },
      "properties": {
        "level": "L3F",
        "zone": "airside_intl",
        "verified": false,
        "kind": "corridor",
        "name": "",
        "nameEn": "",
        "minWidth": 6,
        "accessible": true,
        "bidirectional": true,
        "speedFactor": 1
      }
    },
    {
      "type": "Feature",
      "id": "path-l3f-0247",
      "geometry": {
        "type": "LineString",
        "coordinates": [
          [
            35.45,
            -156.42
          ],
          [
            32.7,
            -171.03
          ],
          [
            33.59,
            -187.77
          ],
          [
            36.7,
            -196.73
          ],
          [
            47.36,
            -205.69
          ],
          [
            61.06,
            -208.58
          ]
        ]
      },
      "properties": {
        "level": "L3F",
        "zone": "airside_intl",
        "verified": false,
        "kind": "corridor",
        "name": "",
        "nameEn": "",
        "minWidth": 6,
        "accessible": true,
        "bidirectional": true,
        "speedFactor": 1
      }
    },
    {
      "type": "Feature",
      "id": "path-l3f-0248",
      "geometry": {
        "type": "LineString",
        "coordinates": [
          [
            6.19,
            -173.47
          ],
          [
            5.05,
            -160.2
          ]
        ]
      },
      "properties": {
        "level": "L3F",
        "zone": "airside_intl",
        "verified": false,
        "kind": "corridor",
        "name": "",
        "nameEn": "",
        "minWidth": 6,
        "accessible": true,
        "bidirectional": true,
        "speedFactor": 1
      }
    },
    {
      "type": "Feature",
      "id": "path-l3f-0249",
      "geometry": {
        "type": "LineString",
        "coordinates": [
          [
            -40.9,
            -84.32
          ],
          [
            -53.34,
            -87.43
          ],
          [
            -59.12,
            -98.99
          ],
          [
            -62.6,
            -109.21
          ],
          [
            -55.19,
            -118.24
          ],
          [
            -41.05,
            -120.76
          ],
          [
            -34.01,
            -112.69
          ],
          [
            -31.57,
            -102.02
          ],
          [
            -31.79,
            -92.1
          ],
          [
            -40.9,
            -84.32
          ]
        ]
      },
      "properties": {
        "level": "L3F",
        "zone": "airside_intl",
        "verified": false,
        "kind": "corridor",
        "name": "",
        "nameEn": "",
        "minWidth": 6,
        "accessible": true,
        "bidirectional": true,
        "speedFactor": 1
      }
    },
    {
      "type": "Feature",
      "id": "path-l3f-0250",
      "geometry": {
        "type": "LineString",
        "coordinates": [
          [
            55.15,
            -71.07
          ],
          [
            48.71,
            -80.03
          ],
          [
            51.9,
            -94.54
          ],
          [
            58.56,
            -102.76
          ],
          [
            70.26,
            -106.17
          ],
          [
            80.78,
            -104.69
          ],
          [
            84.26,
            -96.84
          ],
          [
            83.67,
            -89.66
          ],
          [
            77.74,
            -80.92
          ],
          [
            71.97,
            -75.21
          ],
          [
            63.15,
            -71.29
          ],
          [
            55.15,
            -71.07
          ]
        ]
      },
      "properties": {
        "level": "L3F",
        "zone": "airside_intl",
        "verified": false,
        "kind": "corridor",
        "name": "",
        "nameEn": "",
        "minWidth": 6,
        "accessible": true,
        "bidirectional": true,
        "speedFactor": 1
      }
    },
    {
      "type": "Feature",
      "id": "path-l3f-0251",
      "geometry": {
        "type": "LineString",
        "coordinates": [
          [
            72.01,
            -99.87
          ],
          [
            75.7,
            -105.4
          ]
        ]
      },
      "properties": {
        "level": "L3F",
        "zone": "airside_intl",
        "verified": false,
        "kind": "corridor",
        "name": "",
        "nameEn": "",
        "minWidth": 6,
        "accessible": true,
        "bidirectional": true,
        "speedFactor": 1
      }
    },
    {
      "type": "Feature",
      "id": "path-l3f-0252",
      "geometry": {
        "type": "LineString",
        "coordinates": [
          [
            -46.51,
            -114.49
          ],
          [
            -46.2,
            -119.84
          ]
        ]
      },
      "properties": {
        "level": "L3F",
        "zone": "airside_intl",
        "verified": false,
        "kind": "corridor",
        "name": "",
        "nameEn": "",
        "minWidth": 6,
        "accessible": true,
        "bidirectional": true,
        "speedFactor": 1
      }
    },
    {
      "type": "Feature",
      "id": "path-l3f-0253",
      "geometry": {
        "type": "LineString",
        "coordinates": [
          [
            -20.56,
            -94.44
          ],
          [
            -22.66,
            -108.63
          ],
          [
            -32.84,
            -124.5
          ],
          [
            -36.45,
            -138.67
          ]
        ]
      },
      "properties": {
        "level": "L3F",
        "zone": "airside_intl",
        "verified": false,
        "kind": "corridor",
        "name": "",
        "nameEn": "",
        "minWidth": 6,
        "accessible": true,
        "bidirectional": true,
        "speedFactor": 1
      }
    },
    {
      "type": "Feature",
      "id": "path-l3f-0254",
      "geometry": {
        "type": "LineString",
        "coordinates": [
          [
            -27.48,
            -116.14
          ],
          [
            -34.01,
            -112.69
          ]
        ]
      },
      "properties": {
        "level": "L3F",
        "zone": "airside_intl",
        "verified": false,
        "kind": "corridor",
        "name": "",
        "nameEn": "",
        "minWidth": 6,
        "accessible": true,
        "bidirectional": true,
        "speedFactor": 1
      }
    },
    {
      "type": "Feature",
      "id": "path-l3f-0255",
      "geometry": {
        "type": "LineString",
        "coordinates": [
          [
            -22.66,
            -108.63
          ],
          [
            -12.51,
            -110.72
          ]
        ]
      },
      "properties": {
        "level": "L3F",
        "zone": "airside_intl",
        "verified": false,
        "kind": "corridor",
        "name": "",
        "nameEn": "",
        "minWidth": 6,
        "accessible": true,
        "bidirectional": true,
        "speedFactor": 1
      }
    },
    {
      "type": "Feature",
      "id": "path-l3f-0256",
      "geometry": {
        "type": "LineString",
        "coordinates": [
          [
            40.77,
            -86.88
          ],
          [
            50.88,
            -108.38
          ],
          [
            59.88,
            -110.56
          ],
          [
            69.95,
            -121.57
          ]
        ]
      },
      "properties": {
        "level": "L3F",
        "zone": "airside_intl",
        "verified": false,
        "kind": "corridor",
        "name": "",
        "nameEn": "",
        "minWidth": 6,
        "accessible": true,
        "bidirectional": true,
        "speedFactor": 1
      }
    },
    {
      "type": "Feature",
      "id": "path-l3f-0257",
      "geometry": {
        "type": "LineString",
        "coordinates": [
          [
            46.64,
            -99.36
          ],
          [
            42.61,
            -108.18
          ]
        ]
      },
      "properties": {
        "level": "L3F",
        "zone": "airside_intl",
        "verified": false,
        "kind": "corridor",
        "name": "",
        "nameEn": "",
        "minWidth": 6,
        "accessible": true,
        "bidirectional": true,
        "speedFactor": 1
      }
    },
    {
      "type": "Feature",
      "id": "path-l3f-0258",
      "geometry": {
        "type": "LineString",
        "coordinates": [
          [
            46.64,
            -99.36
          ],
          [
            58.56,
            -102.76
          ]
        ]
      },
      "properties": {
        "level": "L3F",
        "zone": "airside_intl",
        "verified": false,
        "kind": "corridor",
        "name": "",
        "nameEn": "",
        "minWidth": 6,
        "accessible": true,
        "bidirectional": true,
        "speedFactor": 1
      }
    },
    {
      "type": "Feature",
      "id": "path-l3f-0259",
      "geometry": {
        "type": "LineString",
        "coordinates": [
          [
            59.88,
            -110.56
          ],
          [
            70.26,
            -106.17
          ]
        ]
      },
      "properties": {
        "level": "L3F",
        "zone": "airside_intl",
        "verified": false,
        "kind": "corridor",
        "name": "",
        "nameEn": "",
        "minWidth": 6,
        "accessible": true,
        "bidirectional": true,
        "speedFactor": 1
      }
    },
    {
      "type": "Feature",
      "id": "path-l3f-0260",
      "geometry": {
        "type": "LineString",
        "coordinates": [
          [
            -19.88,
            -85.94
          ],
          [
            -31.79,
            -92.1
          ]
        ]
      },
      "properties": {
        "level": "L3F",
        "zone": "airside_intl",
        "verified": false,
        "kind": "corridor",
        "name": "",
        "nameEn": "",
        "minWidth": 6,
        "accessible": true,
        "bidirectional": true,
        "speedFactor": 1
      }
    },
    {
      "type": "Feature",
      "id": "path-l3f-0261",
      "geometry": {
        "type": "LineString",
        "coordinates": [
          [
            -25.16,
            -88.67
          ],
          [
            -24.72,
            -98.55
          ],
          [
            -22.21,
            -105.59
          ]
        ]
      },
      "properties": {
        "level": "L3F",
        "zone": "airside_intl",
        "verified": false,
        "kind": "corridor",
        "name": "",
        "nameEn": "",
        "minWidth": 6,
        "accessible": true,
        "bidirectional": true,
        "speedFactor": 1
      }
    },
    {
      "type": "Feature",
      "id": "path-l3f-0262",
      "geometry": {
        "type": "LineString",
        "coordinates": [
          [
            37.74,
            -78.88
          ],
          [
            48.71,
            -80.03
          ]
        ]
      },
      "properties": {
        "level": "L3F",
        "zone": "airside_intl",
        "verified": false,
        "kind": "corridor",
        "name": "",
        "nameEn": "",
        "minWidth": 6,
        "accessible": true,
        "bidirectional": true,
        "speedFactor": 1
      }
    },
    {
      "type": "Feature",
      "id": "path-l3f-0263",
      "geometry": {
        "type": "LineString",
        "coordinates": [
          [
            45.11,
            -79.65
          ],
          [
            47.82,
            -87.88
          ],
          [
            44.56,
            -94.95
          ]
        ]
      },
      "properties": {
        "level": "L3F",
        "zone": "airside_intl",
        "verified": false,
        "kind": "corridor",
        "name": "",
        "nameEn": "",
        "minWidth": 6,
        "accessible": true,
        "bidirectional": true,
        "speedFactor": 1
      }
    },
    {
      "type": "Feature",
      "id": "path-l3f-0264",
      "geometry": {
        "type": "LineString",
        "coordinates": [
          [
            -53.34,
            -87.43
          ],
          [
            -68.94,
            -93.09
          ],
          [
            -80.2,
            -101.68
          ],
          [
            -89.9,
            -106.94
          ],
          [
            -100,
            -96.28
          ]
        ]
      },
      "properties": {
        "level": "L3F",
        "zone": "airside_intl",
        "verified": false,
        "kind": "corridor",
        "name": "",
        "nameEn": "",
        "minWidth": 6,
        "accessible": true,
        "bidirectional": true,
        "speedFactor": 1
      }
    },
    {
      "type": "Feature",
      "id": "path-l3f-0265",
      "geometry": {
        "type": "LineString",
        "coordinates": [
          [
            63.15,
            -71.29
          ],
          [
            76.15,
            -70.58
          ],
          [
            89.92,
            -74.47
          ],
          [
            102.52,
            -79.37
          ],
          [
            112.15,
            -75.05
          ],
          [
            118.21,
            -69.24
          ]
        ]
      },
      "properties": {
        "level": "L3F",
        "zone": "airside_intl",
        "verified": false,
        "kind": "corridor",
        "name": "",
        "nameEn": "",
        "minWidth": 6,
        "accessible": true,
        "bidirectional": true,
        "speedFactor": 1
      }
    },
    {
      "type": "Feature",
      "id": "path-l3f-0266",
      "geometry": {
        "type": "LineString",
        "coordinates": [
          [
            112.15,
            -75.05
          ],
          [
            130.48,
            -79.04
          ],
          [
            148.58,
            -85.37
          ]
        ]
      },
      "properties": {
        "level": "L3F",
        "zone": "airside_intl",
        "verified": false,
        "kind": "corridor",
        "name": "",
        "nameEn": "",
        "minWidth": 6,
        "accessible": true,
        "bidirectional": true,
        "speedFactor": 1
      }
    },
    {
      "type": "Feature",
      "id": "path-l3f-0267",
      "geometry": {
        "type": "LineString",
        "coordinates": [
          [
            -94.96,
            -101.6
          ],
          [
            -110.32,
            -111.55
          ],
          [
            -118.5,
            -118.75
          ]
        ]
      },
      "properties": {
        "level": "L3F",
        "zone": "airside_intl",
        "verified": false,
        "kind": "corridor",
        "name": "",
        "nameEn": "",
        "minWidth": 6,
        "accessible": true,
        "bidirectional": true,
        "speedFactor": 1
      }
    },
    {
      "type": "Feature",
      "id": "path-l3f-0268",
      "geometry": {
        "type": "LineString",
        "coordinates": [
          [
            -80.2,
            -101.68
          ],
          [
            -88.54,
            -129.21
          ]
        ]
      },
      "properties": {
        "level": "L3F",
        "zone": "airside_intl",
        "verified": false,
        "kind": "corridor",
        "name": "",
        "nameEn": "",
        "minWidth": 6,
        "accessible": true,
        "bidirectional": true,
        "speedFactor": 1
      }
    },
    {
      "type": "Feature",
      "id": "path-l3f-0269",
      "geometry": {
        "type": "LineString",
        "coordinates": [
          [
            102.52,
            -79.37
          ],
          [
            110.55,
            -103.52
          ]
        ]
      },
      "properties": {
        "level": "L3F",
        "zone": "airside_intl",
        "verified": false,
        "kind": "corridor",
        "name": "",
        "nameEn": "",
        "minWidth": 6,
        "accessible": true,
        "bidirectional": true,
        "speedFactor": 1
      }
    },
    {
      "type": "Feature",
      "id": "path-l3f-0270",
      "geometry": {
        "type": "LineString",
        "coordinates": [
          [
            -55.19,
            -118.24
          ],
          [
            -118.5,
            -118.75
          ]
        ]
      },
      "properties": {
        "level": "L3F",
        "zone": "airside_intl",
        "verified": false,
        "kind": "corridor",
        "name": "",
        "nameEn": "",
        "minWidth": 6,
        "accessible": true,
        "bidirectional": true,
        "speedFactor": 1
      }
    },
    {
      "type": "Feature",
      "id": "path-l3f-0271",
      "geometry": {
        "type": "LineString",
        "coordinates": [
          [
            84.26,
            -96.84
          ],
          [
            148.58,
            -85.37
          ]
        ]
      },
      "properties": {
        "level": "L3F",
        "zone": "airside_intl",
        "verified": false,
        "kind": "corridor",
        "name": "",
        "nameEn": "",
        "minWidth": 6,
        "accessible": true,
        "bidirectional": true,
        "speedFactor": 1
      }
    },
    {
      "type": "Feature",
      "id": "path-l3f-0272",
      "geometry": {
        "type": "LineString",
        "coordinates": [
          [
            -34.02,
            -60.57
          ],
          [
            -34.89,
            -73.41
          ],
          [
            -40.9,
            -84.32
          ]
        ]
      },
      "properties": {
        "level": "L3F",
        "zone": "airside_intl",
        "verified": false,
        "kind": "corridor",
        "name": "",
        "nameEn": "",
        "minWidth": 6,
        "accessible": true,
        "bidirectional": true,
        "speedFactor": 1
      }
    },
    {
      "type": "Feature",
      "id": "path-l3f-0273",
      "geometry": {
        "type": "LineString",
        "coordinates": [
          [
            45.11,
            -50.08
          ],
          [
            49.16,
            -62.63
          ],
          [
            55.15,
            -71.07
          ]
        ]
      },
      "properties": {
        "level": "L3F",
        "zone": "airside_intl",
        "verified": false,
        "kind": "corridor",
        "name": "",
        "nameEn": "",
        "minWidth": 6,
        "accessible": true,
        "bidirectional": true,
        "speedFactor": 1
      }
    },
    {
      "type": "Feature",
      "id": "path-l3f-0274",
      "geometry": {
        "type": "LineString",
        "coordinates": [
          [
            105.16,
            -545.78
          ],
          [
            88.88,
            -552.8
          ]
        ]
      },
      "properties": {
        "level": "L3F",
        "zone": "airside_intl",
        "verified": false,
        "kind": "corridor",
        "name": "",
        "nameEn": "",
        "minWidth": 6,
        "accessible": true,
        "bidirectional": true,
        "speedFactor": 1
      }
    },
    {
      "type": "Feature",
      "id": "path-l3f-0275",
      "geometry": {
        "type": "LineString",
        "coordinates": [
          [
            25.03,
            -569.61
          ],
          [
            41.91,
            -573.27
          ]
        ]
      },
      "properties": {
        "level": "L3F",
        "zone": "airside_intl",
        "verified": false,
        "kind": "corridor",
        "name": "",
        "nameEn": "",
        "minWidth": 6,
        "accessible": true,
        "bidirectional": true,
        "speedFactor": 1
      }
    },
    {
      "type": "Feature",
      "id": "path-l3f-0276",
      "geometry": {
        "type": "LineString",
        "coordinates": [
          [
            26.86,
            -560.28
          ],
          [
            43.33,
            -563.9
          ]
        ]
      },
      "properties": {
        "level": "L3F",
        "zone": "airside_intl",
        "verified": false,
        "kind": "corridor",
        "name": "",
        "nameEn": "",
        "minWidth": 6,
        "accessible": true,
        "bidirectional": true,
        "speedFactor": 1
      }
    },
    {
      "type": "Feature",
      "id": "path-l3f-0277",
      "geometry": {
        "type": "LineString",
        "coordinates": [
          [
            21.82,
            -610.4
          ],
          [
            37.25,
            -593.01
          ],
          [
            40.25,
            -584.25
          ]
        ]
      },
      "properties": {
        "level": "L3F",
        "zone": "airside_intl",
        "verified": false,
        "kind": "corridor",
        "name": "",
        "nameEn": "",
        "minWidth": 6,
        "accessible": true,
        "bidirectional": true,
        "speedFactor": 1
      }
    },
    {
      "type": "Feature",
      "id": "path-l3f-0278",
      "geometry": {
        "type": "LineString",
        "coordinates": [
          [
            28.75,
            -602.59
          ],
          [
            38.04,
            -607.03
          ],
          [
            91.73,
            -602.01
          ],
          [
            114.74,
            -597.97
          ],
          [
            119.32,
            -604.45
          ]
        ]
      },
      "properties": {
        "level": "L3F",
        "zone": "airside_intl",
        "verified": false,
        "kind": "corridor",
        "name": "",
        "nameEn": "",
        "minWidth": 6,
        "accessible": true,
        "bidirectional": true,
        "speedFactor": 1
      }
    },
    {
      "type": "Feature",
      "id": "path-l3f-0279",
      "geometry": {
        "type": "LineString",
        "coordinates": [
          [
            114.74,
            -597.97
          ],
          [
            125.19,
            -598.08
          ]
        ]
      },
      "properties": {
        "level": "L3F",
        "zone": "airside_intl",
        "verified": false,
        "kind": "corridor",
        "name": "",
        "nameEn": "",
        "minWidth": 6,
        "accessible": true,
        "bidirectional": true,
        "speedFactor": 1
      }
    },
    {
      "type": "Feature",
      "id": "path-l3f-0280",
      "geometry": {
        "type": "LineString",
        "coordinates": [
          [
            97.2,
            -578.73
          ],
          [
            113.95,
            -591.82
          ],
          [
            123.3,
            -587.12
          ]
        ]
      },
      "properties": {
        "level": "L3F",
        "zone": "airside_intl",
        "verified": false,
        "kind": "corridor",
        "name": "",
        "nameEn": "",
        "minWidth": 6,
        "accessible": true,
        "bidirectional": true,
        "speedFactor": 1
      }
    },
    {
      "type": "Feature",
      "id": "path-l3f-0281",
      "geometry": {
        "type": "LineString",
        "coordinates": [
          [
            119.35,
            -579.51
          ],
          [
            105.86,
            -585.5
          ]
        ]
      },
      "properties": {
        "level": "L3F",
        "zone": "airside_intl",
        "verified": false,
        "kind": "corridor",
        "name": "",
        "nameEn": "",
        "minWidth": 6,
        "accessible": true,
        "bidirectional": true,
        "speedFactor": 1
      }
    },
    {
      "type": "Feature",
      "id": "path-l3f-0282",
      "geometry": {
        "type": "LineString",
        "coordinates": [
          [
            113.95,
            -591.82
          ],
          [
            114.74,
            -597.97
          ]
        ]
      },
      "properties": {
        "level": "L3F",
        "zone": "airside_intl",
        "verified": false,
        "kind": "corridor",
        "name": "",
        "nameEn": "",
        "minWidth": 6,
        "accessible": true,
        "bidirectional": true,
        "speedFactor": 1
      }
    },
    {
      "type": "Feature",
      "id": "path-l3f-0283",
      "geometry": {
        "type": "LineString",
        "coordinates": [
          [
            87.01,
            -602.45
          ],
          [
            88.47,
            -610.7
          ]
        ]
      },
      "properties": {
        "level": "L3F",
        "zone": "airside_intl",
        "verified": false,
        "kind": "corridor",
        "name": "",
        "nameEn": "",
        "minWidth": 6,
        "accessible": true,
        "bidirectional": true,
        "speedFactor": 1
      }
    },
    {
      "type": "Feature",
      "id": "path-l3f-0284",
      "geometry": {
        "type": "LineString",
        "coordinates": [
          [
            72.49,
            -603.81
          ],
          [
            71.1,
            -588.58
          ],
          [
            70.36,
            -585.89
          ],
          [
            70.18,
            -582.8
          ]
        ]
      },
      "properties": {
        "level": "L3F",
        "zone": "airside_intl",
        "verified": false,
        "kind": "corridor",
        "name": "",
        "nameEn": "",
        "minWidth": 6,
        "accessible": true,
        "bidirectional": true,
        "speedFactor": 1
      }
    },
    {
      "type": "Feature",
      "id": "path-l3f-0285",
      "geometry": {
        "type": "LineString",
        "coordinates": [
          [
            71.1,
            -588.58
          ],
          [
            59.33,
            -589.25
          ],
          [
            58.79,
            -583.85
          ]
        ]
      },
      "properties": {
        "level": "L3F",
        "zone": "airside_intl",
        "verified": false,
        "kind": "corridor",
        "name": "",
        "nameEn": "",
        "minWidth": 6,
        "accessible": true,
        "bidirectional": true,
        "speedFactor": 1
      }
    },
    {
      "type": "Feature",
      "id": "path-l3f-0286",
      "geometry": {
        "type": "LineString",
        "coordinates": [
          [
            71.1,
            -588.58
          ],
          [
            82.94,
            -586.87
          ],
          [
            81.65,
            -581.75
          ]
        ]
      },
      "properties": {
        "level": "L3F",
        "zone": "airside_intl",
        "verified": false,
        "kind": "corridor",
        "name": "",
        "nameEn": "",
        "minWidth": 6,
        "accessible": true,
        "bidirectional": true,
        "speedFactor": 1
      }
    },
    {
      "type": "Feature",
      "id": "path-l3f-0287",
      "geometry": {
        "type": "LineString",
        "coordinates": [
          [
            38.37,
            -589.75
          ],
          [
            48.42,
            -589.39
          ]
        ]
      },
      "properties": {
        "level": "L3F",
        "zone": "airside_intl",
        "verified": false,
        "kind": "corridor",
        "name": "",
        "nameEn": "",
        "minWidth": 6,
        "accessible": true,
        "bidirectional": true,
        "speedFactor": 1
      }
    },
    {
      "type": "Feature",
      "id": "path-l3f-0288",
      "geometry": {
        "type": "LineString",
        "coordinates": [
          [
            102.77,
            -583.08
          ],
          [
            91.91,
            -582.42
          ]
        ]
      },
      "properties": {
        "level": "L3F",
        "zone": "airside_intl",
        "verified": false,
        "kind": "corridor",
        "name": "",
        "nameEn": "",
        "minWidth": 6,
        "accessible": true,
        "bidirectional": true,
        "speedFactor": 1
      }
    },
    {
      "type": "Feature",
      "id": "path-l3f-0289",
      "geometry": {
        "type": "LineString",
        "coordinates": [
          [
            99.55,
            -580.57
          ],
          [
            92.29,
            -584.01
          ]
        ]
      },
      "properties": {
        "level": "L3F",
        "zone": "airside_intl",
        "verified": false,
        "kind": "corridor",
        "name": "",
        "nameEn": "",
        "minWidth": 6,
        "accessible": true,
        "bidirectional": true,
        "speedFactor": 1
      }
    },
    {
      "type": "Feature",
      "id": "path-l3f-0290",
      "geometry": {
        "type": "LineString",
        "coordinates": [
          [
            39.33,
            -586.94
          ],
          [
            49.11,
            -587.58
          ]
        ]
      },
      "properties": {
        "level": "L3F",
        "zone": "airside_intl",
        "verified": false,
        "kind": "corridor",
        "name": "",
        "nameEn": "",
        "minWidth": 6,
        "accessible": true,
        "bidirectional": true,
        "speedFactor": 1
      }
    },
    {
      "type": "Feature",
      "id": "path-l3f-0291",
      "geometry": {
        "type": "LineString",
        "coordinates": [
          [
            40.47,
            -589.67
          ],
          [
            40.71,
            -592.42
          ],
          [
            59.33,
            -589.25
          ]
        ]
      },
      "properties": {
        "level": "L3F",
        "zone": "airside_intl",
        "verified": false,
        "kind": "corridor",
        "name": "",
        "nameEn": "",
        "minWidth": 6,
        "accessible": true,
        "bidirectional": true,
        "speedFactor": 1
      }
    },
    {
      "type": "Feature",
      "id": "path-l3f-0292",
      "geometry": {
        "type": "LineString",
        "coordinates": [
          [
            99.3,
            -583.39
          ],
          [
            99.39,
            -585.16
          ],
          [
            82.94,
            -586.87
          ]
        ]
      },
      "properties": {
        "level": "L3F",
        "zone": "airside_intl",
        "verified": false,
        "kind": "corridor",
        "name": "",
        "nameEn": "",
        "minWidth": 6,
        "accessible": true,
        "bidirectional": true,
        "speedFactor": 1
      }
    },
    {
      "type": "Feature",
      "id": "path-l3f-0293",
      "geometry": {
        "type": "LineString",
        "coordinates": [
          [
            33.57,
            -437.54
          ],
          [
            46.36,
            -436.77
          ]
        ]
      },
      "properties": {
        "level": "L3F",
        "zone": "airside_intl",
        "verified": false,
        "kind": "corridor",
        "name": "",
        "nameEn": "",
        "minWidth": 6,
        "accessible": true,
        "bidirectional": true,
        "speedFactor": 1
      }
    },
    {
      "type": "Feature",
      "id": "path-l3f-0294",
      "geometry": {
        "type": "LineString",
        "coordinates": [
          [
            29.51,
            -537.36
          ],
          [
            45.45,
            -539.7
          ]
        ]
      },
      "properties": {
        "level": "L3F",
        "zone": "airside_intl",
        "verified": false,
        "kind": "corridor",
        "name": "",
        "nameEn": "",
        "minWidth": 6,
        "accessible": true,
        "bidirectional": true,
        "speedFactor": 1
      }
    },
    {
      "type": "Feature",
      "id": "path-l3f-0295",
      "geometry": {
        "type": "LineString",
        "coordinates": [
          [
            83.14,
            -533.99
          ],
          [
            99.25,
            -527.64
          ]
        ]
      },
      "properties": {
        "level": "L3F",
        "zone": "airside_intl",
        "verified": false,
        "kind": "corridor",
        "name": "",
        "nameEn": "",
        "minWidth": 6,
        "accessible": true,
        "bidirectional": true,
        "speedFactor": 1
      }
    },
    {
      "type": "Feature",
      "id": "path-l3f-0296",
      "geometry": {
        "type": "LineString",
        "coordinates": [
          [
            -136.83,
            -115.25
          ],
          [
            -136.13,
            -120.93
          ]
        ]
      },
      "properties": {
        "level": "L3F",
        "zone": "airside_intl",
        "verified": false,
        "kind": "corridor",
        "name": "",
        "nameEn": "",
        "minWidth": 6,
        "accessible": true,
        "bidirectional": true,
        "speedFactor": 1
      }
    },
    {
      "type": "Feature",
      "id": "path-l3f-0297",
      "geometry": {
        "type": "LineString",
        "coordinates": [
          [
            -124.46,
            -123.62
          ],
          [
            -118.5,
            -118.75
          ]
        ]
      },
      "properties": {
        "level": "L3F",
        "zone": "airside_intl",
        "verified": false,
        "kind": "corridor",
        "name": "",
        "nameEn": "",
        "minWidth": 6,
        "accessible": true,
        "bidirectional": true,
        "speedFactor": 1
      }
    },
    {
      "type": "Feature",
      "id": "path-l3f-0298",
      "geometry": {
        "type": "LineString",
        "coordinates": [
          [
            -95.8,
            -128.35
          ],
          [
            -95.33,
            -133.76
          ]
        ]
      },
      "properties": {
        "level": "L3F",
        "zone": "airside_intl",
        "verified": false,
        "kind": "corridor",
        "name": "",
        "nameEn": "",
        "minWidth": 6,
        "accessible": true,
        "bidirectional": true,
        "speedFactor": 1
      }
    },
    {
      "type": "Feature",
      "id": "path-l3f-0299",
      "geometry": {
        "type": "LineString",
        "coordinates": [
          [
            -79.46,
            -128.23
          ],
          [
            -79.25,
            -133.47
          ]
        ]
      },
      "properties": {
        "level": "L3F",
        "zone": "airside_intl",
        "verified": false,
        "kind": "corridor",
        "name": "",
        "nameEn": "",
        "minWidth": 6,
        "accessible": true,
        "bidirectional": true,
        "speedFactor": 1
      }
    },
    {
      "type": "Feature",
      "id": "path-l3f-0300",
      "geometry": {
        "type": "LineString",
        "coordinates": [
          [
            -70.86,
            -142.11
          ],
          [
            -67.88,
            -141.07
          ]
        ]
      },
      "properties": {
        "level": "L3F",
        "zone": "airside_intl",
        "verified": false,
        "kind": "corridor",
        "name": "",
        "nameEn": "",
        "minWidth": 6,
        "accessible": true,
        "bidirectional": true,
        "speedFactor": 1
      }
    },
    {
      "type": "Feature",
      "id": "path-l3f-0301",
      "geometry": {
        "type": "LineString",
        "coordinates": [
          [
            -47.36,
            -133.06
          ],
          [
            -48.96,
            -140.17
          ]
        ]
      },
      "properties": {
        "level": "L3F",
        "zone": "airside_intl",
        "verified": false,
        "kind": "corridor",
        "name": "",
        "nameEn": "",
        "minWidth": 6,
        "accessible": true,
        "bidirectional": true,
        "speedFactor": 1
      }
    },
    {
      "type": "Feature",
      "id": "path-l3f-0302",
      "geometry": {
        "type": "LineString",
        "coordinates": [
          [
            -36.45,
            -138.67
          ],
          [
            -38.9,
            -144.27
          ]
        ]
      },
      "properties": {
        "level": "L3F",
        "zone": "airside_intl",
        "verified": false,
        "kind": "corridor",
        "name": "",
        "nameEn": "",
        "minWidth": 6,
        "accessible": true,
        "bidirectional": true,
        "speedFactor": 1
      }
    },
    {
      "type": "Feature",
      "id": "path-l3f-0303",
      "geometry": {
        "type": "LineString",
        "coordinates": [
          [
            -29.41,
            -149.51
          ],
          [
            -20.36,
            -146.05
          ]
        ]
      },
      "properties": {
        "level": "L3F",
        "zone": "airside_intl",
        "verified": false,
        "kind": "corridor",
        "name": "",
        "nameEn": "",
        "minWidth": 6,
        "accessible": true,
        "bidirectional": true,
        "speedFactor": 1
      }
    },
    {
      "type": "Feature",
      "id": "path-l3f-0304",
      "geometry": {
        "type": "LineString",
        "coordinates": [
          [
            -26.96,
            -161.37
          ],
          [
            -21.29,
            -160.79
          ]
        ]
      },
      "properties": {
        "level": "L3F",
        "zone": "airside_intl",
        "verified": false,
        "kind": "corridor",
        "name": "",
        "nameEn": "",
        "minWidth": 6,
        "accessible": true,
        "bidirectional": true,
        "speedFactor": 1
      }
    },
    {
      "type": "Feature",
      "id": "path-l3f-0305",
      "geometry": {
        "type": "LineString",
        "coordinates": [
          [
            -25.38,
            -172.29
          ],
          [
            -24.84,
            -171.59
          ]
        ]
      },
      "properties": {
        "level": "L3F",
        "zone": "airside_intl",
        "verified": false,
        "kind": "corridor",
        "name": "",
        "nameEn": "",
        "minWidth": 6,
        "accessible": true,
        "bidirectional": true,
        "speedFactor": 1
      }
    },
    {
      "type": "Feature",
      "id": "path-l3f-0306",
      "geometry": {
        "type": "LineString",
        "coordinates": [
          [
            -19.1,
            -166.4
          ],
          [
            -16.36,
            -172.23
          ]
        ]
      },
      "properties": {
        "level": "L3F",
        "zone": "airside_intl",
        "verified": false,
        "kind": "corridor",
        "name": "",
        "nameEn": "",
        "minWidth": 6,
        "accessible": true,
        "bidirectional": true,
        "speedFactor": 1
      }
    },
    {
      "type": "Feature",
      "id": "path-l3f-0307",
      "geometry": {
        "type": "LineString",
        "coordinates": [
          [
            -10.41,
            -162.35
          ],
          [
            -10.32,
            -169.51
          ]
        ]
      },
      "properties": {
        "level": "L3F",
        "zone": "airside_intl",
        "verified": false,
        "kind": "corridor",
        "name": "",
        "nameEn": "",
        "minWidth": 6,
        "accessible": true,
        "bidirectional": true,
        "speedFactor": 1
      }
    },
    {
      "type": "Feature",
      "id": "path-l3f-0308",
      "geometry": {
        "type": "LineString",
        "coordinates": [
          [
            -4.05,
            -171.73
          ],
          [
            -0.2,
            -167.82
          ]
        ]
      },
      "properties": {
        "level": "L3F",
        "zone": "airside_intl",
        "verified": false,
        "kind": "corridor",
        "name": "",
        "nameEn": "",
        "minWidth": 6,
        "accessible": true,
        "bidirectional": true,
        "speedFactor": 1
      }
    },
    {
      "type": "Feature",
      "id": "path-l3f-0309",
      "geometry": {
        "type": "LineString",
        "coordinates": [
          [
            2.23,
            -180.23
          ],
          [
            6.98,
            -177.41
          ]
        ]
      },
      "properties": {
        "level": "L3F",
        "zone": "airside_intl",
        "verified": false,
        "kind": "corridor",
        "name": "",
        "nameEn": "",
        "minWidth": 6,
        "accessible": true,
        "bidirectional": true,
        "speedFactor": 1
      }
    },
    {
      "type": "Feature",
      "id": "path-l3f-0310",
      "geometry": {
        "type": "LineString",
        "coordinates": [
          [
            0.97,
            -205.39
          ],
          [
            4.87,
            -214.18
          ]
        ]
      },
      "properties": {
        "level": "L3F",
        "zone": "airside_intl",
        "verified": false,
        "kind": "corridor",
        "name": "",
        "nameEn": "",
        "minWidth": 6,
        "accessible": true,
        "bidirectional": true,
        "speedFactor": 1
      }
    },
    {
      "type": "Feature",
      "id": "path-l3f-0311",
      "geometry": {
        "type": "LineString",
        "coordinates": [
          [
            6.38,
            -192.74
          ],
          [
            9.94,
            -192.27
          ]
        ]
      },
      "properties": {
        "level": "L3F",
        "zone": "airside_intl",
        "verified": false,
        "kind": "corridor",
        "name": "",
        "nameEn": "",
        "minWidth": 6,
        "accessible": true,
        "bidirectional": true,
        "speedFactor": 1
      }
    },
    {
      "type": "Feature",
      "id": "path-l3f-0312",
      "geometry": {
        "type": "LineString",
        "coordinates": [
          [
            -15.31,
            -206.23
          ],
          [
            -7.35,
            -199.57
          ]
        ]
      },
      "properties": {
        "level": "L3F",
        "zone": "airside_intl",
        "verified": false,
        "kind": "corridor",
        "name": "",
        "nameEn": "",
        "minWidth": 6,
        "accessible": true,
        "bidirectional": true,
        "speedFactor": 1
      }
    },
    {
      "type": "Feature",
      "id": "path-l3f-0313",
      "geometry": {
        "type": "LineString",
        "coordinates": [
          [
            -11.07,
            -198.04
          ],
          [
            -8.85,
            -200.83
          ],
          [
            -6.17,
            -203.13
          ],
          [
            -5.13,
            -202.43
          ]
        ]
      },
      "properties": {
        "level": "L3F",
        "zone": "airside_intl",
        "verified": false,
        "kind": "corridor",
        "name": "",
        "nameEn": "",
        "minWidth": 6,
        "accessible": true,
        "bidirectional": true,
        "speedFactor": 1
      }
    },
    {
      "type": "Feature",
      "id": "path-l3f-0314",
      "geometry": {
        "type": "LineString",
        "coordinates": [
          [
            -50.64,
            -164.28
          ],
          [
            -52.61,
            -167.29
          ]
        ]
      },
      "properties": {
        "level": "L3F",
        "zone": "airside_intl",
        "verified": false,
        "kind": "corridor",
        "name": "",
        "nameEn": "",
        "minWidth": 6,
        "accessible": true,
        "bidirectional": true,
        "speedFactor": 1
      }
    },
    {
      "type": "Feature",
      "id": "path-l3f-0315",
      "geometry": {
        "type": "LineString",
        "coordinates": [
          [
            -36.03,
            -174.88
          ],
          [
            -38.22,
            -177
          ]
        ]
      },
      "properties": {
        "level": "L3F",
        "zone": "airside_intl",
        "verified": false,
        "kind": "corridor",
        "name": "",
        "nameEn": "",
        "minWidth": 6,
        "accessible": true,
        "bidirectional": true,
        "speedFactor": 1
      }
    },
    {
      "type": "Feature",
      "id": "path-l3f-0316",
      "geometry": {
        "type": "LineString",
        "coordinates": [
          [
            33.17,
            -179.91
          ],
          [
            37.79,
            -180.88
          ]
        ]
      },
      "properties": {
        "level": "L3F",
        "zone": "airside_intl",
        "verified": false,
        "kind": "corridor",
        "name": "",
        "nameEn": "",
        "minWidth": 6,
        "accessible": true,
        "bidirectional": true,
        "speedFactor": 1
      }
    },
    {
      "type": "Feature",
      "id": "path-l3f-0317",
      "geometry": {
        "type": "LineString",
        "coordinates": [
          [
            36.35,
            -195.71
          ],
          [
            39.73,
            -193.16
          ]
        ]
      },
      "properties": {
        "level": "L3F",
        "zone": "airside_intl",
        "verified": false,
        "kind": "corridor",
        "name": "",
        "nameEn": "",
        "minWidth": 6,
        "accessible": true,
        "bidirectional": true,
        "speedFactor": 1
      }
    },
    {
      "type": "Feature",
      "id": "path-l3f-0318",
      "geometry": {
        "type": "LineString",
        "coordinates": [
          [
            47.36,
            -205.69
          ],
          [
            48.62,
            -201.2
          ]
        ]
      },
      "properties": {
        "level": "L3F",
        "zone": "airside_intl",
        "verified": false,
        "kind": "corridor",
        "name": "",
        "nameEn": "",
        "minWidth": 6,
        "accessible": true,
        "bidirectional": true,
        "speedFactor": 1
      }
    },
    {
      "type": "Feature",
      "id": "path-l3f-0319",
      "geometry": {
        "type": "LineString",
        "coordinates": [
          [
            57.96,
            -198.61
          ],
          [
            62.54,
            -199.53
          ]
        ]
      },
      "properties": {
        "level": "L3F",
        "zone": "airside_intl",
        "verified": false,
        "kind": "corridor",
        "name": "",
        "nameEn": "",
        "minWidth": 6,
        "accessible": true,
        "bidirectional": true,
        "speedFactor": 1
      }
    },
    {
      "type": "Feature",
      "id": "path-l3f-0320",
      "geometry": {
        "type": "LineString",
        "coordinates": [
          [
            52.8,
            -192.37
          ],
          [
            62.99,
            -196.78
          ]
        ]
      },
      "properties": {
        "level": "L3F",
        "zone": "airside_intl",
        "verified": false,
        "kind": "corridor",
        "name": "",
        "nameEn": "",
        "minWidth": 6,
        "accessible": true,
        "bidirectional": true,
        "speedFactor": 1
      }
    },
    {
      "type": "Feature",
      "id": "path-l3f-0321",
      "geometry": {
        "type": "LineString",
        "coordinates": [
          [
            51.77,
            -195.09
          ],
          [
            52.85,
            -195.71
          ],
          [
            55.57,
            -189.62
          ]
        ]
      },
      "properties": {
        "level": "L3F",
        "zone": "airside_intl",
        "verified": false,
        "kind": "corridor",
        "name": "",
        "nameEn": "",
        "minWidth": 6,
        "accessible": true,
        "bidirectional": true,
        "speedFactor": 1
      }
    },
    {
      "type": "Feature",
      "id": "path-l3f-0322",
      "geometry": {
        "type": "LineString",
        "coordinates": [
          [
            43.08,
            -166.62
          ],
          [
            42.08,
            -158.63
          ]
        ]
      },
      "properties": {
        "level": "L3F",
        "zone": "airside_intl",
        "verified": false,
        "kind": "corridor",
        "name": "",
        "nameEn": "",
        "minWidth": 6,
        "accessible": true,
        "bidirectional": true,
        "speedFactor": 1
      }
    },
    {
      "type": "Feature",
      "id": "path-l3f-0323",
      "geometry": {
        "type": "LineString",
        "coordinates": [
          [
            32.7,
            -171.03
          ],
          [
            39.86,
            -174.5
          ]
        ]
      },
      "properties": {
        "level": "L3F",
        "zone": "airside_intl",
        "verified": false,
        "kind": "corridor",
        "name": "",
        "nameEn": "",
        "minWidth": 6,
        "accessible": true,
        "bidirectional": true,
        "speedFactor": 1
      }
    },
    {
      "type": "Feature",
      "id": "path-l3f-0324",
      "geometry": {
        "type": "LineString",
        "coordinates": [
          [
            -12.51,
            -110.72
          ],
          [
            -4.41,
            -112.09
          ]
        ]
      },
      "properties": {
        "level": "L3F",
        "zone": "airside_intl",
        "verified": false,
        "kind": "corridor",
        "name": "",
        "nameEn": "",
        "minWidth": 6,
        "accessible": true,
        "bidirectional": true,
        "speedFactor": 1
      }
    },
    {
      "type": "Feature",
      "id": "path-l3f-0325",
      "geometry": {
        "type": "LineString",
        "coordinates": [
          [
            13.96,
            -163.58
          ],
          [
            11.53,
            -148.67
          ]
        ]
      },
      "properties": {
        "level": "L3F",
        "zone": "airside_intl",
        "verified": false,
        "kind": "corridor",
        "name": "",
        "nameEn": "",
        "minWidth": 6,
        "accessible": true,
        "bidirectional": true,
        "speedFactor": 1
      }
    },
    {
      "type": "Feature",
      "id": "path-l3f-0326",
      "geometry": {
        "type": "LineString",
        "coordinates": [
          [
            24.4,
            -160.1
          ],
          [
            23.28,
            -147.61
          ]
        ]
      },
      "properties": {
        "level": "L3F",
        "zone": "airside_intl",
        "verified": false,
        "kind": "corridor",
        "name": "",
        "nameEn": "",
        "minWidth": 6,
        "accessible": true,
        "bidirectional": true,
        "speedFactor": 1
      }
    },
    {
      "type": "Feature",
      "id": "path-l3f-0327",
      "geometry": {
        "type": "LineString",
        "coordinates": [
          [
            18.62,
            -162.03
          ],
          [
            16.54,
            -148.95
          ]
        ]
      },
      "properties": {
        "level": "L3F",
        "zone": "airside_intl",
        "verified": false,
        "kind": "corridor",
        "name": "",
        "nameEn": "",
        "minWidth": 6,
        "accessible": true,
        "bidirectional": true,
        "speedFactor": 1
      }
    },
    {
      "type": "Feature",
      "id": "path-l3f-0328",
      "geometry": {
        "type": "LineString",
        "coordinates": [
          [
            5.05,
            -160.2
          ],
          [
            3.66,
            -145.82
          ]
        ]
      },
      "properties": {
        "level": "L3F",
        "zone": "airside_intl",
        "verified": false,
        "kind": "corridor",
        "name": "",
        "nameEn": "",
        "minWidth": 6,
        "accessible": true,
        "bidirectional": true,
        "speedFactor": 1
      }
    },
    {
      "type": "Feature",
      "id": "path-l3f-0329",
      "geometry": {
        "type": "LineString",
        "coordinates": [
          [
            35.45,
            -156.42
          ],
          [
            29.92,
            -142.03
          ]
        ]
      },
      "properties": {
        "level": "L3F",
        "zone": "airside_intl",
        "verified": false,
        "kind": "corridor",
        "name": "",
        "nameEn": "",
        "minWidth": 6,
        "accessible": true,
        "bidirectional": true,
        "speedFactor": 1
      }
    },
    {
      "type": "Feature",
      "id": "path-l3f-0330",
      "geometry": {
        "type": "LineString",
        "coordinates": [
          [
            -16.74,
            -143.41
          ],
          [
            -5.13,
            -135.29
          ]
        ]
      },
      "properties": {
        "level": "L3F",
        "zone": "airside_intl",
        "verified": false,
        "kind": "corridor",
        "name": "",
        "nameEn": "",
        "minWidth": 6,
        "accessible": true,
        "bidirectional": true,
        "speedFactor": 1
      }
    },
    {
      "type": "Feature",
      "id": "path-l3f-0331",
      "geometry": {
        "type": "LineString",
        "coordinates": [
          [
            46.36,
            -132.39
          ],
          [
            36.08,
            -127.63
          ]
        ]
      },
      "properties": {
        "level": "L3F",
        "zone": "airside_intl",
        "verified": false,
        "kind": "corridor",
        "name": "",
        "nameEn": "",
        "minWidth": 6,
        "accessible": true,
        "bidirectional": true,
        "speedFactor": 1
      }
    },
    {
      "type": "Feature",
      "id": "path-l3f-0332",
      "geometry": {
        "type": "LineString",
        "coordinates": [
          [
            42.61,
            -108.18
          ],
          [
            32.48,
            -115.13
          ]
        ]
      },
      "properties": {
        "level": "L3F",
        "zone": "airside_intl",
        "verified": false,
        "kind": "corridor",
        "name": "",
        "nameEn": "",
        "minWidth": 6,
        "accessible": true,
        "bidirectional": true,
        "speedFactor": 1
      }
    },
    {
      "type": "Feature",
      "id": "path-l3f-0333",
      "geometry": {
        "type": "LineString",
        "coordinates": [
          [
            -9.52,
            -93.9
          ],
          [
            -1.72,
            -93.6
          ]
        ]
      },
      "properties": {
        "level": "L3F",
        "zone": "airside_intl",
        "verified": false,
        "kind": "corridor",
        "name": "",
        "nameEn": "",
        "minWidth": 6,
        "accessible": true,
        "bidirectional": true,
        "speedFactor": 1
      }
    },
    {
      "type": "Feature",
      "id": "path-l3f-0334",
      "geometry": {
        "type": "LineString",
        "coordinates": [
          [
            22.2,
            -90.73
          ],
          [
            29.95,
            -87.64
          ]
        ]
      },
      "properties": {
        "level": "L3F",
        "zone": "airside_intl",
        "verified": false,
        "kind": "corridor",
        "name": "",
        "nameEn": "",
        "minWidth": 6,
        "accessible": true,
        "bidirectional": true,
        "speedFactor": 1
      }
    },
    {
      "type": "Feature",
      "id": "path-l3f-0335",
      "geometry": {
        "type": "LineString",
        "coordinates": [
          [
            54.17,
            -153.02
          ],
          [
            63.21,
            -152.13
          ]
        ]
      },
      "properties": {
        "level": "L3F",
        "zone": "airside_intl",
        "verified": false,
        "kind": "corridor",
        "name": "",
        "nameEn": "",
        "minWidth": 6,
        "accessible": true,
        "bidirectional": true,
        "speedFactor": 1
      }
    },
    {
      "type": "Feature",
      "id": "path-l3f-0336",
      "geometry": {
        "type": "LineString",
        "coordinates": [
          [
            69,
            -162.36
          ],
          [
            67.05,
            -166.39
          ]
        ]
      },
      "properties": {
        "level": "L3F",
        "zone": "airside_intl",
        "verified": false,
        "kind": "corridor",
        "name": "",
        "nameEn": "",
        "minWidth": 6,
        "accessible": true,
        "bidirectional": true,
        "speedFactor": 1
      }
    },
    {
      "type": "Feature",
      "id": "path-l3f-0337",
      "geometry": {
        "type": "LineString",
        "coordinates": [
          [
            63.17,
            -137.79
          ],
          [
            57.83,
            -135.39
          ]
        ]
      },
      "properties": {
        "level": "L3F",
        "zone": "airside_intl",
        "verified": false,
        "kind": "corridor",
        "name": "",
        "nameEn": "",
        "minWidth": 6,
        "accessible": true,
        "bidirectional": true,
        "speedFactor": 1
      }
    },
    {
      "type": "Feature",
      "id": "path-l3f-0338",
      "geometry": {
        "type": "LineString",
        "coordinates": [
          [
            65.58,
            -126.15
          ],
          [
            70.07,
            -131.21
          ]
        ]
      },
      "properties": {
        "level": "L3F",
        "zone": "airside_intl",
        "verified": false,
        "kind": "corridor",
        "name": "",
        "nameEn": "",
        "minWidth": 6,
        "accessible": true,
        "bidirectional": true,
        "speedFactor": 1
      }
    },
    {
      "type": "Feature",
      "id": "path-l3f-0339",
      "geometry": {
        "type": "LineString",
        "coordinates": [
          [
            78.28,
            -124.83
          ],
          [
            78.19,
            -117.88
          ]
        ]
      },
      "properties": {
        "level": "L3F",
        "zone": "airside_intl",
        "verified": false,
        "kind": "corridor",
        "name": "",
        "nameEn": "",
        "minWidth": 6,
        "accessible": true,
        "bidirectional": true,
        "speedFactor": 1
      }
    },
    {
      "type": "Feature",
      "id": "path-l3f-0340",
      "geometry": {
        "type": "LineString",
        "coordinates": [
          [
            87.36,
            -147.08
          ],
          [
            89.36,
            -150
          ]
        ]
      },
      "properties": {
        "level": "L3F",
        "zone": "airside_intl",
        "verified": false,
        "kind": "corridor",
        "name": "",
        "nameEn": "",
        "minWidth": 6,
        "accessible": true,
        "bidirectional": true,
        "speedFactor": 1
      }
    },
    {
      "type": "Feature",
      "id": "path-l3f-0341",
      "geometry": {
        "type": "LineString",
        "coordinates": [
          [
            106.19,
            -131.42
          ],
          [
            107.12,
            -135.63
          ]
        ]
      },
      "properties": {
        "level": "L3F",
        "zone": "airside_intl",
        "verified": false,
        "kind": "corridor",
        "name": "",
        "nameEn": "",
        "minWidth": 6,
        "accessible": true,
        "bidirectional": true,
        "speedFactor": 1
      }
    },
    {
      "type": "Feature",
      "id": "path-l3f-0342",
      "geometry": {
        "type": "LineString",
        "coordinates": [
          [
            102.02,
            -123.37
          ],
          [
            94.84,
            -126.74
          ]
        ]
      },
      "properties": {
        "level": "L3F",
        "zone": "airside_intl",
        "verified": false,
        "kind": "corridor",
        "name": "",
        "nameEn": "",
        "minWidth": 6,
        "accessible": true,
        "bidirectional": true,
        "speedFactor": 1
      }
    },
    {
      "type": "Feature",
      "id": "path-l3f-0343",
      "geometry": {
        "type": "LineString",
        "coordinates": [
          [
            104.99,
            -111.74
          ],
          [
            101.18,
            -105.65
          ]
        ]
      },
      "properties": {
        "level": "L3F",
        "zone": "airside_intl",
        "verified": false,
        "kind": "corridor",
        "name": "",
        "nameEn": "",
        "minWidth": 6,
        "accessible": true,
        "bidirectional": true,
        "speedFactor": 1
      }
    },
    {
      "type": "Feature",
      "id": "path-l3f-0344",
      "geometry": {
        "type": "LineString",
        "coordinates": [
          [
            101.66,
            -115.34
          ],
          [
            92.99,
            -112.52
          ]
        ]
      },
      "properties": {
        "level": "L3F",
        "zone": "airside_intl",
        "verified": false,
        "kind": "corridor",
        "name": "",
        "nameEn": "",
        "minWidth": 6,
        "accessible": true,
        "bidirectional": true,
        "speedFactor": 1
      }
    },
    {
      "type": "Feature",
      "id": "path-l3f-0345",
      "geometry": {
        "type": "LineString",
        "coordinates": [
          [
            120.48,
            -108.02
          ],
          [
            119.32,
            -101.52
          ]
        ]
      },
      "properties": {
        "level": "L3F",
        "zone": "airside_intl",
        "verified": false,
        "kind": "corridor",
        "name": "",
        "nameEn": "",
        "minWidth": 6,
        "accessible": true,
        "bidirectional": true,
        "speedFactor": 1
      }
    },
    {
      "type": "Feature",
      "id": "path-l3f-0346",
      "geometry": {
        "type": "LineString",
        "coordinates": [
          [
            133.87,
            -109.93
          ],
          [
            133.72,
            -109
          ]
        ]
      },
      "properties": {
        "level": "L3F",
        "zone": "airside_intl",
        "verified": false,
        "kind": "corridor",
        "name": "",
        "nameEn": "",
        "minWidth": 6,
        "accessible": true,
        "bidirectional": true,
        "speedFactor": 1
      }
    },
    {
      "type": "Feature",
      "id": "path-l3f-0347",
      "geometry": {
        "type": "LineString",
        "coordinates": [
          [
            159.55,
            -80.81
          ],
          [
            159.25,
            -86.01
          ]
        ]
      },
      "properties": {
        "level": "L3F",
        "zone": "airside_intl",
        "verified": false,
        "kind": "corridor",
        "name": "",
        "nameEn": "",
        "minWidth": 6,
        "accessible": true,
        "bidirectional": true,
        "speedFactor": 1
      }
    },
    {
      "type": "Feature",
      "id": "path-l3f-0348",
      "geometry": {
        "type": "LineString",
        "coordinates": [
          [
            177.68,
            -102.23
          ],
          [
            183.77,
            -104.17
          ]
        ]
      },
      "properties": {
        "level": "L3F",
        "zone": "airside_intl",
        "verified": false,
        "kind": "corridor",
        "name": "",
        "nameEn": "",
        "minWidth": 6,
        "accessible": true,
        "bidirectional": true,
        "speedFactor": 1
      }
    },
    {
      "type": "Feature",
      "id": "path-l3f-0349",
      "geometry": {
        "type": "LineString",
        "coordinates": [
          [
            175.9,
            -93.72
          ],
          [
            181.73,
            -90.32
          ]
        ]
      },
      "properties": {
        "level": "L3F",
        "zone": "airside_intl",
        "verified": false,
        "kind": "corridor",
        "name": "",
        "nameEn": "",
        "minWidth": 6,
        "accessible": true,
        "bidirectional": true,
        "speedFactor": 1
      }
    },
    {
      "type": "Feature",
      "id": "path-l3f-0350",
      "geometry": {
        "type": "LineString",
        "coordinates": [
          [
            172.13,
            -114.83
          ],
          [
            170.93,
            -105.12
          ],
          [
            174.08,
            -104.57
          ],
          [
            173.83,
            -103.08
          ]
        ]
      },
      "properties": {
        "level": "L3F",
        "zone": "airside_intl",
        "verified": false,
        "kind": "corridor",
        "name": "",
        "nameEn": "",
        "minWidth": 6,
        "accessible": true,
        "bidirectional": true,
        "speedFactor": 1
      }
    },
    {
      "type": "Feature",
      "id": "path-l3f-0351",
      "geometry": {
        "type": "LineString",
        "coordinates": [
          [
            169.63,
            -105.53
          ],
          [
            170.93,
            -105.12
          ]
        ]
      },
      "properties": {
        "level": "L3F",
        "zone": "airside_intl",
        "verified": false,
        "kind": "corridor",
        "name": "",
        "nameEn": "",
        "minWidth": 6,
        "accessible": true,
        "bidirectional": true,
        "speedFactor": 1
      }
    },
    {
      "type": "Feature",
      "id": "path-l3f-0352",
      "geometry": {
        "type": "LineString",
        "coordinates": [
          [
            171.27,
            -107.84
          ],
          [
            171.26,
            -107.82
          ]
        ]
      },
      "properties": {
        "level": "L3F",
        "zone": "airside_intl",
        "verified": false,
        "kind": "corridor",
        "name": "",
        "nameEn": "",
        "minWidth": 6,
        "accessible": true,
        "bidirectional": true,
        "speedFactor": 1
      }
    },
    {
      "type": "Feature",
      "id": "path-l3f-0353",
      "geometry": {
        "type": "LineString",
        "coordinates": [
          [
            174.19,
            -119.66
          ],
          [
            211.56,
            -126.36
          ],
          [
            270.14,
            -139.84
          ],
          [
            315.09,
            -154.58
          ],
          [
            373.53,
            -181.02
          ],
          [
            388.19,
            -188.42
          ],
          [
            398.41,
            -187.14
          ]
        ]
      },
      "properties": {
        "level": "L3F",
        "zone": "airside_intl",
        "verified": false,
        "kind": "corridor",
        "name": "",
        "nameEn": "",
        "minWidth": 6,
        "accessible": true,
        "bidirectional": true,
        "speedFactor": 1
      }
    },
    {
      "type": "Feature",
      "id": "path-l3f-0354",
      "geometry": {
        "type": "LineString",
        "coordinates": [
          [
            382.01,
            -176.12
          ],
          [
            393.4,
            -181.23
          ],
          [
            388.19,
            -188.42
          ]
        ]
      },
      "properties": {
        "level": "L3F",
        "zone": "airside_intl",
        "verified": false,
        "kind": "corridor",
        "name": "",
        "nameEn": "",
        "minWidth": 6,
        "accessible": true,
        "bidirectional": true,
        "speedFactor": 1
      }
    },
    {
      "type": "Feature",
      "id": "path-l3f-0355",
      "geometry": {
        "type": "LineString",
        "coordinates": [
          [
            392.04,
            -183.11
          ],
          [
            385.37,
            -179.48
          ]
        ]
      },
      "properties": {
        "level": "L3F",
        "zone": "airside_intl",
        "verified": false,
        "kind": "corridor",
        "name": "",
        "nameEn": "",
        "minWidth": 6,
        "accessible": true,
        "bidirectional": true,
        "speedFactor": 1
      }
    },
    {
      "type": "Feature",
      "id": "path-l3f-0356",
      "geometry": {
        "type": "LineString",
        "coordinates": [
          [
            386.68,
            -176.29
          ],
          [
            394.75,
            -179.46
          ],
          [
            393.4,
            -181.23
          ]
        ]
      },
      "properties": {
        "level": "L3F",
        "zone": "airside_intl",
        "verified": false,
        "kind": "corridor",
        "name": "",
        "nameEn": "",
        "minWidth": 6,
        "accessible": true,
        "bidirectional": true,
        "speedFactor": 1
      }
    },
    {
      "type": "Feature",
      "id": "path-l3f-0357",
      "geometry": {
        "type": "LineString",
        "coordinates": [
          [
            308.47,
            -152.41
          ],
          [
            311.43,
            -145.13
          ],
          [
            304.81,
            -142.58
          ]
        ]
      },
      "properties": {
        "level": "L3F",
        "zone": "airside_intl",
        "verified": false,
        "kind": "corridor",
        "name": "",
        "nameEn": "",
        "minWidth": 6,
        "accessible": true,
        "bidirectional": true,
        "speedFactor": 1
      }
    },
    {
      "type": "Feature",
      "id": "path-l3f-0358",
      "geometry": {
        "type": "LineString",
        "coordinates": [
          [
            311.43,
            -145.13
          ],
          [
            318.98,
            -148.71
          ]
        ]
      },
      "properties": {
        "level": "L3F",
        "zone": "airside_intl",
        "verified": false,
        "kind": "corridor",
        "name": "",
        "nameEn": "",
        "minWidth": 6,
        "accessible": true,
        "bidirectional": true,
        "speedFactor": 1
      }
    },
    {
      "type": "Feature",
      "id": "path-l3f-0359",
      "geometry": {
        "type": "LineString",
        "coordinates": [
          [
            216.98,
            -119.74
          ],
          [
            215.71,
            -127.31
          ]
        ]
      },
      "properties": {
        "level": "L3F",
        "zone": "airside_intl",
        "verified": false,
        "kind": "corridor",
        "name": "",
        "nameEn": "",
        "minWidth": 6,
        "accessible": true,
        "bidirectional": true,
        "speedFactor": 1
      }
    },
    {
      "type": "Feature",
      "id": "path-l3f-0360",
      "geometry": {
        "type": "LineString",
        "coordinates": [
          [
            212.81,
            -126.65
          ],
          [
            214.31,
            -119.38
          ],
          [
            221.54,
            -120.36
          ],
          [
            222.05,
            -118.04
          ],
          [
            215,
            -117.28
          ]
        ]
      },
      "properties": {
        "level": "L3F",
        "zone": "airside_intl",
        "verified": false,
        "kind": "corridor",
        "name": "",
        "nameEn": "",
        "minWidth": 6,
        "accessible": true,
        "bidirectional": true,
        "speedFactor": 1
      }
    },
    {
      "type": "Feature",
      "id": "path-l3f-0361",
      "geometry": {
        "type": "LineString",
        "coordinates": [
          [
            230.38,
            -109.97
          ],
          [
            226.98,
            -121.3
          ]
        ]
      },
      "properties": {
        "level": "L3F",
        "zone": "airside_intl",
        "verified": false,
        "kind": "corridor",
        "name": "",
        "nameEn": "",
        "minWidth": 6,
        "accessible": true,
        "bidirectional": true,
        "speedFactor": 1
      }
    },
    {
      "type": "Feature",
      "id": "path-l3f-0362",
      "geometry": {
        "type": "LineString",
        "coordinates": [
          [
            225.13,
            -107.91
          ],
          [
            218.94,
            -113.31
          ],
          [
            208.37,
            -111.05
          ]
        ]
      },
      "properties": {
        "level": "L3F",
        "zone": "airside_intl",
        "verified": false,
        "kind": "corridor",
        "name": "",
        "nameEn": "",
        "minWidth": 6,
        "accessible": true,
        "bidirectional": true,
        "speedFactor": 1
      }
    },
    {
      "type": "Feature",
      "id": "path-l3f-0363",
      "geometry": {
        "type": "LineString",
        "coordinates": [
          [
            212.54,
            -111.94
          ],
          [
            212.37,
            -111.9
          ]
        ]
      },
      "properties": {
        "level": "L3F",
        "zone": "airside_intl",
        "verified": false,
        "kind": "corridor",
        "name": "",
        "nameEn": "",
        "minWidth": 6,
        "accessible": true,
        "bidirectional": true,
        "speedFactor": 1
      }
    },
    {
      "type": "Feature",
      "id": "path-l3f-0364",
      "geometry": {
        "type": "LineString",
        "coordinates": [
          [
            209.74,
            -111.34
          ],
          [
            209.43,
            -113
          ]
        ]
      },
      "properties": {
        "level": "L3F",
        "zone": "airside_intl",
        "verified": false,
        "kind": "corridor",
        "name": "",
        "nameEn": "",
        "minWidth": 6,
        "accessible": true,
        "bidirectional": true,
        "speedFactor": 1
      }
    },
    {
      "type": "Feature",
      "id": "path-l3f-0365",
      "geometry": {
        "type": "LineString",
        "coordinates": [
          [
            253.36,
            -118.34
          ],
          [
            252.04,
            -122.83
          ]
        ]
      },
      "properties": {
        "level": "L3F",
        "zone": "airside_intl",
        "verified": false,
        "kind": "corridor",
        "name": "",
        "nameEn": "",
        "minWidth": 6,
        "accessible": true,
        "bidirectional": true,
        "speedFactor": 1
      }
    },
    {
      "type": "Feature",
      "id": "path-l3f-0366",
      "geometry": {
        "type": "LineString",
        "coordinates": [
          [
            286.69,
            -130.06
          ],
          [
            286.3,
            -129.91
          ]
        ]
      },
      "properties": {
        "level": "L3F",
        "zone": "airside_intl",
        "verified": false,
        "kind": "corridor",
        "name": "",
        "nameEn": "",
        "minWidth": 6,
        "accessible": true,
        "bidirectional": true,
        "speedFactor": 1
      }
    },
    {
      "type": "Feature",
      "id": "path-l3f-0367",
      "geometry": {
        "type": "LineString",
        "coordinates": [
          [
            336.84,
            -153.98
          ],
          [
            342.39,
            -157.38
          ]
        ]
      },
      "properties": {
        "level": "L3F",
        "zone": "airside_intl",
        "verified": false,
        "kind": "corridor",
        "name": "",
        "nameEn": "",
        "minWidth": 6,
        "accessible": true,
        "bidirectional": true,
        "speedFactor": 1
      }
    },
    {
      "type": "Feature",
      "id": "path-l3f-0368",
      "geometry": {
        "type": "LineString",
        "coordinates": [
          [
            353.57,
            -157.49
          ],
          [
            353.63,
            -157.52
          ]
        ]
      },
      "properties": {
        "level": "L3F",
        "zone": "airside_intl",
        "verified": false,
        "kind": "corridor",
        "name": "",
        "nameEn": "",
        "minWidth": 6,
        "accessible": true,
        "bidirectional": true,
        "speedFactor": 1
      }
    },
    {
      "type": "Feature",
      "id": "path-l3f-0369",
      "geometry": {
        "type": "LineString",
        "coordinates": [
          [
            360.13,
            -165.4
          ],
          [
            364.67,
            -167.52
          ]
        ]
      },
      "properties": {
        "level": "L3F",
        "zone": "airside_intl",
        "verified": false,
        "kind": "corridor",
        "name": "",
        "nameEn": "",
        "minWidth": 6,
        "accessible": true,
        "bidirectional": true,
        "speedFactor": 1
      }
    },
    {
      "type": "Feature",
      "id": "path-l3f-0370",
      "geometry": {
        "type": "LineString",
        "coordinates": [
          [
            227.62,
            -119.16
          ],
          [
            237.11,
            -121.3
          ]
        ]
      },
      "properties": {
        "level": "L3F",
        "zone": "airside_intl",
        "verified": false,
        "kind": "corridor",
        "name": "",
        "nameEn": "",
        "minWidth": 6,
        "accessible": true,
        "bidirectional": true,
        "speedFactor": 1
      }
    },
    {
      "type": "Feature",
      "id": "path-l3f-0371",
      "geometry": {
        "type": "LineString",
        "coordinates": [
          [
            260.26,
            -128.75
          ],
          [
            273.64,
            -132.36
          ]
        ]
      },
      "properties": {
        "level": "L3F",
        "zone": "airside_intl",
        "verified": false,
        "kind": "corridor",
        "name": "",
        "nameEn": "",
        "minWidth": 6,
        "accessible": true,
        "bidirectional": true,
        "speedFactor": 1
      }
    },
    {
      "type": "Feature",
      "id": "path-l3f-0372",
      "geometry": {
        "type": "LineString",
        "coordinates": [
          [
            -219.22,
            -182.3
          ],
          [
            -215.19,
            -179.01
          ]
        ]
      },
      "properties": {
        "level": "L3F",
        "zone": "airside_intl",
        "verified": false,
        "kind": "corridor",
        "name": "",
        "nameEn": "",
        "minWidth": 6,
        "accessible": true,
        "bidirectional": true,
        "speedFactor": 1
      }
    },
    {
      "type": "Feature",
      "id": "path-l3f-0373",
      "geometry": {
        "type": "LineString",
        "coordinates": [
          [
            -312.57,
            -249.13
          ],
          [
            -300.93,
            -240.55
          ]
        ]
      },
      "properties": {
        "level": "L3F",
        "zone": "airside_intl",
        "verified": false,
        "kind": "corridor",
        "name": "",
        "nameEn": "",
        "minWidth": 6,
        "accessible": true,
        "bidirectional": true,
        "speedFactor": 1
      }
    },
    {
      "type": "Feature",
      "id": "path-l3f-0374",
      "geometry": {
        "type": "LineString",
        "coordinates": [
          [
            -280.73,
            -225.74
          ],
          [
            -273.31,
            -219.06
          ]
        ]
      },
      "properties": {
        "level": "L3F",
        "zone": "airside_intl",
        "verified": false,
        "kind": "corridor",
        "name": "",
        "nameEn": "",
        "minWidth": 6,
        "accessible": true,
        "bidirectional": true,
        "speedFactor": 1
      }
    },
    {
      "type": "Feature",
      "id": "path-l3f-0375",
      "geometry": {
        "type": "LineString",
        "coordinates": [
          [
            45.98,
            -44.9
          ],
          [
            52.86,
            -43.91
          ],
          [
            52.44,
            -41.26
          ],
          [
            53.72,
            -40.98
          ]
        ]
      },
      "properties": {
        "level": "L3F",
        "zone": "airside_intl",
        "verified": false,
        "kind": "corridor",
        "name": "",
        "nameEn": "",
        "minWidth": 6,
        "accessible": true,
        "bidirectional": true,
        "speedFactor": 1
      }
    },
    {
      "type": "Feature",
      "id": "path-l3f-0376",
      "geometry": {
        "type": "LineString",
        "coordinates": [
          [
            52.86,
            -43.91
          ],
          [
            53.41,
            -46.55
          ],
          [
            54.36,
            -46.16
          ]
        ]
      },
      "properties": {
        "level": "L3F",
        "zone": "airside_intl",
        "verified": false,
        "kind": "corridor",
        "name": "",
        "nameEn": "",
        "minWidth": 6,
        "accessible": true,
        "bidirectional": true,
        "speedFactor": 1
      }
    },
    {
      "type": "Feature",
      "id": "path-l3f-0377",
      "geometry": {
        "type": "LineString",
        "coordinates": [
          [
            49.82,
            -44.35
          ],
          [
            49.24,
            -44.43
          ]
        ]
      },
      "properties": {
        "level": "L3F",
        "zone": "airside_intl",
        "verified": false,
        "kind": "corridor",
        "name": "",
        "nameEn": "",
        "minWidth": 6,
        "accessible": true,
        "bidirectional": true,
        "speedFactor": 1
      }
    },
    {
      "type": "Feature",
      "id": "path-l3f-0378",
      "geometry": {
        "type": "LineString",
        "coordinates": [
          [
            35.64,
            -66.52
          ],
          [
            33.02,
            -66.77
          ]
        ]
      },
      "properties": {
        "level": "L3F",
        "zone": "airside_intl",
        "verified": false,
        "kind": "corridor",
        "name": "",
        "nameEn": "",
        "minWidth": 6,
        "accessible": true,
        "bidirectional": true,
        "speedFactor": 1
      }
    },
    {
      "type": "Feature",
      "id": "path-l3f-0379",
      "geometry": {
        "type": "LineString",
        "coordinates": [
          [
            -20.32,
            -73.72
          ],
          [
            -16.32,
            -72.97
          ]
        ]
      },
      "properties": {
        "level": "L3F",
        "zone": "airside_intl",
        "verified": false,
        "kind": "corridor",
        "name": "",
        "nameEn": "",
        "minWidth": 6,
        "accessible": true,
        "bidirectional": true,
        "speedFactor": 1
      }
    },
    {
      "type": "Feature",
      "id": "path-l3f-0380",
      "geometry": {
        "type": "LineString",
        "coordinates": [
          [
            -34.89,
            -73.41
          ],
          [
            -32.14,
            -74.65
          ]
        ]
      },
      "properties": {
        "level": "L3F",
        "zone": "airside_intl",
        "verified": false,
        "kind": "corridor",
        "name": "",
        "nameEn": "",
        "minWidth": 6,
        "accessible": true,
        "bidirectional": true,
        "speedFactor": 1
      }
    },
    {
      "type": "Feature",
      "id": "path-l3f-0381",
      "geometry": {
        "type": "LineString",
        "coordinates": [
          [
            50.51,
            -64.53
          ],
          [
            50.87,
            -65.04
          ]
        ]
      },
      "properties": {
        "level": "L3F",
        "zone": "airside_intl",
        "verified": false,
        "kind": "corridor",
        "name": "",
        "nameEn": "",
        "minWidth": 6,
        "accessible": true,
        "bidirectional": true,
        "speedFactor": 1
      }
    },
    {
      "type": "Feature",
      "id": "path-l3f-0382",
      "geometry": {
        "type": "LineString",
        "coordinates": [
          [
            43.66,
            -72.9
          ],
          [
            45.11,
            -79.65
          ]
        ]
      },
      "properties": {
        "level": "L3F",
        "zone": "airside_intl",
        "verified": false,
        "kind": "corridor",
        "name": "",
        "nameEn": "",
        "minWidth": 6,
        "accessible": true,
        "bidirectional": true,
        "speedFactor": 1
      }
    },
    {
      "type": "Feature",
      "id": "path-l3f-0383",
      "geometry": {
        "type": "LineString",
        "coordinates": [
          [
            -25.16,
            -88.67
          ],
          [
            -26.08,
            -80.77
          ]
        ]
      },
      "properties": {
        "level": "L3F",
        "zone": "airside_intl",
        "verified": false,
        "kind": "corridor",
        "name": "",
        "nameEn": "",
        "minWidth": 6,
        "accessible": true,
        "bidirectional": true,
        "speedFactor": 1
      }
    },
    {
      "type": "Feature",
      "id": "path-l3f-0384",
      "geometry": {
        "type": "LineString",
        "coordinates": [
          [
            9.75,
            -247.23
          ],
          [
            10.47,
            -249
          ]
        ]
      },
      "properties": {
        "level": "L3F",
        "zone": "airside_intl",
        "verified": false,
        "kind": "corridor",
        "name": "",
        "nameEn": "",
        "minWidth": 6,
        "accessible": true,
        "bidirectional": true,
        "speedFactor": 1
      }
    },
    {
      "type": "Feature",
      "id": "path-l3f-0385",
      "geometry": {
        "type": "LineString",
        "coordinates": [
          [
            20.06,
            -258.01
          ],
          [
            26.03,
            -256.35
          ]
        ]
      },
      "properties": {
        "level": "L3F",
        "zone": "airside_intl",
        "verified": false,
        "kind": "corridor",
        "name": "",
        "nameEn": "",
        "minWidth": 6,
        "accessible": true,
        "bidirectional": true,
        "speedFactor": 1
      }
    },
    {
      "type": "Feature",
      "id": "path-l3f-0386",
      "geometry": {
        "type": "LineString",
        "coordinates": [
          [
            5.95,
            -263.86
          ],
          [
            5.96,
            -263.91
          ]
        ]
      },
      "properties": {
        "level": "L3F",
        "zone": "airside_intl",
        "verified": false,
        "kind": "corridor",
        "name": "",
        "nameEn": "",
        "minWidth": 6,
        "accessible": true,
        "bidirectional": true,
        "speedFactor": 1
      }
    },
    {
      "type": "Feature",
      "id": "path-l3f-0387",
      "geometry": {
        "type": "LineString",
        "coordinates": [
          [
            17.95,
            -277.14
          ],
          [
            18.82,
            -279.94
          ],
          [
            18.96,
            -283.06
          ]
        ]
      },
      "properties": {
        "level": "L3F",
        "zone": "airside_intl",
        "verified": false,
        "kind": "corridor",
        "name": "",
        "nameEn": "",
        "minWidth": 6,
        "accessible": true,
        "bidirectional": true,
        "speedFactor": 1
      }
    },
    {
      "type": "Feature",
      "id": "path-l3f-0388",
      "geometry": {
        "type": "LineString",
        "coordinates": [
          [
            13.5,
            -293.98
          ],
          [
            17.53,
            -292.25
          ]
        ]
      },
      "properties": {
        "level": "L3F",
        "zone": "airside_intl",
        "verified": false,
        "kind": "corridor",
        "name": "",
        "nameEn": "",
        "minWidth": 6,
        "accessible": true,
        "bidirectional": true,
        "speedFactor": 1
      }
    },
    {
      "type": "Feature",
      "id": "path-l3f-0389",
      "geometry": {
        "type": "LineString",
        "coordinates": [
          [
            13.57,
            -294.27
          ],
          [
            13.5,
            -293.98
          ]
        ]
      },
      "properties": {
        "level": "L3F",
        "zone": "airside_intl",
        "verified": false,
        "kind": "corridor",
        "name": "",
        "nameEn": "",
        "minWidth": 6,
        "accessible": true,
        "bidirectional": true,
        "speedFactor": 1
      }
    },
    {
      "type": "Feature",
      "id": "path-l3f-0390",
      "geometry": {
        "type": "LineString",
        "coordinates": [
          [
            26.74,
            -290.45
          ],
          [
            29.67,
            -289.02
          ]
        ]
      },
      "properties": {
        "level": "L3F",
        "zone": "airside_intl",
        "verified": false,
        "kind": "corridor",
        "name": "",
        "nameEn": "",
        "minWidth": 6,
        "accessible": true,
        "bidirectional": true,
        "speedFactor": 1
      }
    },
    {
      "type": "Feature",
      "id": "path-l3f-0391",
      "geometry": {
        "type": "LineString",
        "coordinates": [
          [
            40.75,
            -303.61
          ],
          [
            45.21,
            -303.15
          ]
        ]
      },
      "properties": {
        "level": "L3F",
        "zone": "airside_intl",
        "verified": false,
        "kind": "corridor",
        "name": "",
        "nameEn": "",
        "minWidth": 6,
        "accessible": true,
        "bidirectional": true,
        "speedFactor": 1
      }
    },
    {
      "type": "Feature",
      "id": "path-l3f-0392",
      "geometry": {
        "type": "LineString",
        "coordinates": [
          [
            49.02,
            -287.11
          ],
          [
            48.74,
            -284.11
          ]
        ]
      },
      "properties": {
        "level": "L3F",
        "zone": "airside_intl",
        "verified": false,
        "kind": "corridor",
        "name": "",
        "nameEn": "",
        "minWidth": 6,
        "accessible": true,
        "bidirectional": true,
        "speedFactor": 1
      }
    },
    {
      "type": "Feature",
      "id": "path-l3f-0393",
      "geometry": {
        "type": "LineString",
        "coordinates": [
          [
            56.19,
            -300.08
          ],
          [
            56.18,
            -299.89
          ]
        ]
      },
      "properties": {
        "level": "L3F",
        "zone": "airside_intl",
        "verified": false,
        "kind": "corridor",
        "name": "",
        "nameEn": "",
        "minWidth": 6,
        "accessible": true,
        "bidirectional": true,
        "speedFactor": 1
      }
    },
    {
      "type": "Feature",
      "id": "path-l3f-0394",
      "geometry": {
        "type": "LineString",
        "coordinates": [
          [
            50.24,
            -320.61
          ],
          [
            49.74,
            -320.67
          ]
        ]
      },
      "properties": {
        "level": "L3F",
        "zone": "airside_intl",
        "verified": false,
        "kind": "corridor",
        "name": "",
        "nameEn": "",
        "minWidth": 6,
        "accessible": true,
        "bidirectional": true,
        "speedFactor": 1
      }
    },
    {
      "type": "Feature",
      "id": "path-l3f-0395",
      "geometry": {
        "type": "LineString",
        "coordinates": [
          [
            36.68,
            -266.58
          ],
          [
            48.39,
            -264.82
          ],
          [
            48.42,
            -266.27
          ]
        ]
      },
      "properties": {
        "level": "L3F",
        "zone": "airside_intl",
        "verified": false,
        "kind": "corridor",
        "name": "",
        "nameEn": "",
        "minWidth": 6,
        "accessible": true,
        "bidirectional": true,
        "speedFactor": 1
      }
    },
    {
      "type": "Feature",
      "id": "path-l3f-0396",
      "geometry": {
        "type": "LineString",
        "coordinates": [
          [
            45.6,
            -263.58
          ],
          [
            45.7,
            -266.61
          ]
        ]
      },
      "properties": {
        "level": "L3F",
        "zone": "airside_intl",
        "verified": false,
        "kind": "corridor",
        "name": "",
        "nameEn": "",
        "minWidth": 6,
        "accessible": true,
        "bidirectional": true,
        "speedFactor": 1
      }
    },
    {
      "type": "Feature",
      "id": "path-l3f-0397",
      "geometry": {
        "type": "LineString",
        "coordinates": [
          [
            37.25,
            -272.92
          ],
          [
            41.03,
            -272.16
          ]
        ]
      },
      "properties": {
        "level": "L3F",
        "zone": "airside_intl",
        "verified": false,
        "kind": "corridor",
        "name": "",
        "nameEn": "",
        "minWidth": 6,
        "accessible": true,
        "bidirectional": true,
        "speedFactor": 1
      }
    },
    {
      "type": "Feature",
      "id": "path-l3f-0398",
      "geometry": {
        "type": "LineString",
        "coordinates": [
          [
            35.82,
            -257.53
          ],
          [
            39.32,
            -257.12
          ]
        ]
      },
      "properties": {
        "level": "L3F",
        "zone": "airside_intl",
        "verified": false,
        "kind": "corridor",
        "name": "",
        "nameEn": "",
        "minWidth": 6,
        "accessible": true,
        "bidirectional": true,
        "speedFactor": 1
      }
    },
    {
      "type": "Feature",
      "id": "path-l3f-0399",
      "geometry": {
        "type": "LineString",
        "coordinates": [
          [
            45.16,
            -234.96
          ],
          [
            45.54,
            -241.1
          ]
        ]
      },
      "properties": {
        "level": "L3F",
        "zone": "airside_intl",
        "verified": false,
        "kind": "corridor",
        "name": "",
        "nameEn": "",
        "minWidth": 6,
        "accessible": true,
        "bidirectional": true,
        "speedFactor": 1
      }
    },
    {
      "type": "Feature",
      "id": "path-l3f-0400",
      "geometry": {
        "type": "LineString",
        "coordinates": [
          [
            53.94,
            -245.56
          ],
          [
            56.76,
            -244.84
          ]
        ]
      },
      "properties": {
        "level": "L3F",
        "zone": "airside_intl",
        "verified": false,
        "kind": "corridor",
        "name": "",
        "nameEn": "",
        "minWidth": 6,
        "accessible": true,
        "bidirectional": true,
        "speedFactor": 1
      }
    },
    {
      "type": "Feature",
      "id": "path-l3f-0401",
      "geometry": {
        "type": "LineString",
        "coordinates": [
          [
            28.54,
            -366.4
          ],
          [
            29.71,
            -365.8
          ]
        ]
      },
      "properties": {
        "level": "L3F",
        "zone": "airside_intl",
        "verified": false,
        "kind": "corridor",
        "name": "",
        "nameEn": "",
        "minWidth": 6,
        "accessible": true,
        "bidirectional": true,
        "speedFactor": 1
      }
    },
    {
      "type": "Feature",
      "id": "path-l3f-0402",
      "geometry": {
        "type": "LineString",
        "coordinates": [
          [
            30.42,
            -350.58
          ],
          [
            31.27,
            -357.63
          ]
        ]
      },
      "properties": {
        "level": "L3F",
        "zone": "airside_intl",
        "verified": false,
        "kind": "corridor",
        "name": "",
        "nameEn": "",
        "minWidth": 6,
        "accessible": true,
        "bidirectional": true,
        "speedFactor": 1
      }
    },
    {
      "type": "Feature",
      "id": "path-l3f-0403",
      "geometry": {
        "type": "LineString",
        "coordinates": [
          [
            38.54,
            -365.61
          ],
          [
            38.51,
            -365.38
          ]
        ]
      },
      "properties": {
        "level": "L3F",
        "zone": "airside_intl",
        "verified": false,
        "kind": "corridor",
        "name": "",
        "nameEn": "",
        "minWidth": 6,
        "accessible": true,
        "bidirectional": true,
        "speedFactor": 1
      }
    },
    {
      "type": "Feature",
      "id": "path-l3f-0404",
      "geometry": {
        "type": "LineString",
        "coordinates": [
          [
            33.57,
            -372.95
          ],
          [
            34.53,
            -379.02
          ]
        ]
      },
      "properties": {
        "level": "L3F",
        "zone": "airside_intl",
        "verified": false,
        "kind": "corridor",
        "name": "",
        "nameEn": "",
        "minWidth": 6,
        "accessible": true,
        "bidirectional": true,
        "speedFactor": 1
      }
    },
    {
      "type": "Feature",
      "id": "path-l3f-0405",
      "geometry": {
        "type": "LineString",
        "coordinates": [
          [
            56.15,
            -371.9
          ],
          [
            56.42,
            -376.15
          ]
        ]
      },
      "properties": {
        "level": "L3F",
        "zone": "airside_intl",
        "verified": false,
        "kind": "corridor",
        "name": "",
        "nameEn": "",
        "minWidth": 6,
        "accessible": true,
        "bidirectional": true,
        "speedFactor": 1
      }
    },
    {
      "type": "Feature",
      "id": "path-l3f-0406",
      "geometry": {
        "type": "LineString",
        "coordinates": [
          [
            51.26,
            -385.14
          ],
          [
            54.6,
            -385
          ]
        ]
      },
      "properties": {
        "level": "L3F",
        "zone": "airside_intl",
        "verified": false,
        "kind": "corridor",
        "name": "",
        "nameEn": "",
        "minWidth": 6,
        "accessible": true,
        "bidirectional": true,
        "speedFactor": 1
      }
    },
    {
      "type": "Feature",
      "id": "path-l3f-0407",
      "geometry": {
        "type": "LineString",
        "coordinates": [
          [
            52.49,
            -395.23
          ],
          [
            55.73,
            -395.33
          ]
        ]
      },
      "properties": {
        "level": "L3F",
        "zone": "airside_intl",
        "verified": false,
        "kind": "corridor",
        "name": "",
        "nameEn": "",
        "minWidth": 6,
        "accessible": true,
        "bidirectional": true,
        "speedFactor": 1
      }
    },
    {
      "type": "Feature",
      "id": "path-l3f-0408",
      "geometry": {
        "type": "LineString",
        "coordinates": [
          [
            62.1,
            -394.43
          ],
          [
            63.53,
            -394.18
          ]
        ]
      },
      "properties": {
        "level": "L3F",
        "zone": "airside_intl",
        "verified": false,
        "kind": "corridor",
        "name": "",
        "nameEn": "",
        "minWidth": 6,
        "accessible": true,
        "bidirectional": true,
        "speedFactor": 1
      }
    },
    {
      "type": "Feature",
      "id": "path-l3f-0409",
      "geometry": {
        "type": "LineString",
        "coordinates": [
          [
            60.54,
            -383.37
          ],
          [
            61.56,
            -382.53
          ]
        ]
      },
      "properties": {
        "level": "L3F",
        "zone": "airside_intl",
        "verified": false,
        "kind": "corridor",
        "name": "",
        "nameEn": "",
        "minWidth": 6,
        "accessible": true,
        "bidirectional": true,
        "speedFactor": 1
      }
    },
    {
      "type": "Feature",
      "id": "path-l3f-0410",
      "geometry": {
        "type": "LineString",
        "coordinates": [
          [
            60.66,
            -407.8
          ],
          [
            60.82,
            -408.83
          ]
        ]
      },
      "properties": {
        "level": "L3F",
        "zone": "airside_intl",
        "verified": false,
        "kind": "corridor",
        "name": "",
        "nameEn": "",
        "minWidth": 6,
        "accessible": true,
        "bidirectional": true,
        "speedFactor": 1
      }
    },
    {
      "type": "Feature",
      "id": "path-l3f-0411",
      "geometry": {
        "type": "LineString",
        "coordinates": [
          [
            35.51,
            -402.47
          ],
          [
            35.25,
            -400.89
          ]
        ]
      },
      "properties": {
        "level": "L3F",
        "zone": "airside_intl",
        "verified": false,
        "kind": "corridor",
        "name": "",
        "nameEn": "",
        "minWidth": 6,
        "accessible": true,
        "bidirectional": true,
        "speedFactor": 1
      }
    },
    {
      "type": "Feature",
      "id": "path-l3f-0412",
      "geometry": {
        "type": "LineString",
        "coordinates": [
          [
            35.51,
            -402.47
          ],
          [
            35.52,
            -403.95
          ]
        ]
      },
      "properties": {
        "level": "L3F",
        "zone": "airside_intl",
        "verified": false,
        "kind": "corridor",
        "name": "",
        "nameEn": "",
        "minWidth": 6,
        "accessible": true,
        "bidirectional": true,
        "speedFactor": 1
      }
    },
    {
      "type": "Feature",
      "id": "path-l3f-0413",
      "geometry": {
        "type": "LineString",
        "coordinates": [
          [
            38.14,
            -402.12
          ],
          [
            38.09,
            -402.12
          ]
        ]
      },
      "properties": {
        "level": "L3F",
        "zone": "airside_intl",
        "verified": false,
        "kind": "corridor",
        "name": "",
        "nameEn": "",
        "minWidth": 6,
        "accessible": true,
        "bidirectional": true,
        "speedFactor": 1
      }
    },
    {
      "type": "Feature",
      "id": "path-l3f-0414",
      "geometry": {
        "type": "LineString",
        "coordinates": [
          [
            37.58,
            -435.57
          ],
          [
            37.65,
            -437.29
          ]
        ]
      },
      "properties": {
        "level": "L3F",
        "zone": "airside_intl",
        "verified": false,
        "kind": "corridor",
        "name": "",
        "nameEn": "",
        "minWidth": 6,
        "accessible": true,
        "bidirectional": true,
        "speedFactor": 1
      }
    },
    {
      "type": "Feature",
      "id": "path-l3f-0415",
      "geometry": {
        "type": "LineString",
        "coordinates": [
          [
            33.8,
            -446.28
          ],
          [
            33.8,
            -446.3
          ]
        ]
      },
      "properties": {
        "level": "L3F",
        "zone": "airside_intl",
        "verified": false,
        "kind": "corridor",
        "name": "",
        "nameEn": "",
        "minWidth": 6,
        "accessible": true,
        "bidirectional": true,
        "speedFactor": 1
      }
    },
    {
      "type": "Feature",
      "id": "path-l3f-0416",
      "geometry": {
        "type": "LineString",
        "coordinates": [
          [
            43.64,
            -445.98
          ],
          [
            47.02,
            -445.74
          ]
        ]
      },
      "properties": {
        "level": "L3F",
        "zone": "airside_intl",
        "verified": false,
        "kind": "corridor",
        "name": "",
        "nameEn": "",
        "minWidth": 6,
        "accessible": true,
        "bidirectional": true,
        "speedFactor": 1
      }
    },
    {
      "type": "Feature",
      "id": "path-l3f-0417",
      "geometry": {
        "type": "LineString",
        "coordinates": [
          [
            37.65,
            -437.29
          ],
          [
            37.97,
            -438.5
          ]
        ]
      },
      "properties": {
        "level": "L3F",
        "zone": "airside_intl",
        "verified": false,
        "kind": "corridor",
        "name": "",
        "nameEn": "",
        "minWidth": 6,
        "accessible": true,
        "bidirectional": true,
        "speedFactor": 1
      }
    },
    {
      "type": "Feature",
      "id": "path-l3f-0418",
      "geometry": {
        "type": "LineString",
        "coordinates": [
          [
            39.5,
            -451.99
          ],
          [
            40.08,
            -464.98
          ]
        ]
      },
      "properties": {
        "level": "L3F",
        "zone": "airside_intl",
        "verified": false,
        "kind": "corridor",
        "name": "",
        "nameEn": "",
        "minWidth": 6,
        "accessible": true,
        "bidirectional": true,
        "speedFactor": 1
      }
    },
    {
      "type": "Feature",
      "id": "path-l3f-0419",
      "geometry": {
        "type": "LineString",
        "coordinates": [
          [
            66.69,
            -441.36
          ],
          [
            70.2,
            -458.72
          ]
        ]
      },
      "properties": {
        "level": "L3F",
        "zone": "airside_intl",
        "verified": false,
        "kind": "corridor",
        "name": "",
        "nameEn": "",
        "minWidth": 6,
        "accessible": true,
        "bidirectional": true,
        "speedFactor": 1
      }
    },
    {
      "type": "Feature",
      "id": "path-l3f-0420",
      "geometry": {
        "type": "LineString",
        "coordinates": [
          [
            56.63,
            -429.11
          ],
          [
            60.48,
            -427.99
          ]
        ]
      },
      "properties": {
        "level": "L3F",
        "zone": "airside_intl",
        "verified": false,
        "kind": "corridor",
        "name": "",
        "nameEn": "",
        "minWidth": 6,
        "accessible": true,
        "bidirectional": true,
        "speedFactor": 1
      }
    },
    {
      "type": "Feature",
      "id": "path-l3f-0421",
      "geometry": {
        "type": "LineString",
        "coordinates": [
          [
            60.76,
            -446.31
          ],
          [
            63.27,
            -442.08
          ]
        ]
      },
      "properties": {
        "level": "L3F",
        "zone": "airside_intl",
        "verified": false,
        "kind": "corridor",
        "name": "",
        "nameEn": "",
        "minWidth": 6,
        "accessible": true,
        "bidirectional": true,
        "speedFactor": 1
      }
    },
    {
      "type": "Feature",
      "id": "path-l3f-0422",
      "geometry": {
        "type": "LineString",
        "coordinates": [
          [
            43.92,
            -451.63
          ],
          [
            47.51,
            -454.93
          ]
        ]
      },
      "properties": {
        "level": "L3F",
        "zone": "airside_intl",
        "verified": false,
        "kind": "corridor",
        "name": "",
        "nameEn": "",
        "minWidth": 6,
        "accessible": true,
        "bidirectional": true,
        "speedFactor": 1
      }
    },
    {
      "type": "Feature",
      "id": "path-l3f-0423",
      "geometry": {
        "type": "LineString",
        "coordinates": [
          [
            69.01,
            -424.53
          ],
          [
            68.98,
            -424.4
          ]
        ]
      },
      "properties": {
        "level": "L3F",
        "zone": "airside_intl",
        "verified": false,
        "kind": "corridor",
        "name": "",
        "nameEn": "",
        "minWidth": 6,
        "accessible": true,
        "bidirectional": true,
        "speedFactor": 1
      }
    },
    {
      "type": "Feature",
      "id": "path-l3f-0424",
      "geometry": {
        "type": "LineString",
        "coordinates": [
          [
            71.27,
            -440.39
          ],
          [
            72.12,
            -443.06
          ]
        ]
      },
      "properties": {
        "level": "L3F",
        "zone": "airside_intl",
        "verified": false,
        "kind": "corridor",
        "name": "",
        "nameEn": "",
        "minWidth": 6,
        "accessible": true,
        "bidirectional": true,
        "speedFactor": 1
      }
    },
    {
      "type": "Feature",
      "id": "path-l3f-0425",
      "geometry": {
        "type": "LineString",
        "coordinates": [
          [
            60.82,
            -408.83
          ],
          [
            60.99,
            -409.89
          ]
        ]
      },
      "properties": {
        "level": "L3F",
        "zone": "airside_intl",
        "verified": false,
        "kind": "corridor",
        "name": "",
        "nameEn": "",
        "minWidth": 6,
        "accessible": true,
        "bidirectional": true,
        "speedFactor": 1
      }
    },
    {
      "type": "Feature",
      "id": "path-l3f-0426",
      "geometry": {
        "type": "LineString",
        "coordinates": [
          [
            65.34,
            -465.36
          ],
          [
            70.7,
            -469.12
          ]
        ]
      },
      "properties": {
        "level": "L3F",
        "zone": "airside_intl",
        "verified": false,
        "kind": "corridor",
        "name": "",
        "nameEn": "",
        "minWidth": 6,
        "accessible": true,
        "bidirectional": true,
        "speedFactor": 1
      }
    },
    {
      "type": "Feature",
      "id": "path-l3f-0427",
      "geometry": {
        "type": "LineString",
        "coordinates": [
          [
            71.19,
            -488.49
          ],
          [
            75.53,
            -485.72
          ]
        ]
      },
      "properties": {
        "level": "L3F",
        "zone": "airside_intl",
        "verified": false,
        "kind": "corridor",
        "name": "",
        "nameEn": "",
        "minWidth": 6,
        "accessible": true,
        "bidirectional": true,
        "speedFactor": 1
      }
    },
    {
      "type": "Feature",
      "id": "path-l3f-0428",
      "geometry": {
        "type": "LineString",
        "coordinates": [
          [
            79.92,
            -477.46
          ],
          [
            81.66,
            -476.97
          ]
        ]
      },
      "properties": {
        "level": "L3F",
        "zone": "airside_intl",
        "verified": false,
        "kind": "corridor",
        "name": "",
        "nameEn": "",
        "minWidth": 6,
        "accessible": true,
        "bidirectional": true,
        "speedFactor": 1
      }
    },
    {
      "type": "Feature",
      "id": "path-l3f-0429",
      "geometry": {
        "type": "LineString",
        "coordinates": [
          [
            82.64,
            -486.78
          ],
          [
            85.09,
            -488.55
          ]
        ]
      },
      "properties": {
        "level": "L3F",
        "zone": "airside_intl",
        "verified": false,
        "kind": "corridor",
        "name": "",
        "nameEn": "",
        "minWidth": 6,
        "accessible": true,
        "bidirectional": true,
        "speedFactor": 1
      }
    },
    {
      "type": "Feature",
      "id": "path-l3f-0430",
      "geometry": {
        "type": "LineString",
        "coordinates": [
          [
            78.83,
            -487.97
          ],
          [
            80.16,
            -492.75
          ]
        ]
      },
      "properties": {
        "level": "L3F",
        "zone": "airside_intl",
        "verified": false,
        "kind": "corridor",
        "name": "",
        "nameEn": "",
        "minWidth": 6,
        "accessible": true,
        "bidirectional": true,
        "speedFactor": 1
      }
    },
    {
      "type": "Feature",
      "id": "path-l3f-0431",
      "geometry": {
        "type": "LineString",
        "coordinates": [
          [
            72.34,
            -492.87
          ],
          [
            85.09,
            -488.55
          ]
        ]
      },
      "properties": {
        "level": "L3F",
        "zone": "airside_intl",
        "verified": false,
        "kind": "corridor",
        "name": "",
        "nameEn": "",
        "minWidth": 6,
        "accessible": true,
        "bidirectional": true,
        "speedFactor": 1
      }
    },
    {
      "type": "Feature",
      "id": "path-l3f-0432",
      "geometry": {
        "type": "LineString",
        "coordinates": [
          [
            74.15,
            -499.76
          ],
          [
            79.02,
            -498.5
          ]
        ]
      },
      "properties": {
        "level": "L3F",
        "zone": "airside_intl",
        "verified": false,
        "kind": "corridor",
        "name": "",
        "nameEn": "",
        "minWidth": 6,
        "accessible": true,
        "bidirectional": true,
        "speedFactor": 1
      }
    },
    {
      "type": "Feature",
      "id": "path-l3f-0433",
      "geometry": {
        "type": "LineString",
        "coordinates": [
          [
            78.29,
            -515.54
          ],
          [
            88.58,
            -512
          ],
          [
            87.78,
            -509.36
          ]
        ]
      },
      "properties": {
        "level": "L3F",
        "zone": "airside_intl",
        "verified": false,
        "kind": "corridor",
        "name": "",
        "nameEn": "",
        "minWidth": 6,
        "accessible": true,
        "bidirectional": true,
        "speedFactor": 1
      }
    },
    {
      "type": "Feature",
      "id": "path-l3f-0434",
      "geometry": {
        "type": "LineString",
        "coordinates": [
          [
            85.64,
            -513.01
          ],
          [
            85.44,
            -513.08
          ]
        ]
      },
      "properties": {
        "level": "L3F",
        "zone": "airside_intl",
        "verified": false,
        "kind": "corridor",
        "name": "",
        "nameEn": "",
        "minWidth": 6,
        "accessible": true,
        "bidirectional": true,
        "speedFactor": 1
      }
    },
    {
      "type": "Feature",
      "id": "path-l3f-0435",
      "geometry": {
        "type": "LineString",
        "coordinates": [
          [
            87.21,
            -512.47
          ],
          [
            87.61,
            -514.11
          ]
        ]
      },
      "properties": {
        "level": "L3F",
        "zone": "airside_intl",
        "verified": false,
        "kind": "corridor",
        "name": "",
        "nameEn": "",
        "minWidth": 6,
        "accessible": true,
        "bidirectional": true,
        "speedFactor": 1
      }
    },
    {
      "type": "Feature",
      "id": "path-l3f-0436",
      "geometry": {
        "type": "LineString",
        "coordinates": [
          [
            85.07,
            -495.96
          ],
          [
            87.34,
            -495.19
          ]
        ]
      },
      "properties": {
        "level": "L3F",
        "zone": "airside_intl",
        "verified": false,
        "kind": "corridor",
        "name": "",
        "nameEn": "",
        "minWidth": 6,
        "accessible": true,
        "bidirectional": true,
        "speedFactor": 1
      }
    },
    {
      "type": "Feature",
      "id": "path-l3f-0437",
      "geometry": {
        "type": "LineString",
        "coordinates": [
          [
            33.39,
            -494.07
          ],
          [
            46.96,
            -494.71
          ]
        ]
      },
      "properties": {
        "level": "L3F",
        "zone": "airside_intl",
        "verified": false,
        "kind": "corridor",
        "name": "",
        "nameEn": "",
        "minWidth": 6,
        "accessible": true,
        "bidirectional": true,
        "speedFactor": 1
      }
    },
    {
      "type": "Feature",
      "id": "path-l3f-0438",
      "geometry": {
        "type": "LineString",
        "coordinates": [
          [
            38.44,
            -494.31
          ],
          [
            38.55,
            -494.31
          ]
        ]
      },
      "properties": {
        "level": "L3F",
        "zone": "airside_intl",
        "verified": false,
        "kind": "corridor",
        "name": "",
        "nameEn": "",
        "minWidth": 6,
        "accessible": true,
        "bidirectional": true,
        "speedFactor": 1
      }
    },
    {
      "type": "Feature",
      "id": "path-l3f-0439",
      "geometry": {
        "type": "LineString",
        "coordinates": [
          [
            32.95,
            -500.09
          ],
          [
            32.92,
            -500.42
          ]
        ]
      },
      "properties": {
        "level": "L3F",
        "zone": "airside_intl",
        "verified": false,
        "kind": "corridor",
        "name": "",
        "nameEn": "",
        "minWidth": 6,
        "accessible": true,
        "bidirectional": true,
        "speedFactor": 1
      }
    },
    {
      "type": "Feature",
      "id": "path-l3f-0440",
      "geometry": {
        "type": "LineString",
        "coordinates": [
          [
            41.33,
            -501.37
          ],
          [
            46.6,
            -502.12
          ]
        ]
      },
      "properties": {
        "level": "L3F",
        "zone": "airside_intl",
        "verified": false,
        "kind": "corridor",
        "name": "",
        "nameEn": "",
        "minWidth": 6,
        "accessible": true,
        "bidirectional": true,
        "speedFactor": 1
      }
    },
    {
      "type": "Feature",
      "id": "path-l3f-0441",
      "geometry": {
        "type": "LineString",
        "coordinates": [
          [
            35.83,
            -535.22
          ],
          [
            35.57,
            -538.25
          ]
        ]
      },
      "properties": {
        "level": "L3F",
        "zone": "airside_intl",
        "verified": false,
        "kind": "corridor",
        "name": "",
        "nameEn": "",
        "minWidth": 6,
        "accessible": true,
        "bidirectional": true,
        "speedFactor": 1
      }
    },
    {
      "type": "Feature",
      "id": "path-l3f-0442",
      "geometry": {
        "type": "LineString",
        "coordinates": [
          [
            35.57,
            -538.25
          ],
          [
            34.99,
            -540.46
          ]
        ]
      },
      "properties": {
        "level": "L3F",
        "zone": "airside_intl",
        "verified": false,
        "kind": "corridor",
        "name": "",
        "nameEn": "",
        "minWidth": 6,
        "accessible": true,
        "bidirectional": true,
        "speedFactor": 1
      }
    },
    {
      "type": "Feature",
      "id": "path-l3f-0443",
      "geometry": {
        "type": "LineString",
        "coordinates": [
          [
            38.78,
            -548.31
          ],
          [
            45.16,
            -549.28
          ]
        ]
      },
      "properties": {
        "level": "L3F",
        "zone": "airside_intl",
        "verified": false,
        "kind": "corridor",
        "name": "",
        "nameEn": "",
        "minWidth": 6,
        "accessible": true,
        "bidirectional": true,
        "speedFactor": 1
      }
    },
    {
      "type": "Feature",
      "id": "path-l3f-0444",
      "geometry": {
        "type": "LineString",
        "coordinates": [
          [
            37.92,
            -554.68
          ],
          [
            43.88,
            -560.24
          ]
        ]
      },
      "properties": {
        "level": "L3F",
        "zone": "airside_intl",
        "verified": false,
        "kind": "corridor",
        "name": "",
        "nameEn": "",
        "minWidth": 6,
        "accessible": true,
        "bidirectional": true,
        "speedFactor": 1
      }
    },
    {
      "type": "Feature",
      "id": "path-l3f-0445",
      "geometry": {
        "type": "LineString",
        "coordinates": [
          [
            31.49,
            -585.19
          ],
          [
            39.33,
            -586.94
          ]
        ]
      },
      "properties": {
        "level": "L3F",
        "zone": "airside_intl",
        "verified": false,
        "kind": "corridor",
        "name": "",
        "nameEn": "",
        "minWidth": 6,
        "accessible": true,
        "bidirectional": true,
        "speedFactor": 1
      }
    },
    {
      "type": "Feature",
      "id": "path-l3f-0446",
      "geometry": {
        "type": "LineString",
        "coordinates": [
          [
            20.56,
            -583.53
          ],
          [
            21.94,
            -583.85
          ]
        ]
      },
      "properties": {
        "level": "L3F",
        "zone": "airside_intl",
        "verified": false,
        "kind": "corridor",
        "name": "",
        "nameEn": "",
        "minWidth": 6,
        "accessible": true,
        "bidirectional": true,
        "speedFactor": 1
      }
    },
    {
      "type": "Feature",
      "id": "path-l3f-0447",
      "geometry": {
        "type": "LineString",
        "coordinates": [
          [
            28.46,
            -574.98
          ],
          [
            29.22,
            -570.52
          ]
        ]
      },
      "properties": {
        "level": "L3F",
        "zone": "airside_intl",
        "verified": false,
        "kind": "corridor",
        "name": "",
        "nameEn": "",
        "minWidth": 6,
        "accessible": true,
        "bidirectional": true,
        "speedFactor": 1
      }
    },
    {
      "type": "Feature",
      "id": "path-l3f-0448",
      "geometry": {
        "type": "LineString",
        "coordinates": [
          [
            24.07,
            -594.54
          ],
          [
            18.37,
            -604.68
          ]
        ]
      },
      "properties": {
        "level": "L3F",
        "zone": "airside_intl",
        "verified": false,
        "kind": "corridor",
        "name": "",
        "nameEn": "",
        "minWidth": 6,
        "accessible": true,
        "bidirectional": true,
        "speedFactor": 1
      }
    },
    {
      "type": "Feature",
      "id": "path-l3f-0449",
      "geometry": {
        "type": "LineString",
        "coordinates": [
          [
            29.34,
            -595.66
          ],
          [
            30.88,
            -600.19
          ]
        ]
      },
      "properties": {
        "level": "L3F",
        "zone": "airside_intl",
        "verified": false,
        "kind": "corridor",
        "name": "",
        "nameEn": "",
        "minWidth": 6,
        "accessible": true,
        "bidirectional": true,
        "speedFactor": 1
      }
    },
    {
      "type": "Feature",
      "id": "path-l3f-0450",
      "geometry": {
        "type": "LineString",
        "coordinates": [
          [
            49.05,
            -604.58
          ],
          [
            49.17,
            -605.99
          ]
        ]
      },
      "properties": {
        "level": "L3F",
        "zone": "airside_intl",
        "verified": false,
        "kind": "corridor",
        "name": "",
        "nameEn": "",
        "minWidth": 6,
        "accessible": true,
        "bidirectional": true,
        "speedFactor": 1
      }
    },
    {
      "type": "Feature",
      "id": "path-l3f-0451",
      "geometry": {
        "type": "LineString",
        "coordinates": [
          [
            42.68,
            -601.1
          ],
          [
            34.03,
            -596.64
          ]
        ]
      },
      "properties": {
        "level": "L3F",
        "zone": "airside_intl",
        "verified": false,
        "kind": "corridor",
        "name": "",
        "nameEn": "",
        "minWidth": 6,
        "accessible": true,
        "bidirectional": true,
        "speedFactor": 1
      }
    },
    {
      "type": "Feature",
      "id": "path-l3f-0452",
      "geometry": {
        "type": "LineString",
        "coordinates": [
          [
            61.27,
            -603.51
          ],
          [
            61.36,
            -604.85
          ]
        ]
      },
      "properties": {
        "level": "L3F",
        "zone": "airside_intl",
        "verified": false,
        "kind": "corridor",
        "name": "",
        "nameEn": "",
        "minWidth": 6,
        "accessible": true,
        "bidirectional": true,
        "speedFactor": 1
      }
    },
    {
      "type": "Feature",
      "id": "path-l3f-0453",
      "geometry": {
        "type": "LineString",
        "coordinates": [
          [
            82.94,
            -586.87
          ],
          [
            83.51,
            -593.45
          ]
        ]
      },
      "properties": {
        "level": "L3F",
        "zone": "airside_intl",
        "verified": false,
        "kind": "corridor",
        "name": "",
        "nameEn": "",
        "minWidth": 6,
        "accessible": true,
        "bidirectional": true,
        "speedFactor": 1
      }
    },
    {
      "type": "Feature",
      "id": "path-l3f-0454",
      "geometry": {
        "type": "LineString",
        "coordinates": [
          [
            78.42,
            -594.18
          ],
          [
            78.34,
            -592.81
          ],
          [
            87.61,
            -591.82
          ],
          [
            87.53,
            -592.98
          ]
        ]
      },
      "properties": {
        "level": "L3F",
        "zone": "airside_intl",
        "verified": false,
        "kind": "corridor",
        "name": "",
        "nameEn": "",
        "minWidth": 6,
        "accessible": true,
        "bidirectional": true,
        "speedFactor": 1
      }
    },
    {
      "type": "Feature",
      "id": "path-l3f-0455",
      "geometry": {
        "type": "LineString",
        "coordinates": [
          [
            99.23,
            -600.69
          ],
          [
            99.13,
            -600.71
          ]
        ]
      },
      "properties": {
        "level": "L3F",
        "zone": "airside_intl",
        "verified": false,
        "kind": "corridor",
        "name": "",
        "nameEn": "",
        "minWidth": 6,
        "accessible": true,
        "bidirectional": true,
        "speedFactor": 1
      }
    },
    {
      "type": "Feature",
      "id": "path-l3f-0456",
      "geometry": {
        "type": "LineString",
        "coordinates": [
          [
            100.94,
            -592.91
          ],
          [
            105.86,
            -585.5
          ]
        ]
      },
      "properties": {
        "level": "L3F",
        "zone": "airside_intl",
        "verified": false,
        "kind": "corridor",
        "name": "",
        "nameEn": "",
        "minWidth": 6,
        "accessible": true,
        "bidirectional": true,
        "speedFactor": 1
      }
    },
    {
      "type": "Feature",
      "id": "path-l3f-0457",
      "geometry": {
        "type": "LineString",
        "coordinates": [
          [
            100.94,
            -592.91
          ],
          [
            113.95,
            -591.82
          ]
        ]
      },
      "properties": {
        "level": "L3F",
        "zone": "airside_intl",
        "verified": false,
        "kind": "corridor",
        "name": "",
        "nameEn": "",
        "minWidth": 6,
        "accessible": true,
        "bidirectional": true,
        "speedFactor": 1
      }
    },
    {
      "type": "Feature",
      "id": "path-l3f-0458",
      "geometry": {
        "type": "LineString",
        "coordinates": [
          [
            94.06,
            -568.95
          ],
          [
            100.41,
            -566.69
          ]
        ]
      },
      "properties": {
        "level": "L3F",
        "zone": "airside_intl",
        "verified": false,
        "kind": "corridor",
        "name": "",
        "nameEn": "",
        "minWidth": 6,
        "accessible": true,
        "bidirectional": true,
        "speedFactor": 1
      }
    },
    {
      "type": "Feature",
      "id": "path-l3f-0459",
      "geometry": {
        "type": "LineString",
        "coordinates": [
          [
            102.77,
            -583.08
          ],
          [
            103.73,
            -577.34
          ],
          [
            103.75,
            -576.58
          ]
        ]
      },
      "properties": {
        "level": "L3F",
        "zone": "airside_intl",
        "verified": false,
        "kind": "corridor",
        "name": "",
        "nameEn": "",
        "minWidth": 6,
        "accessible": true,
        "bidirectional": true,
        "speedFactor": 1
      }
    },
    {
      "type": "Feature",
      "id": "path-l3f-0460",
      "geometry": {
        "type": "LineString",
        "coordinates": [
          [
            99.68,
            -548.14
          ],
          [
            101.96,
            -553.99
          ]
        ]
      },
      "properties": {
        "level": "L3F",
        "zone": "airside_intl",
        "verified": false,
        "kind": "corridor",
        "name": "",
        "nameEn": "",
        "minWidth": 6,
        "accessible": true,
        "bidirectional": true,
        "speedFactor": 1
      }
    },
    {
      "type": "Feature",
      "id": "path-l3f-0461",
      "geometry": {
        "type": "LineString",
        "coordinates": [
          [
            111.84,
            -562.74
          ],
          [
            113.42,
            -561.83
          ]
        ]
      },
      "properties": {
        "level": "L3F",
        "zone": "airside_intl",
        "verified": false,
        "kind": "corridor",
        "name": "",
        "nameEn": "",
        "minWidth": 6,
        "accessible": true,
        "bidirectional": true,
        "speedFactor": 1
      }
    },
    {
      "type": "Feature",
      "id": "path-l3f-0462",
      "geometry": {
        "type": "LineString",
        "coordinates": [
          [
            90.3,
            -538.52
          ],
          [
            85.06,
            -540.91
          ]
        ]
      },
      "properties": {
        "level": "L3F",
        "zone": "airside_intl",
        "verified": false,
        "kind": "corridor",
        "name": "",
        "nameEn": "",
        "minWidth": 6,
        "accessible": true,
        "bidirectional": true,
        "speedFactor": 1
      }
    },
    {
      "type": "Feature",
      "id": "path-l3f-0463",
      "geometry": {
        "type": "LineString",
        "coordinates": [
          [
            92.72,
            -530.22
          ],
          [
            92.56,
            -530.28
          ]
        ]
      },
      "properties": {
        "level": "L3F",
        "zone": "airside_intl",
        "verified": false,
        "kind": "corridor",
        "name": "",
        "nameEn": "",
        "minWidth": 6,
        "accessible": true,
        "bidirectional": true,
        "speedFactor": 1
      }
    },
    {
      "type": "Feature",
      "id": "path-l3f-0464",
      "geometry": {
        "type": "LineString",
        "coordinates": [
          [
            100.42,
            -534.07
          ],
          [
            101.74,
            -533.44
          ]
        ]
      },
      "properties": {
        "level": "L3F",
        "zone": "airside_intl",
        "verified": false,
        "kind": "corridor",
        "name": "",
        "nameEn": "",
        "minWidth": 6,
        "accessible": true,
        "bidirectional": true,
        "speedFactor": 1
      }
    },
    {
      "type": "Feature",
      "id": "path-l3f-0465",
      "geometry": {
        "type": "LineString",
        "coordinates": [
          [
            96.41,
            -540.52
          ],
          [
            99.68,
            -548.14
          ]
        ]
      },
      "properties": {
        "level": "L3F",
        "zone": "airside_intl",
        "verified": false,
        "kind": "corridor",
        "name": "",
        "nameEn": "",
        "minWidth": 6,
        "accessible": true,
        "bidirectional": true,
        "speedFactor": 1
      }
    },
    {
      "type": "Feature",
      "id": "path-l3f-0466",
      "geometry": {
        "type": "LineString",
        "coordinates": [
          [
            84.57,
            -520.32
          ],
          [
            79.91,
            -521.68
          ]
        ]
      },
      "properties": {
        "level": "L3F",
        "zone": "airside_intl",
        "verified": false,
        "kind": "corridor",
        "name": "",
        "nameEn": "",
        "minWidth": 6,
        "accessible": true,
        "bidirectional": true,
        "speedFactor": 1
      }
    },
    {
      "type": "Feature",
      "id": "path-l3f-0467",
      "geometry": {
        "type": "LineString",
        "coordinates": [
          [
            97.62,
            -523.84
          ],
          [
            97.67,
            -523.98
          ]
        ]
      },
      "properties": {
        "level": "L3F",
        "zone": "airside_intl",
        "verified": false,
        "kind": "corridor",
        "name": "",
        "nameEn": "",
        "minWidth": 6,
        "accessible": true,
        "bidirectional": true,
        "speedFactor": 1
      }
    },
    {
      "type": "Feature",
      "id": "path-l3f-0468",
      "geometry": {
        "type": "LineString",
        "coordinates": [
          [
            55.19,
            -271
          ],
          [
            55.18,
            -270.74
          ]
        ]
      },
      "properties": {
        "level": "L3F",
        "zone": "airside_intl",
        "verified": false,
        "kind": "corridor",
        "name": "",
        "nameEn": "",
        "minWidth": 6,
        "accessible": true,
        "bidirectional": true,
        "speedFactor": 1
      }
    },
    {
      "type": "Feature",
      "id": "path-l2f-0001",
      "geometry": {
        "type": "LineString",
        "coordinates": [
          [
            -173.75,
            72.61
          ],
          [
            -230.4,
            96.99
          ]
        ]
      },
      "properties": {
        "level": "L2F",
        "zone": "landside",
        "verified": false,
        "kind": "walkway",
        "name": "",
        "nameEn": "",
        "minWidth": 6,
        "accessible": true,
        "bidirectional": true,
        "speedFactor": 1
      }
    },
    {
      "type": "Feature",
      "id": "path-l2f-0002",
      "geometry": {
        "type": "LineString",
        "coordinates": [
          [
            -250.47,
            106.62
          ],
          [
            -307.79,
            131.17
          ]
        ]
      },
      "properties": {
        "level": "L2F",
        "zone": "landside",
        "verified": false,
        "kind": "walkway",
        "name": "",
        "nameEn": "",
        "minWidth": 6,
        "accessible": true,
        "bidirectional": true,
        "speedFactor": 1
      }
    },
    {
      "type": "Feature",
      "id": "path-l2f-0003",
      "geometry": {
        "type": "LineString",
        "coordinates": [
          [
            -322.55,
            137.64
          ],
          [
            -376.8,
            160.78
          ]
        ]
      },
      "properties": {
        "level": "L2F",
        "zone": "landside",
        "verified": false,
        "kind": "walkway",
        "name": "",
        "nameEn": "",
        "minWidth": 6,
        "accessible": true,
        "bidirectional": true,
        "speedFactor": 1
      }
    },
    {
      "type": "Feature",
      "id": "path-l2f-0004",
      "geometry": {
        "type": "LineString",
        "coordinates": [
          [
            -391.32,
            167
          ],
          [
            -445.56,
            190.39
          ]
        ]
      },
      "properties": {
        "level": "L2F",
        "zone": "landside",
        "verified": false,
        "kind": "walkway",
        "name": "",
        "nameEn": "",
        "minWidth": 6,
        "accessible": true,
        "bidirectional": true,
        "speedFactor": 1
      }
    },
    {
      "type": "Feature",
      "id": "path-l2f-0005",
      "geometry": {
        "type": "LineString",
        "coordinates": [
          [
            -147.28,
            -108.69
          ],
          [
            -200.3,
            -148.98
          ]
        ]
      },
      "properties": {
        "level": "L2F",
        "zone": "airside_domestic",
        "verified": false,
        "kind": "walkway",
        "name": "",
        "nameEn": "",
        "minWidth": 6,
        "accessible": true,
        "bidirectional": true,
        "speedFactor": 1
      }
    },
    {
      "type": "Feature",
      "id": "path-l2f-0006",
      "geometry": {
        "type": "LineString",
        "coordinates": [
          [
            -211.41,
            -157.06
          ],
          [
            -258.44,
            -192.53
          ]
        ]
      },
      "properties": {
        "level": "L2F",
        "zone": "airside_domestic",
        "verified": false,
        "kind": "walkway",
        "name": "",
        "nameEn": "",
        "minWidth": 6,
        "accessible": true,
        "bidirectional": true,
        "speedFactor": 1
      }
    },
    {
      "type": "Feature",
      "id": "path-l2f-0007",
      "geometry": {
        "type": "LineString",
        "coordinates": [
          [
            -270.66,
            -201.86
          ],
          [
            -316.35,
            -236.67
          ]
        ]
      },
      "properties": {
        "level": "L2F",
        "zone": "airside_domestic",
        "verified": false,
        "kind": "walkway",
        "name": "",
        "nameEn": "",
        "minWidth": 6,
        "accessible": true,
        "bidirectional": true,
        "speedFactor": 1
      }
    },
    {
      "type": "Feature",
      "id": "path-l2f-0008",
      "geometry": {
        "type": "LineString",
        "coordinates": [
          [
            -332.05,
            -248.44
          ],
          [
            -378.79,
            -283.77
          ]
        ]
      },
      "properties": {
        "level": "L2F",
        "zone": "airside_domestic",
        "verified": false,
        "kind": "walkway",
        "name": "",
        "nameEn": "",
        "minWidth": 6,
        "accessible": true,
        "bidirectional": true,
        "speedFactor": 1
      }
    },
    {
      "type": "Feature",
      "id": "path-l2f-0009",
      "geometry": {
        "type": "LineString",
        "coordinates": [
          [
            -211.41,
            -157.06
          ],
          [
            -200.3,
            -148.98
          ]
        ]
      },
      "properties": {
        "level": "L2F",
        "zone": "airside_domestic",
        "verified": false,
        "kind": "corridor",
        "name": "",
        "nameEn": "",
        "minWidth": 6,
        "accessible": true,
        "bidirectional": true,
        "speedFactor": 1
      }
    },
    {
      "type": "Feature",
      "id": "path-l2f-0010",
      "geometry": {
        "type": "LineString",
        "coordinates": [
          [
            -258.44,
            -192.53
          ],
          [
            -270.66,
            -201.86
          ]
        ]
      },
      "properties": {
        "level": "L2F",
        "zone": "airside_domestic",
        "verified": false,
        "kind": "corridor",
        "name": "",
        "nameEn": "",
        "minWidth": 6,
        "accessible": true,
        "bidirectional": true,
        "speedFactor": 1
      }
    },
    {
      "type": "Feature",
      "id": "path-l2f-0011",
      "geometry": {
        "type": "LineString",
        "coordinates": [
          [
            -316.35,
            -236.67
          ],
          [
            -332.05,
            -248.44
          ]
        ]
      },
      "properties": {
        "level": "L2F",
        "zone": "airside_domestic",
        "verified": false,
        "kind": "corridor",
        "name": "",
        "nameEn": "",
        "minWidth": 6,
        "accessible": true,
        "bidirectional": true,
        "speedFactor": 1
      }
    },
    {
      "type": "Feature",
      "id": "path-l2f-0012",
      "geometry": {
        "type": "LineString",
        "coordinates": [
          [
            -230.4,
            96.99
          ],
          [
            -250.47,
            106.62
          ]
        ]
      },
      "properties": {
        "level": "L2F",
        "zone": "landside",
        "verified": false,
        "kind": "corridor",
        "name": "",
        "nameEn": "",
        "minWidth": 6,
        "accessible": true,
        "bidirectional": true,
        "speedFactor": 1
      }
    },
    {
      "type": "Feature",
      "id": "path-l2f-0013",
      "geometry": {
        "type": "LineString",
        "coordinates": [
          [
            -307.79,
            131.17
          ],
          [
            -322.55,
            137.64
          ]
        ]
      },
      "properties": {
        "level": "L2F",
        "zone": "landside",
        "verified": false,
        "kind": "corridor",
        "name": "",
        "nameEn": "",
        "minWidth": 6,
        "accessible": true,
        "bidirectional": true,
        "speedFactor": 1
      }
    },
    {
      "type": "Feature",
      "id": "path-l2f-0014",
      "geometry": {
        "type": "LineString",
        "coordinates": [
          [
            -376.8,
            160.78
          ],
          [
            -391.32,
            167
          ]
        ]
      },
      "properties": {
        "level": "L2F",
        "zone": "landside",
        "verified": false,
        "kind": "corridor",
        "name": "",
        "nameEn": "",
        "minWidth": 6,
        "accessible": true,
        "bidirectional": true,
        "speedFactor": 1
      }
    },
    {
      "type": "Feature",
      "id": "path-l2f-0015",
      "geometry": {
        "type": "LineString",
        "coordinates": [
          [
            -205.91,
            191.73
          ],
          [
            -167.86,
            180.14
          ],
          [
            -131.34,
            166.92
          ],
          [
            -84.94,
            163.7
          ],
          [
            -56.01,
            166.82
          ],
          [
            -17.3,
            172.34
          ],
          [
            19.32,
            175.46
          ],
          [
            52.1,
            183.99
          ],
          [
            87.99,
            199.8
          ],
          [
            117.44,
            215.41
          ],
          [
            145.63,
            231.75
          ],
          [
            154.27,
            236.84
          ],
          [
            161.97,
            236.74
          ],
          [
            187.36,
            225.71
          ],
          [
            222.73,
            210.62
          ],
          [
            237.93,
            210
          ],
          [
            251.24,
            218.95
          ],
          [
            283.19,
            242.46
          ],
          [
            307.96,
            261.14
          ]
        ]
      },
      "properties": {
        "level": "L2F",
        "zone": "landside",
        "verified": false,
        "kind": "corridor",
        "name": "",
        "nameEn": "",
        "minWidth": 6,
        "accessible": true,
        "bidirectional": true,
        "speedFactor": 1
      }
    },
    {
      "type": "Feature",
      "id": "path-l2f-0016",
      "geometry": {
        "type": "LineString",
        "coordinates": [
          [
            -210.51,
            185.28
          ],
          [
            -141.5,
            155.26
          ],
          [
            -115.12,
            147.54
          ],
          [
            -95.79,
            150.69
          ],
          [
            -66.68,
            150.69
          ],
          [
            -41.3,
            151.77
          ],
          [
            -0.82,
            157
          ],
          [
            28.71,
            163.97
          ],
          [
            63.46,
            171.6
          ],
          [
            88.35,
            184.54
          ],
          [
            105.6,
            191.67
          ],
          [
            126.5,
            207.76
          ],
          [
            146.49,
            224.19
          ],
          [
            161.97,
            236.74
          ]
        ]
      },
      "properties": {
        "level": "L2F",
        "zone": "landside",
        "verified": false,
        "kind": "corridor",
        "name": "",
        "nameEn": "",
        "minWidth": 6,
        "accessible": true,
        "bidirectional": true,
        "speedFactor": 1
      }
    },
    {
      "type": "Feature",
      "id": "path-l2f-0017",
      "geometry": {
        "type": "LineString",
        "coordinates": [
          [
            -205.91,
            191.73
          ],
          [
            -210.51,
            185.28
          ],
          [
            -215.57,
            183.64
          ]
        ]
      },
      "properties": {
        "level": "L2F",
        "zone": "landside",
        "verified": false,
        "kind": "corridor",
        "name": "",
        "nameEn": "",
        "minWidth": 6,
        "accessible": true,
        "bidirectional": true,
        "speedFactor": 1
      }
    },
    {
      "type": "Feature",
      "id": "path-l2f-0018",
      "geometry": {
        "type": "LineString",
        "coordinates": [
          [
            -205.54,
            179.88
          ],
          [
            -200.23,
            190
          ]
        ]
      },
      "properties": {
        "level": "L2F",
        "zone": "landside",
        "verified": false,
        "kind": "corridor",
        "name": "",
        "nameEn": "",
        "minWidth": 6,
        "accessible": true,
        "bidirectional": true,
        "speedFactor": 1
      }
    },
    {
      "type": "Feature",
      "id": "path-l2f-0019",
      "geometry": {
        "type": "LineString",
        "coordinates": [
          [
            -196.03,
            175.88
          ],
          [
            -190.18,
            186.94
          ]
        ]
      },
      "properties": {
        "level": "L2F",
        "zone": "landside",
        "verified": false,
        "kind": "corridor",
        "name": "",
        "nameEn": "",
        "minWidth": 6,
        "accessible": true,
        "bidirectional": true,
        "speedFactor": 1
      }
    },
    {
      "type": "Feature",
      "id": "path-l2f-0020",
      "geometry": {
        "type": "LineString",
        "coordinates": [
          [
            -190.18,
            186.94
          ],
          [
            -189.97,
            195.13
          ],
          [
            -179.5,
            192.65
          ],
          [
            -169.87,
            189.38
          ],
          [
            -172.48,
            181.55
          ]
        ]
      },
      "properties": {
        "level": "L2F",
        "zone": "landside",
        "verified": false,
        "kind": "corridor",
        "name": "",
        "nameEn": "",
        "minWidth": 6,
        "accessible": true,
        "bidirectional": true,
        "speedFactor": 1
      }
    },
    {
      "type": "Feature",
      "id": "path-l2f-0021",
      "geometry": {
        "type": "LineString",
        "coordinates": [
          [
            -162.5,
            187.76
          ],
          [
            -165.1,
            179.14
          ]
        ]
      },
      "properties": {
        "level": "L2F",
        "zone": "landside",
        "verified": false,
        "kind": "corridor",
        "name": "",
        "nameEn": "",
        "minWidth": 6,
        "accessible": true,
        "bidirectional": true,
        "speedFactor": 1
      }
    },
    {
      "type": "Feature",
      "id": "path-l2f-0022",
      "geometry": {
        "type": "LineString",
        "coordinates": [
          [
            -145.8,
            172.15
          ],
          [
            -143.31,
            183.31
          ],
          [
            -132.08,
            181.38
          ],
          [
            -121.33,
            179.51
          ],
          [
            -122.76,
            166.32
          ]
        ]
      },
      "properties": {
        "level": "L2F",
        "zone": "landside",
        "verified": false,
        "kind": "corridor",
        "name": "",
        "nameEn": "",
        "minWidth": 6,
        "accessible": true,
        "bidirectional": true,
        "speedFactor": 1
      }
    },
    {
      "type": "Feature",
      "id": "path-l2f-0023",
      "geometry": {
        "type": "LineString",
        "coordinates": [
          [
            -107.21,
            177.91
          ],
          [
            -108.16,
            165.31
          ]
        ]
      },
      "properties": {
        "level": "L2F",
        "zone": "landside",
        "verified": false,
        "kind": "corridor",
        "name": "",
        "nameEn": "",
        "minWidth": 6,
        "accessible": true,
        "bidirectional": true,
        "speedFactor": 1
      }
    },
    {
      "type": "Feature",
      "id": "path-l2f-0024",
      "geometry": {
        "type": "LineString",
        "coordinates": [
          [
            -70.99,
            165.2
          ],
          [
            -71.28,
            175.95
          ],
          [
            -59.27,
            176.3
          ],
          [
            -48.56,
            176.63
          ],
          [
            -48.33,
            167.91
          ]
        ]
      },
      "properties": {
        "level": "L2F",
        "zone": "landside",
        "verified": false,
        "kind": "corridor",
        "name": "",
        "nameEn": "",
        "minWidth": 6,
        "accessible": true,
        "bidirectional": true,
        "speedFactor": 1
      }
    },
    {
      "type": "Feature",
      "id": "path-l2f-0029",
      "geometry": {
        "type": "LineString",
        "coordinates": [
          [
            75.9,
            194.47
          ],
          [
            71.51,
            203.81
          ],
          [
            81.36,
            208.07
          ],
          [
            91.8,
            212.46
          ],
          [
            96,
            204.05
          ]
        ]
      },
      "properties": {
        "level": "L2F",
        "zone": "landside",
        "verified": false,
        "kind": "corridor",
        "name": "",
        "nameEn": "",
        "minWidth": 6,
        "accessible": true,
        "bidirectional": true,
        "speedFactor": 1
      }
    },
    {
      "type": "Feature",
      "id": "path-l2f-0030",
      "geometry": {
        "type": "LineString",
        "coordinates": [
          [
            111.53,
            220.95
          ],
          [
            115.12,
            214.18
          ]
        ]
      },
      "properties": {
        "level": "L2F",
        "zone": "landside",
        "verified": false,
        "kind": "corridor",
        "name": "",
        "nameEn": "",
        "minWidth": 6,
        "accessible": true,
        "bidirectional": true,
        "speedFactor": 1
      }
    },
    {
      "type": "Feature",
      "id": "path-l2f-0032",
      "geometry": {
        "type": "LineString",
        "coordinates": [
          [
            -94.65,
            164.37
          ],
          [
            -94.93,
            205.64
          ]
        ]
      },
      "properties": {
        "level": "L2F",
        "zone": "landside",
        "verified": false,
        "kind": "corridor",
        "name": "",
        "nameEn": "",
        "minWidth": 6,
        "accessible": true,
        "bidirectional": true,
        "speedFactor": 1
      }
    },
    {
      "type": "Feature",
      "id": "path-l2f-0033",
      "geometry": {
        "type": "LineString",
        "coordinates": [
          [
            46.84,
            182.62
          ],
          [
            37.09,
            222.34
          ]
        ]
      },
      "properties": {
        "level": "L2F",
        "zone": "landside",
        "verified": false,
        "kind": "corridor",
        "name": "",
        "nameEn": "",
        "minWidth": 6,
        "accessible": true,
        "bidirectional": true,
        "speedFactor": 1
      }
    },
    {
      "type": "Feature",
      "id": "path-l2f-0025",
      "geometry": {
        "type": "LineString",
        "coordinates": [
          [
            -33.06,
            170.09
          ],
          [
            -34.4,
            177.62
          ]
        ]
      },
      "properties": {
        "level": "L2F",
        "zone": "landside",
        "verified": false,
        "kind": "corridor",
        "name": "",
        "nameEn": "",
        "minWidth": 6,
        "accessible": true,
        "bidirectional": true,
        "speedFactor": 1
      }
    },
    {
      "type": "Feature",
      "id": "path-l2f-0027",
      "geometry": {
        "type": "LineString",
        "coordinates": [
          [
            4.54,
            174.2
          ],
          [
            2.61,
            183.46
          ],
          [
            14.22,
            185.21
          ],
          [
            24.54,
            187.83
          ],
          [
            27.42,
            177.57
          ]
        ]
      },
      "properties": {
        "level": "L2F",
        "zone": "landside",
        "verified": false,
        "kind": "corridor",
        "name": "",
        "nameEn": "",
        "minWidth": 6,
        "accessible": true,
        "bidirectional": true,
        "speedFactor": 1
      }
    },
    {
      "type": "Feature",
      "id": "path-l2f-0028",
      "geometry": {
        "type": "LineString",
        "coordinates": [
          [
            121.93,
            218.01
          ],
          [
            117.03,
            225.05
          ],
          [
            126.36,
            229.31
          ],
          [
            134.89,
            235.71
          ],
          [
            140.05,
            228.51
          ]
        ]
      },
      "properties": {
        "level": "L2F",
        "zone": "landside",
        "verified": false,
        "kind": "corridor",
        "name": "",
        "nameEn": "",
        "minWidth": 6,
        "accessible": true,
        "bidirectional": true,
        "speedFactor": 1
      }
    },
    {
      "type": "Feature",
      "id": "path-l2f-0026",
      "geometry": {
        "type": "LineString",
        "coordinates": [
          [
            -11.62,
            180.41
          ],
          [
            -10.42,
            171.85
          ]
        ]
      },
      "properties": {
        "level": "L2F",
        "zone": "landside",
        "verified": false,
        "kind": "corridor",
        "name": "",
        "nameEn": "",
        "minWidth": 6,
        "accessible": true,
        "bidirectional": true,
        "speedFactor": 1
      }
    },
    {
      "type": "Feature",
      "id": "path-l2f-0031",
      "geometry": {
        "type": "LineString",
        "coordinates": [
          [
            -129.07,
            148.21
          ],
          [
            -128.04,
            151.32
          ],
          [
            -122.76,
            166.32
          ]
        ]
      },
      "properties": {
        "level": "L2F",
        "zone": "landside",
        "verified": false,
        "kind": "corridor",
        "name": "",
        "nameEn": "",
        "minWidth": 6,
        "accessible": true,
        "bidirectional": true,
        "speedFactor": 1
      }
    },
    {
      "type": "Feature",
      "id": "path-l2f-0034",
      "geometry": {
        "type": "LineString",
        "coordinates": [
          [
            84.81,
            172.97
          ],
          [
            69.4,
            191.61
          ]
        ]
      },
      "properties": {
        "level": "L2F",
        "zone": "landside",
        "verified": false,
        "kind": "corridor",
        "name": "",
        "nameEn": "",
        "minWidth": 6,
        "accessible": true,
        "bidirectional": true,
        "speedFactor": 1
      }
    },
    {
      "type": "Feature",
      "id": "path-l2f-0035",
      "geometry": {
        "type": "LineString",
        "coordinates": [
          [
            46.84,
            182.62
          ],
          [
            50.15,
            168.68
          ]
        ]
      },
      "properties": {
        "level": "L2F",
        "zone": "landside",
        "verified": false,
        "kind": "corridor",
        "name": "",
        "nameEn": "",
        "minWidth": 6,
        "accessible": true,
        "bidirectional": true,
        "speedFactor": 1
      }
    },
    {
      "type": "Feature",
      "id": "path-l2f-0036",
      "geometry": {
        "type": "LineString",
        "coordinates": [
          [
            -94.65,
            164.37
          ],
          [
            -95.79,
            150.69
          ]
        ]
      },
      "properties": {
        "level": "L2F",
        "zone": "landside",
        "verified": false,
        "kind": "corridor",
        "name": "",
        "nameEn": "",
        "minWidth": 6,
        "accessible": true,
        "bidirectional": true,
        "speedFactor": 1
      }
    },
    {
      "type": "Feature",
      "id": "path-l2f-0037",
      "geometry": {
        "type": "LineString",
        "coordinates": [
          [
            -40.69,
            169.01
          ],
          [
            -38.74,
            152.1
          ]
        ]
      },
      "properties": {
        "level": "L2F",
        "zone": "landside",
        "verified": false,
        "kind": "corridor",
        "name": "",
        "nameEn": "",
        "minWidth": 6,
        "accessible": true,
        "bidirectional": true,
        "speedFactor": 1
      }
    },
    {
      "type": "Feature",
      "id": "path-l2f-0038",
      "geometry": {
        "type": "LineString",
        "coordinates": [
          [
            -4.31,
            173.45
          ],
          [
            -0.82,
            157
          ]
        ]
      },
      "properties": {
        "level": "L2F",
        "zone": "landside",
        "verified": false,
        "kind": "corridor",
        "name": "",
        "nameEn": "",
        "minWidth": 6,
        "accessible": true,
        "bidirectional": true,
        "speedFactor": 1
      }
    },
    {
      "type": "Feature",
      "id": "path-l2f-0039",
      "geometry": {
        "type": "LineString",
        "coordinates": [
          [
            -30.21,
            153.2
          ],
          [
            -29.97,
            150.19
          ]
        ]
      },
      "properties": {
        "level": "L2F",
        "zone": "landside",
        "verified": false,
        "kind": "corridor",
        "name": "",
        "nameEn": "",
        "minWidth": 6,
        "accessible": true,
        "bidirectional": true,
        "speedFactor": 1
      }
    },
    {
      "type": "Feature",
      "id": "path-l2f-0040",
      "geometry": {
        "type": "LineString",
        "coordinates": [
          [
            -12.01,
            155.55
          ],
          [
            -11.06,
            152.63
          ]
        ]
      },
      "properties": {
        "level": "L2F",
        "zone": "landside",
        "verified": false,
        "kind": "corridor",
        "name": "",
        "nameEn": "",
        "minWidth": 6,
        "accessible": true,
        "bidirectional": true,
        "speedFactor": 1
      }
    },
    {
      "type": "Feature",
      "id": "path-l2f-0041",
      "geometry": {
        "type": "LineString",
        "coordinates": [
          [
            -58.89,
            151.02
          ],
          [
            -59.91,
            146.57
          ]
        ]
      },
      "properties": {
        "level": "L2F",
        "zone": "landside",
        "verified": false,
        "kind": "corridor",
        "name": "",
        "nameEn": "",
        "minWidth": 6,
        "accessible": true,
        "bidirectional": true,
        "speedFactor": 1
      }
    },
    {
      "type": "Feature",
      "id": "path-l2f-0042",
      "geometry": {
        "type": "LineString",
        "coordinates": [
          [
            -54.74,
            133.35
          ],
          [
            -48.23,
            133.82
          ],
          [
            -49.88,
            151.4
          ]
        ]
      },
      "properties": {
        "level": "L2F",
        "zone": "landside",
        "verified": false,
        "kind": "corridor",
        "name": "",
        "nameEn": "",
        "minWidth": 6,
        "accessible": true,
        "bidirectional": true,
        "speedFactor": 1
      }
    },
    {
      "type": "Feature",
      "id": "path-l2f-0043",
      "geometry": {
        "type": "LineString",
        "coordinates": [
          [
            -43.36,
            162.16
          ],
          [
            -37.44,
            163.78
          ]
        ]
      },
      "properties": {
        "level": "L2F",
        "zone": "landside",
        "verified": false,
        "kind": "corridor",
        "name": "",
        "nameEn": "",
        "minWidth": 6,
        "accessible": true,
        "bidirectional": true,
        "speedFactor": 1
      }
    },
    {
      "type": "Feature",
      "id": "path-l2f-0044",
      "geometry": {
        "type": "LineString",
        "coordinates": [
          [
            -23.18,
            166.02
          ],
          [
            -20.54,
            166.32
          ]
        ]
      },
      "properties": {
        "level": "L2F",
        "zone": "landside",
        "verified": false,
        "kind": "corridor",
        "name": "",
        "nameEn": "",
        "minWidth": 6,
        "accessible": true,
        "bidirectional": true,
        "speedFactor": 1
      }
    },
    {
      "type": "Feature",
      "id": "path-l2f-0045",
      "geometry": {
        "type": "LineString",
        "coordinates": [
          [
            -5.73,
            167.37
          ],
          [
            0.19,
            168.4
          ]
        ]
      },
      "properties": {
        "level": "L2F",
        "zone": "landside",
        "verified": false,
        "kind": "corridor",
        "name": "",
        "nameEn": "",
        "minWidth": 6,
        "accessible": true,
        "bidirectional": true,
        "speedFactor": 1
      }
    },
    {
      "type": "Feature",
      "id": "path-l2f-0046",
      "geometry": {
        "type": "LineString",
        "coordinates": [
          [
            -22.38,
            171.62
          ],
          [
            -21.84,
            166.17
          ]
        ]
      },
      "properties": {
        "level": "L2F",
        "zone": "landside",
        "verified": false,
        "kind": "corridor",
        "name": "",
        "nameEn": "",
        "minWidth": 6,
        "accessible": true,
        "bidirectional": true,
        "speedFactor": 1
      }
    },
    {
      "type": "Feature",
      "id": "path-l2f-0047",
      "geometry": {
        "type": "LineString",
        "coordinates": [
          [
            -33.06,
            170.09
          ],
          [
            -32.16,
            165.83
          ]
        ]
      },
      "properties": {
        "level": "L2F",
        "zone": "landside",
        "verified": false,
        "kind": "corridor",
        "name": "",
        "nameEn": "",
        "minWidth": 6,
        "accessible": true,
        "bidirectional": true,
        "speedFactor": 1
      }
    },
    {
      "type": "Feature",
      "id": "path-l2f-0048",
      "geometry": {
        "type": "LineString",
        "coordinates": [
          [
            -10.42,
            171.85
          ],
          [
            -11.35,
            168.19
          ]
        ]
      },
      "properties": {
        "level": "L2F",
        "zone": "landside",
        "verified": false,
        "kind": "corridor",
        "name": "",
        "nameEn": "",
        "minWidth": 6,
        "accessible": true,
        "bidirectional": true,
        "speedFactor": 1
      }
    },
    {
      "type": "Feature",
      "id": "path-l2f-0049",
      "geometry": {
        "type": "LineString",
        "coordinates": [
          [
            -60.36,
            166.35
          ],
          [
            -58.89,
            151.02
          ]
        ]
      },
      "properties": {
        "level": "L2F",
        "zone": "landside",
        "verified": false,
        "kind": "corridor",
        "name": "",
        "nameEn": "",
        "minWidth": 6,
        "accessible": true,
        "bidirectional": true,
        "speedFactor": 1
      }
    },
    {
      "type": "Feature",
      "id": "path-l2f-0050",
      "geometry": {
        "type": "LineString",
        "coordinates": [
          [
            -59.57,
            158.12
          ],
          [
            -54.26,
            159.29
          ]
        ]
      },
      "properties": {
        "level": "L2F",
        "zone": "landside",
        "verified": false,
        "kind": "corridor",
        "name": "",
        "nameEn": "",
        "minWidth": 6,
        "accessible": true,
        "bidirectional": true,
        "speedFactor": 1
      }
    },
    {
      "type": "Feature",
      "id": "path-l2f-0051",
      "geometry": {
        "type": "LineString",
        "coordinates": [
          [
            -48.33,
            167.91
          ],
          [
            -48.61,
            162.32
          ]
        ]
      },
      "properties": {
        "level": "L2F",
        "zone": "landside",
        "verified": false,
        "kind": "corridor",
        "name": "",
        "nameEn": "",
        "minWidth": 6,
        "accessible": true,
        "bidirectional": true,
        "speedFactor": 1
      }
    },
    {
      "type": "Feature",
      "id": "path-l2f-0052",
      "geometry": {
        "type": "LineString",
        "coordinates": [
          [
            13.84,
            174.99
          ],
          [
            16.39,
            161.06
          ]
        ]
      },
      "properties": {
        "level": "L2F",
        "zone": "landside",
        "verified": false,
        "kind": "corridor",
        "name": "",
        "nameEn": "",
        "minWidth": 6,
        "accessible": true,
        "bidirectional": true,
        "speedFactor": 1
      }
    },
    {
      "type": "Feature",
      "id": "path-l2f-0053",
      "geometry": {
        "type": "LineString",
        "coordinates": [
          [
            11.62,
            167.79
          ],
          [
            15.02,
            168.53
          ]
        ]
      },
      "properties": {
        "level": "L2F",
        "zone": "landside",
        "verified": false,
        "kind": "corridor",
        "name": "",
        "nameEn": "",
        "minWidth": 6,
        "accessible": true,
        "bidirectional": true,
        "speedFactor": 1
      }
    },
    {
      "type": "Feature",
      "id": "path-l2f-0054",
      "geometry": {
        "type": "LineString",
        "coordinates": [
          [
            4.54,
            174.2
          ],
          [
            5.82,
            169.42
          ]
        ]
      },
      "properties": {
        "level": "L2F",
        "zone": "landside",
        "verified": false,
        "kind": "corridor",
        "name": "",
        "nameEn": "",
        "minWidth": 6,
        "accessible": true,
        "bidirectional": true,
        "speedFactor": 1
      }
    },
    {
      "type": "Feature",
      "id": "path-l2f-0055",
      "geometry": {
        "type": "LineString",
        "coordinates": [
          [
            -152.52,
            174.59
          ],
          [
            -154.13,
            170.18
          ],
          [
            -156.24,
            164.68
          ],
          [
            -157.37,
            162.17
          ]
        ]
      },
      "properties": {
        "level": "L2F",
        "zone": "landside",
        "verified": false,
        "kind": "corridor",
        "name": "",
        "nameEn": "",
        "minWidth": 6,
        "accessible": true,
        "bidirectional": true,
        "speedFactor": 1
      }
    },
    {
      "type": "Feature",
      "id": "path-l2f-0056",
      "geometry": {
        "type": "LineString",
        "coordinates": [
          [
            -151.86,
            162.77
          ],
          [
            -153.81,
            158.01
          ]
        ]
      },
      "properties": {
        "level": "L2F",
        "zone": "landside",
        "verified": false,
        "kind": "corridor",
        "name": "",
        "nameEn": "",
        "minWidth": 6,
        "accessible": true,
        "bidirectional": true,
        "speedFactor": 1
      }
    },
    {
      "type": "Feature",
      "id": "path-l2f-0057",
      "geometry": {
        "type": "LineString",
        "coordinates": [
          [
            -170.75,
            165.22
          ],
          [
            -165.1,
            179.14
          ]
        ]
      },
      "properties": {
        "level": "L2F",
        "zone": "landside",
        "verified": false,
        "kind": "corridor",
        "name": "",
        "nameEn": "",
        "minWidth": 6,
        "accessible": true,
        "bidirectional": true,
        "speedFactor": 1
      }
    },
    {
      "type": "Feature",
      "id": "path-l2f-0058",
      "geometry": {
        "type": "LineString",
        "coordinates": [
          [
            -183.55,
            170.55
          ],
          [
            -178.28,
            183.31
          ]
        ]
      },
      "properties": {
        "level": "L2F",
        "zone": "landside",
        "verified": false,
        "kind": "corridor",
        "name": "",
        "nameEn": "",
        "minWidth": 6,
        "accessible": true,
        "bidirectional": true,
        "speedFactor": 1
      }
    },
    {
      "type": "Feature",
      "id": "path-l2f-0059",
      "geometry": {
        "type": "LineString",
        "coordinates": [
          [
            106.85,
            189.36
          ],
          [
            105.6,
            191.67
          ],
          [
            98.53,
            193.27
          ],
          [
            92.98,
            202.45
          ]
        ]
      },
      "properties": {
        "level": "L2F",
        "zone": "landside",
        "verified": false,
        "kind": "corridor",
        "name": "",
        "nameEn": "",
        "minWidth": 6,
        "accessible": true,
        "bidirectional": true,
        "speedFactor": 1
      }
    },
    {
      "type": "Feature",
      "id": "path-l2f-0060",
      "geometry": {
        "type": "LineString",
        "coordinates": [
          [
            125.87,
            202.91
          ],
          [
            115.12,
            214.18
          ]
        ]
      },
      "properties": {
        "level": "L2F",
        "zone": "landside",
        "verified": false,
        "kind": "corridor",
        "name": "",
        "nameEn": "",
        "minWidth": 6,
        "accessible": true,
        "bidirectional": true,
        "speedFactor": 1
      }
    },
    {
      "type": "Feature",
      "id": "path-l2f-0061",
      "geometry": {
        "type": "LineString",
        "coordinates": [
          [
            135.2,
            211.05
          ],
          [
            127.42,
            221.2
          ]
        ]
      },
      "properties": {
        "level": "L2F",
        "zone": "landside",
        "verified": false,
        "kind": "corridor",
        "name": "",
        "nameEn": "",
        "minWidth": 6,
        "accessible": true,
        "bidirectional": true,
        "speedFactor": 1
      }
    },
    {
      "type": "Feature",
      "id": "path-l2f-0062",
      "geometry": {
        "type": "LineString",
        "coordinates": [
          [
            143.89,
            217.69
          ],
          [
            136.44,
            226.42
          ]
        ]
      },
      "properties": {
        "level": "L2F",
        "zone": "landside",
        "verified": false,
        "kind": "corridor",
        "name": "",
        "nameEn": "",
        "minWidth": 6,
        "accessible": true,
        "bidirectional": true,
        "speedFactor": 1
      }
    },
    {
      "type": "Feature",
      "id": "path-l2f-0063",
      "geometry": {
        "type": "LineString",
        "coordinates": [
          [
            153.87,
            225.06
          ],
          [
            147.59,
            232.9
          ]
        ]
      },
      "properties": {
        "level": "L2F",
        "zone": "landside",
        "verified": false,
        "kind": "corridor",
        "name": "",
        "nameEn": "",
        "minWidth": 6,
        "accessible": true,
        "bidirectional": true,
        "speedFactor": 1
      }
    },
    {
      "type": "Feature",
      "id": "path-l2f-0064",
      "geometry": {
        "type": "LineString",
        "coordinates": [
          [
            161.3,
            230.1
          ],
          [
            161.97,
            236.74
          ]
        ]
      },
      "properties": {
        "level": "L2F",
        "zone": "landside",
        "verified": false,
        "kind": "corridor",
        "name": "",
        "nameEn": "",
        "minWidth": 6,
        "accessible": true,
        "bidirectional": true,
        "speedFactor": 1
      }
    },
    {
      "type": "Feature",
      "id": "path-l2f-0065",
      "geometry": {
        "type": "LineString",
        "coordinates": [
          [
            161.3,
            230.1
          ],
          [
            147.59,
            232.9
          ]
        ]
      },
      "properties": {
        "level": "L2F",
        "zone": "landside",
        "verified": false,
        "kind": "corridor",
        "name": "",
        "nameEn": "",
        "minWidth": 6,
        "accessible": true,
        "bidirectional": true,
        "speedFactor": 1
      }
    },
    {
      "type": "Feature",
      "id": "path-l2f-0066",
      "geometry": {
        "type": "LineString",
        "coordinates": [
          [
            -173.75,
            72.61
          ],
          [
            -133.19,
            55.15
          ],
          [
            -123.74,
            81.24
          ],
          [
            -132.12,
            137.52
          ]
        ]
      },
      "properties": {
        "level": "L2F",
        "zone": "landside",
        "verified": false,
        "kind": "corridor",
        "name": "",
        "nameEn": "",
        "minWidth": 6,
        "accessible": true,
        "bidirectional": true,
        "speedFactor": 1
      }
    },
    {
      "type": "Feature",
      "id": "path-l2f-0067",
      "geometry": {
        "type": "LineString",
        "coordinates": [
          [
            -123.74,
            81.24
          ],
          [
            -97.22,
            71.85
          ],
          [
            -63.82,
            66.45
          ],
          [
            -38.44,
            65.79
          ],
          [
            -9.47,
            66.77
          ],
          [
            14.77,
            72.01
          ],
          [
            41.62,
            80.69
          ],
          [
            66.34,
            91
          ],
          [
            87.29,
            103.12
          ],
          [
            99.41,
            111.14
          ],
          [
            92.06,
            163.9
          ]
        ]
      },
      "properties": {
        "level": "L2F",
        "zone": "landside",
        "verified": false,
        "kind": "corridor",
        "name": "",
        "nameEn": "",
        "minWidth": 6,
        "accessible": true,
        "bidirectional": true,
        "speedFactor": 1
      }
    },
    {
      "type": "Feature",
      "id": "path-l2f-0068",
      "geometry": {
        "type": "LineString",
        "coordinates": [
          [
            99.41,
            111.14
          ],
          [
            114.8,
            84.78
          ]
        ]
      },
      "properties": {
        "level": "L2F",
        "zone": "landside",
        "verified": false,
        "kind": "corridor",
        "name": "",
        "nameEn": "",
        "minWidth": 6,
        "accessible": true,
        "bidirectional": true,
        "speedFactor": 1
      }
    },
    {
      "type": "Feature",
      "id": "path-l2f-0069",
      "geometry": {
        "type": "LineString",
        "coordinates": [
          [
            -187.33,
            154.91
          ],
          [
            -148.74,
            138.39
          ],
          [
            -131.13,
            130.89
          ],
          [
            -100.79,
            122.46
          ],
          [
            -70.97,
            118.8
          ],
          [
            -38.67,
            117.92
          ],
          [
            -14.47,
            119.02
          ],
          [
            15.24,
            123.8
          ],
          [
            41.7,
            131.95
          ],
          [
            68.73,
            145.59
          ],
          [
            92.87,
            158.12
          ],
          [
            114.53,
            174.84
          ],
          [
            137.02,
            190.8
          ],
          [
            144.13,
            196.28
          ]
        ]
      },
      "properties": {
        "level": "L2F",
        "zone": "landside",
        "verified": false,
        "kind": "corridor",
        "name": "",
        "nameEn": "",
        "minWidth": 6,
        "accessible": true,
        "bidirectional": true,
        "speedFactor": 1
      }
    },
    {
      "type": "Feature",
      "id": "path-l2f-0070",
      "geometry": {
        "type": "LineString",
        "coordinates": [
          [
            -187.33,
            154.91
          ],
          [
            -197.47,
            149.16
          ],
          [
            -193.9,
            120.46
          ],
          [
            -174.85,
            111.47
          ],
          [
            -154.55,
            104.06
          ],
          [
            -134.98,
            96.19
          ],
          [
            -125.12,
            90.51
          ]
        ]
      },
      "properties": {
        "level": "L2F",
        "zone": "landside",
        "verified": false,
        "kind": "corridor",
        "name": "",
        "nameEn": "",
        "minWidth": 6,
        "accessible": true,
        "bidirectional": true,
        "speedFactor": 1
      }
    },
    {
      "type": "Feature",
      "id": "path-l2f-0071",
      "geometry": {
        "type": "LineString",
        "coordinates": [
          [
            97.73,
            123.17
          ],
          [
            119.6,
            135.24
          ],
          [
            139.38,
            150.47
          ],
          [
            153.6,
            162.45
          ]
        ]
      },
      "properties": {
        "level": "L2F",
        "zone": "landside",
        "verified": false,
        "kind": "corridor",
        "name": "",
        "nameEn": "",
        "minWidth": 6,
        "accessible": true,
        "bidirectional": true,
        "speedFactor": 1
      }
    },
    {
      "type": "Feature",
      "id": "path-l2f-0072",
      "geometry": {
        "type": "LineString",
        "coordinates": [
          [
            156.66,
            166.36
          ],
          [
            153.6,
            162.45
          ]
        ]
      },
      "properties": {
        "level": "L2F",
        "zone": "landside",
        "verified": false,
        "kind": "corridor",
        "name": "",
        "nameEn": "",
        "minWidth": 6,
        "accessible": true,
        "bidirectional": true,
        "speedFactor": 1
      }
    },
    {
      "type": "Feature",
      "id": "path-l2f-0073",
      "geometry": {
        "type": "LineString",
        "coordinates": [
          [
            156.66,
            166.36
          ],
          [
            154.81,
            180.11
          ],
          [
            152.67,
            191.35
          ],
          [
            144.13,
            196.28
          ]
        ]
      },
      "properties": {
        "level": "L2F",
        "zone": "landside",
        "verified": false,
        "kind": "corridor",
        "name": "",
        "nameEn": "",
        "minWidth": 6,
        "accessible": true,
        "bidirectional": true,
        "speedFactor": 1
      }
    },
    {
      "type": "Feature",
      "id": "path-l2f-0074",
      "geometry": {
        "type": "LineString",
        "coordinates": [
          [
            -9.47,
            66.77
          ],
          [
            -3.62,
            14.12
          ],
          [
            -25.23,
            12.32
          ],
          [
            -50.94,
            20.34
          ],
          [
            -84.83,
            31.64
          ],
          [
            -109.22,
            45.06
          ],
          [
            -133.19,
            55.15
          ]
        ]
      },
      "properties": {
        "level": "L2F",
        "zone": "landside",
        "verified": false,
        "kind": "corridor",
        "name": "",
        "nameEn": "",
        "minWidth": 6,
        "accessible": true,
        "bidirectional": true,
        "speedFactor": 1
      }
    },
    {
      "type": "Feature",
      "id": "path-l2f-0075",
      "geometry": {
        "type": "LineString",
        "coordinates": [
          [
            -3.62,
            14.12
          ],
          [
            22.08,
            18.7
          ],
          [
            54.17,
            38.68
          ],
          [
            88.23,
            66.84
          ],
          [
            114.8,
            84.78
          ]
        ]
      },
      "properties": {
        "level": "L2F",
        "zone": "landside",
        "verified": false,
        "kind": "corridor",
        "name": "",
        "nameEn": "",
        "minWidth": 6,
        "accessible": true,
        "bidirectional": true,
        "speedFactor": 1
      }
    },
    {
      "type": "Feature",
      "id": "path-l2f-0076",
      "geometry": {
        "type": "LineString",
        "coordinates": [
          [
            -9.47,
            66.77
          ],
          [
            -12.84,
            83.96
          ],
          [
            -22.63,
            92.24
          ],
          [
            -15.06,
            106.8
          ],
          [
            -14.47,
            119.02
          ]
        ]
      },
      "properties": {
        "level": "L2F",
        "zone": "landside",
        "verified": false,
        "kind": "corridor",
        "name": "",
        "nameEn": "",
        "minWidth": 6,
        "accessible": true,
        "bidirectional": true,
        "speedFactor": 1
      }
    },
    {
      "type": "Feature",
      "id": "path-l2f-0077",
      "geometry": {
        "type": "LineString",
        "coordinates": [
          [
            -22.63,
            92.24
          ],
          [
            -45.47,
            118.11
          ]
        ]
      },
      "properties": {
        "level": "L2F",
        "zone": "landside",
        "verified": false,
        "kind": "corridor",
        "name": "",
        "nameEn": "",
        "minWidth": 6,
        "accessible": true,
        "bidirectional": true,
        "speedFactor": 1
      }
    },
    {
      "type": "Feature",
      "id": "path-l2f-0078",
      "geometry": {
        "type": "LineString",
        "coordinates": [
          [
            -9.47,
            66.77
          ],
          [
            -5.85,
            84.66
          ],
          [
            4.17,
            95.38
          ],
          [
            -3.4,
            105.29
          ],
          [
            -8.2,
            120.03
          ]
        ]
      },
      "properties": {
        "level": "L2F",
        "zone": "landside",
        "verified": false,
        "kind": "corridor",
        "name": "",
        "nameEn": "",
        "minWidth": 6,
        "accessible": true,
        "bidirectional": true,
        "speedFactor": 1
      }
    },
    {
      "type": "Feature",
      "id": "path-l2f-0079",
      "geometry": {
        "type": "LineString",
        "coordinates": [
          [
            4.17,
            95.38
          ],
          [
            13.15,
            104.47
          ],
          [
            15.24,
            123.8
          ]
        ]
      },
      "properties": {
        "level": "L2F",
        "zone": "landside",
        "verified": false,
        "kind": "corridor",
        "name": "",
        "nameEn": "",
        "minWidth": 6,
        "accessible": true,
        "bidirectional": true,
        "speedFactor": 1
      }
    },
    {
      "type": "Feature",
      "id": "path-l2f-0080",
      "geometry": {
        "type": "LineString",
        "coordinates": [
          [
            -22.63,
            92.24
          ],
          [
            -38.44,
            65.79
          ]
        ]
      },
      "properties": {
        "level": "L2F",
        "zone": "landside",
        "verified": false,
        "kind": "corridor",
        "name": "",
        "nameEn": "",
        "minWidth": 6,
        "accessible": true,
        "bidirectional": true,
        "speedFactor": 1
      }
    },
    {
      "type": "Feature",
      "id": "path-l2f-0081",
      "geometry": {
        "type": "LineString",
        "coordinates": [
          [
            4.17,
            95.38
          ],
          [
            22.41,
            74.48
          ]
        ]
      },
      "properties": {
        "level": "L2F",
        "zone": "landside",
        "verified": false,
        "kind": "corridor",
        "name": "",
        "nameEn": "",
        "minWidth": 6,
        "accessible": true,
        "bidirectional": true,
        "speedFactor": 1
      }
    },
    {
      "type": "Feature",
      "id": "path-l2f-0082",
      "geometry": {
        "type": "LineString",
        "coordinates": [
          [
            -127.57,
            106.96
          ],
          [
            -112.65,
            103.43
          ]
        ]
      },
      "properties": {
        "level": "L2F",
        "zone": "landside",
        "verified": false,
        "kind": "corridor",
        "name": "",
        "nameEn": "",
        "minWidth": 6,
        "accessible": true,
        "bidirectional": true,
        "speedFactor": 1
      }
    },
    {
      "type": "Feature",
      "id": "path-l2f-0083",
      "geometry": {
        "type": "LineString",
        "coordinates": [
          [
            -86.23,
            76.3
          ],
          [
            -84.87,
            69.85
          ]
        ]
      },
      "properties": {
        "level": "L2F",
        "zone": "landside",
        "verified": false,
        "kind": "corridor",
        "name": "",
        "nameEn": "",
        "minWidth": 6,
        "accessible": true,
        "bidirectional": true,
        "speedFactor": 1
      }
    },
    {
      "type": "Feature",
      "id": "path-l2f-0084",
      "geometry": {
        "type": "LineString",
        "coordinates": [
          [
            -92.02,
            116.98
          ],
          [
            -92.26,
            121.41
          ]
        ]
      },
      "properties": {
        "level": "L2F",
        "zone": "landside",
        "verified": false,
        "kind": "corridor",
        "name": "",
        "nameEn": "",
        "minWidth": 6,
        "accessible": true,
        "bidirectional": true,
        "speedFactor": 1
      }
    },
    {
      "type": "Feature",
      "id": "path-l2f-0085",
      "geometry": {
        "type": "LineString",
        "coordinates": [
          [
            -65.59,
            66.74
          ],
          [
            -66.78,
            73.16
          ]
        ]
      },
      "properties": {
        "level": "L2F",
        "zone": "landside",
        "verified": false,
        "kind": "corridor",
        "name": "",
        "nameEn": "",
        "minWidth": 6,
        "accessible": true,
        "bidirectional": true,
        "speedFactor": 1
      }
    },
    {
      "type": "Feature",
      "id": "path-l2f-0086",
      "geometry": {
        "type": "LineString",
        "coordinates": [
          [
            -72.25,
            114.2
          ],
          [
            -73.4,
            119.1
          ]
        ]
      },
      "properties": {
        "level": "L2F",
        "zone": "landside",
        "verified": false,
        "kind": "corridor",
        "name": "",
        "nameEn": "",
        "minWidth": 6,
        "accessible": true,
        "bidirectional": true,
        "speedFactor": 1
      }
    },
    {
      "type": "Feature",
      "id": "path-l2f-0087",
      "geometry": {
        "type": "LineString",
        "coordinates": [
          [
            -47.05,
            66.01
          ],
          [
            -48.69,
            71.52
          ]
        ]
      },
      "properties": {
        "level": "L2F",
        "zone": "landside",
        "verified": false,
        "kind": "corridor",
        "name": "",
        "nameEn": "",
        "minWidth": 6,
        "accessible": true,
        "bidirectional": true,
        "speedFactor": 1
      }
    },
    {
      "type": "Feature",
      "id": "path-l2f-0088",
      "geometry": {
        "type": "LineString",
        "coordinates": [
          [
            -52.75,
            112.76
          ],
          [
            -53.74,
            118.33
          ]
        ]
      },
      "properties": {
        "level": "L2F",
        "zone": "landside",
        "verified": false,
        "kind": "corridor",
        "name": "",
        "nameEn": "",
        "minWidth": 6,
        "accessible": true,
        "bidirectional": true,
        "speedFactor": 1
      }
    },
    {
      "type": "Feature",
      "id": "path-l2f-0089",
      "geometry": {
        "type": "LineString",
        "coordinates": [
          [
            26.81,
            81.36
          ],
          [
            27.33,
            76.07
          ]
        ]
      },
      "properties": {
        "level": "L2F",
        "zone": "landside",
        "verified": false,
        "kind": "corridor",
        "name": "",
        "nameEn": "",
        "minWidth": 6,
        "accessible": true,
        "bidirectional": true,
        "speedFactor": 1
      }
    },
    {
      "type": "Feature",
      "id": "path-l2f-0090",
      "geometry": {
        "type": "LineString",
        "coordinates": [
          [
            21.42,
            122.18
          ],
          [
            20.99,
            125.57
          ]
        ]
      },
      "properties": {
        "level": "L2F",
        "zone": "landside",
        "verified": false,
        "kind": "corridor",
        "name": "",
        "nameEn": "",
        "minWidth": 6,
        "accessible": true,
        "bidirectional": true,
        "speedFactor": 1
      }
    },
    {
      "type": "Feature",
      "id": "path-l2f-0091",
      "geometry": {
        "type": "LineString",
        "coordinates": [
          [
            40.12,
            131.46
          ],
          [
            40.43,
            128.46
          ]
        ]
      },
      "properties": {
        "level": "L2F",
        "zone": "landside",
        "verified": false,
        "kind": "corridor",
        "name": "",
        "nameEn": "",
        "minWidth": 6,
        "accessible": true,
        "bidirectional": true,
        "speedFactor": 1
      }
    },
    {
      "type": "Feature",
      "id": "path-l2f-0092",
      "geometry": {
        "type": "LineString",
        "coordinates": [
          [
            44.58,
            87.48
          ],
          [
            45.26,
            82.21
          ]
        ]
      },
      "properties": {
        "level": "L2F",
        "zone": "landside",
        "verified": false,
        "kind": "corridor",
        "name": "",
        "nameEn": "",
        "minWidth": 6,
        "accessible": true,
        "bidirectional": true,
        "speedFactor": 1
      }
    },
    {
      "type": "Feature",
      "id": "path-l2f-0093",
      "geometry": {
        "type": "LineString",
        "coordinates": [
          [
            62.56,
            95.07
          ],
          [
            63.01,
            89.61
          ]
        ]
      },
      "properties": {
        "level": "L2F",
        "zone": "landside",
        "verified": false,
        "kind": "corridor",
        "name": "",
        "nameEn": "",
        "minWidth": 6,
        "accessible": true,
        "bidirectional": true,
        "speedFactor": 1
      }
    },
    {
      "type": "Feature",
      "id": "path-l2f-0094",
      "geometry": {
        "type": "LineString",
        "coordinates": [
          [
            57.47,
            136.08
          ],
          [
            57.05,
            139.69
          ]
        ]
      },
      "properties": {
        "level": "L2F",
        "zone": "landside",
        "verified": false,
        "kind": "corridor",
        "name": "",
        "nameEn": "",
        "minWidth": 6,
        "accessible": true,
        "bidirectional": true,
        "speedFactor": 1
      }
    },
    {
      "type": "Feature",
      "id": "path-l2f-0095",
      "geometry": {
        "type": "LineString",
        "coordinates": [
          [
            75.8,
            149.26
          ],
          [
            76.04,
            140.73
          ]
        ]
      },
      "properties": {
        "level": "L2F",
        "zone": "landside",
        "verified": false,
        "kind": "corridor",
        "name": "",
        "nameEn": "",
        "minWidth": 6,
        "accessible": true,
        "bidirectional": true,
        "speedFactor": 1
      }
    },
    {
      "type": "Feature",
      "id": "path-l2f-0096",
      "geometry": {
        "type": "LineString",
        "coordinates": [
          [
            78.41,
            113.29
          ],
          [
            79.99,
            98.9
          ]
        ]
      },
      "properties": {
        "level": "L2F",
        "zone": "landside",
        "verified": false,
        "kind": "corridor",
        "name": "",
        "nameEn": "",
        "minWidth": 6,
        "accessible": true,
        "bidirectional": true,
        "speedFactor": 1
      }
    },
    {
      "type": "Feature",
      "id": "path-l2f-0097",
      "geometry": {
        "type": "LineString",
        "coordinates": [
          [
            -146.6,
            105.43
          ],
          [
            -146.02,
            100.63
          ]
        ]
      },
      "properties": {
        "level": "L2F",
        "zone": "landside",
        "verified": false,
        "kind": "corridor",
        "name": "",
        "nameEn": "",
        "minWidth": 6,
        "accessible": true,
        "bidirectional": true,
        "speedFactor": 1
      }
    },
    {
      "type": "Feature",
      "id": "path-l2f-0098",
      "geometry": {
        "type": "LineString",
        "coordinates": [
          [
            -150.21,
            132.33
          ],
          [
            -151.67,
            139.64
          ]
        ]
      },
      "properties": {
        "level": "L2F",
        "zone": "landside",
        "verified": false,
        "kind": "corridor",
        "name": "",
        "nameEn": "",
        "minWidth": 6,
        "accessible": true,
        "bidirectional": true,
        "speedFactor": 1
      }
    },
    {
      "type": "Feature",
      "id": "path-l2f-0099",
      "geometry": {
        "type": "LineString",
        "coordinates": [
          [
            -189.7,
            153.56
          ],
          [
            -189.28,
            149.42
          ]
        ]
      },
      "properties": {
        "level": "L2F",
        "zone": "landside",
        "verified": false,
        "kind": "corridor",
        "name": "",
        "nameEn": "",
        "minWidth": 6,
        "accessible": true,
        "bidirectional": true,
        "speedFactor": 1
      }
    },
    {
      "type": "Feature",
      "id": "path-l2f-0100",
      "geometry": {
        "type": "LineString",
        "coordinates": [
          [
            -186.41,
            122.21
          ],
          [
            -185.35,
            116.43
          ]
        ]
      },
      "properties": {
        "level": "L2F",
        "zone": "landside",
        "verified": false,
        "kind": "corridor",
        "name": "",
        "nameEn": "",
        "minWidth": 6,
        "accessible": true,
        "bidirectional": true,
        "speedFactor": 1
      }
    },
    {
      "type": "Feature",
      "id": "path-l2f-0101",
      "geometry": {
        "type": "LineString",
        "coordinates": [
          [
            -166.51,
            113.9
          ],
          [
            -166.38,
            108.38
          ]
        ]
      },
      "properties": {
        "level": "L2F",
        "zone": "landside",
        "verified": false,
        "kind": "corridor",
        "name": "",
        "nameEn": "",
        "minWidth": 6,
        "accessible": true,
        "bidirectional": true,
        "speedFactor": 1
      }
    },
    {
      "type": "Feature",
      "id": "path-l2f-0102",
      "geometry": {
        "type": "LineString",
        "coordinates": [
          [
            -170.08,
            140.84
          ],
          [
            -170.49,
            147.7
          ]
        ]
      },
      "properties": {
        "level": "L2F",
        "zone": "landside",
        "verified": false,
        "kind": "corridor",
        "name": "",
        "nameEn": "",
        "minWidth": 6,
        "accessible": true,
        "bidirectional": true,
        "speedFactor": 1
      }
    },
    {
      "type": "Feature",
      "id": "path-l2f-0103",
      "geometry": {
        "type": "LineString",
        "coordinates": [
          [
            -169.84,
            109.64
          ],
          [
            -172.63,
            103.24
          ],
          [
            -176.67,
            105.28
          ],
          [
            -177.4,
            103.69
          ]
        ]
      },
      "properties": {
        "level": "L2F",
        "zone": "landside",
        "verified": false,
        "kind": "corridor",
        "name": "",
        "nameEn": "",
        "minWidth": 6,
        "accessible": true,
        "bidirectional": true,
        "speedFactor": 1
      }
    },
    {
      "type": "Feature",
      "id": "path-l2f-0104",
      "geometry": {
        "type": "LineString",
        "coordinates": [
          [
            -172.63,
            103.24
          ],
          [
            -167.69,
            101.3
          ],
          [
            -168.34,
            99.97
          ]
        ]
      },
      "properties": {
        "level": "L2F",
        "zone": "landside",
        "verified": false,
        "kind": "corridor",
        "name": "",
        "nameEn": "",
        "minWidth": 6,
        "accessible": true,
        "bidirectional": true,
        "speedFactor": 1
      }
    },
    {
      "type": "Feature",
      "id": "path-l2f-0105",
      "geometry": {
        "type": "LineString",
        "coordinates": [
          [
            -173.01,
            106.6
          ],
          [
            -169.98,
            104.84
          ]
        ]
      },
      "properties": {
        "level": "L2F",
        "zone": "landside",
        "verified": false,
        "kind": "corridor",
        "name": "",
        "nameEn": "",
        "minWidth": 6,
        "accessible": true,
        "bidirectional": true,
        "speedFactor": 1
      }
    },
    {
      "type": "Feature",
      "id": "path-l2f-0106",
      "geometry": {
        "type": "LineString",
        "coordinates": [
          [
            -109.22,
            45.06
          ],
          [
            -103.78,
            56.73
          ],
          [
            -105.09,
            58.16
          ]
        ]
      },
      "properties": {
        "level": "L2F",
        "zone": "landside",
        "verified": false,
        "kind": "corridor",
        "name": "",
        "nameEn": "",
        "minWidth": 6,
        "accessible": true,
        "bidirectional": true,
        "speedFactor": 1
      }
    },
    {
      "type": "Feature",
      "id": "path-l2f-0107",
      "geometry": {
        "type": "LineString",
        "coordinates": [
          [
            -105.02,
            54.07
          ],
          [
            -103.22,
            53.15
          ]
        ]
      },
      "properties": {
        "level": "L2F",
        "zone": "landside",
        "verified": false,
        "kind": "corridor",
        "name": "",
        "nameEn": "",
        "minWidth": 6,
        "accessible": true,
        "bidirectional": true,
        "speedFactor": 1
      }
    },
    {
      "type": "Feature",
      "id": "path-l2f-0108",
      "geometry": {
        "type": "LineString",
        "coordinates": [
          [
            -104.48,
            55.22
          ],
          [
            -105.86,
            55.86
          ]
        ]
      },
      "properties": {
        "level": "L2F",
        "zone": "landside",
        "verified": false,
        "kind": "corridor",
        "name": "",
        "nameEn": "",
        "minWidth": 6,
        "accessible": true,
        "bidirectional": true,
        "speedFactor": 1
      }
    },
    {
      "type": "Feature",
      "id": "path-l2f-0109",
      "geometry": {
        "type": "LineString",
        "coordinates": [
          [
            -105.75,
            52.49
          ],
          [
            -106.81,
            52.92
          ]
        ]
      },
      "properties": {
        "level": "L2F",
        "zone": "landside",
        "verified": false,
        "kind": "corridor",
        "name": "",
        "nameEn": "",
        "minWidth": 6,
        "accessible": true,
        "bidirectional": true,
        "speedFactor": 1
      }
    },
    {
      "type": "Feature",
      "id": "path-l2f-0110",
      "geometry": {
        "type": "LineString",
        "coordinates": [
          [
            -73.26,
            37.36
          ],
          [
            -61.74,
            33.03
          ],
          [
            -65.34,
            25.14
          ]
        ]
      },
      "properties": {
        "level": "L2F",
        "zone": "landside",
        "verified": false,
        "kind": "corridor",
        "name": "",
        "nameEn": "",
        "minWidth": 6,
        "accessible": true,
        "bidirectional": true,
        "speedFactor": 1
      }
    },
    {
      "type": "Feature",
      "id": "path-l2f-0111",
      "geometry": {
        "type": "LineString",
        "coordinates": [
          [
            -61.74,
            33.03
          ],
          [
            -56.03,
            42.22
          ]
        ]
      },
      "properties": {
        "level": "L2F",
        "zone": "landside",
        "verified": false,
        "kind": "corridor",
        "name": "",
        "nameEn": "",
        "minWidth": 6,
        "accessible": true,
        "bidirectional": true,
        "speedFactor": 1
      }
    },
    {
      "type": "Feature",
      "id": "path-l2f-0112",
      "geometry": {
        "type": "LineString",
        "coordinates": [
          [
            59.89,
            54.2
          ],
          [
            49.33,
            47.79
          ],
          [
            55.28,
            39.6
          ]
        ]
      },
      "properties": {
        "level": "L2F",
        "zone": "landside",
        "verified": false,
        "kind": "corridor",
        "name": "",
        "nameEn": "",
        "minWidth": 6,
        "accessible": true,
        "bidirectional": true,
        "speedFactor": 1
      }
    },
    {
      "type": "Feature",
      "id": "path-l2f-0113",
      "geometry": {
        "type": "LineString",
        "coordinates": [
          [
            49.33,
            47.79
          ],
          [
            42.66,
            54.2
          ]
        ]
      },
      "properties": {
        "level": "L2F",
        "zone": "landside",
        "verified": false,
        "kind": "corridor",
        "name": "",
        "nameEn": "",
        "minWidth": 6,
        "accessible": true,
        "bidirectional": true,
        "speedFactor": 1
      }
    },
    {
      "type": "Feature",
      "id": "path-l2f-0114",
      "geometry": {
        "type": "LineString",
        "coordinates": [
          [
            91.05,
            68.75
          ],
          [
            83.49,
            79.54
          ],
          [
            81.43,
            78.35
          ]
        ]
      },
      "properties": {
        "level": "L2F",
        "zone": "landside",
        "verified": false,
        "kind": "corridor",
        "name": "",
        "nameEn": "",
        "minWidth": 6,
        "accessible": true,
        "bidirectional": true,
        "speedFactor": 1
      }
    },
    {
      "type": "Feature",
      "id": "path-l2f-0115",
      "geometry": {
        "type": "LineString",
        "coordinates": [
          [
            83.49,
            79.54
          ],
          [
            85.07,
            81.92
          ]
        ]
      },
      "properties": {
        "level": "L2F",
        "zone": "landside",
        "verified": false,
        "kind": "corridor",
        "name": "",
        "nameEn": "",
        "minWidth": 6,
        "accessible": true,
        "bidirectional": true,
        "speedFactor": 1
      }
    },
    {
      "type": "Feature",
      "id": "path-l2f-0116",
      "geometry": {
        "type": "LineString",
        "coordinates": [
          [
            84.81,
            77.65
          ],
          [
            86.85,
            79.56
          ]
        ]
      },
      "properties": {
        "level": "L2F",
        "zone": "landside",
        "verified": false,
        "kind": "corridor",
        "name": "",
        "nameEn": "",
        "minWidth": 6,
        "accessible": true,
        "bidirectional": true,
        "speedFactor": 1
      }
    },
    {
      "type": "Feature",
      "id": "path-l2f-0117",
      "geometry": {
        "type": "LineString",
        "coordinates": [
          [
            86.13,
            75.77
          ],
          [
            88.65,
            77.13
          ]
        ]
      },
      "properties": {
        "level": "L2F",
        "zone": "landside",
        "verified": false,
        "kind": "corridor",
        "name": "",
        "nameEn": "",
        "minWidth": 6,
        "accessible": true,
        "bidirectional": true,
        "speedFactor": 1
      }
    },
    {
      "type": "Feature",
      "id": "path-l2f-0118",
      "geometry": {
        "type": "LineString",
        "coordinates": [
          [
            94.12,
            98.61
          ],
          [
            105.46,
            100.78
          ]
        ]
      },
      "properties": {
        "level": "L2F",
        "zone": "landside",
        "verified": false,
        "kind": "corridor",
        "name": "",
        "nameEn": "",
        "minWidth": 6,
        "accessible": true,
        "bidirectional": true,
        "speedFactor": 1
      }
    },
    {
      "type": "Feature",
      "id": "path-l2f-0119",
      "geometry": {
        "type": "LineString",
        "coordinates": [
          [
            91.75,
            99.38
          ],
          [
            89.41,
            104.52
          ]
        ]
      },
      "properties": {
        "level": "L2F",
        "zone": "landside",
        "verified": false,
        "kind": "corridor",
        "name": "",
        "nameEn": "",
        "minWidth": 6,
        "accessible": true,
        "bidirectional": true,
        "speedFactor": 1
      }
    },
    {
      "type": "Feature",
      "id": "path-l2f-0120",
      "geometry": {
        "type": "LineString",
        "coordinates": [
          [
            59.12,
            87.99
          ],
          [
            59.58,
            82.41
          ]
        ]
      },
      "properties": {
        "level": "L2F",
        "zone": "landside",
        "verified": false,
        "kind": "corridor",
        "name": "",
        "nameEn": "",
        "minWidth": 6,
        "accessible": true,
        "bidirectional": true,
        "speedFactor": 1
      }
    },
    {
      "type": "Feature",
      "id": "path-l2f-0121",
      "geometry": {
        "type": "LineString",
        "coordinates": [
          [
            -126.35,
            74.04
          ],
          [
            -117.32,
            72.59
          ]
        ]
      },
      "properties": {
        "level": "L2F",
        "zone": "landside",
        "verified": false,
        "kind": "corridor",
        "name": "",
        "nameEn": "",
        "minWidth": 6,
        "accessible": true,
        "bidirectional": true,
        "speedFactor": 1
      }
    },
    {
      "type": "Feature",
      "id": "path-l2f-0122",
      "geometry": {
        "type": "LineString",
        "coordinates": [
          [
            -112.16,
            77.14
          ],
          [
            -113.2,
            73.07
          ]
        ]
      },
      "properties": {
        "level": "L2F",
        "zone": "landside",
        "verified": false,
        "kind": "corridor",
        "name": "",
        "nameEn": "",
        "minWidth": 6,
        "accessible": true,
        "bidirectional": true,
        "speedFactor": 1
      }
    },
    {
      "type": "Feature",
      "id": "path-l2f-0123",
      "geometry": {
        "type": "LineString",
        "coordinates": [
          [
            -220.65,
            100.44
          ],
          [
            -238.74,
            108.49
          ],
          [
            -242.11,
            102.61
          ]
        ]
      },
      "properties": {
        "level": "L2F",
        "zone": "landside",
        "verified": false,
        "kind": "corridor",
        "name": "",
        "nameEn": "",
        "minWidth": 6,
        "accessible": true,
        "bidirectional": true,
        "speedFactor": 1
      }
    },
    {
      "type": "Feature",
      "id": "path-l2f-0124",
      "geometry": {
        "type": "LineString",
        "coordinates": [
          [
            -137.96,
            30.19
          ],
          [
            -136.81,
            15.13
          ],
          [
            -178.53,
            26.9
          ],
          [
            -177.75,
            37.41
          ]
        ]
      },
      "properties": {
        "level": "L2F",
        "zone": "landside",
        "verified": false,
        "kind": "corridor",
        "name": "",
        "nameEn": "",
        "minWidth": 6,
        "accessible": true,
        "bidirectional": true,
        "speedFactor": 1
      }
    },
    {
      "type": "Feature",
      "id": "path-l2f-0125",
      "geometry": {
        "type": "LineString",
        "coordinates": [
          [
            -148.43,
            18.41
          ],
          [
            -150.58,
            62.64
          ]
        ]
      },
      "properties": {
        "level": "L2F",
        "zone": "landside",
        "verified": false,
        "kind": "corridor",
        "name": "",
        "nameEn": "",
        "minWidth": 6,
        "accessible": true,
        "bidirectional": true,
        "speedFactor": 1
      }
    },
    {
      "type": "Feature",
      "id": "path-l2f-0126",
      "geometry": {
        "type": "LineString",
        "coordinates": [
          [
            -136.81,
            15.13
          ],
          [
            -125.74,
            11.87
          ],
          [
            -126.7,
            52.42
          ]
        ]
      },
      "properties": {
        "level": "L2F",
        "zone": "landside",
        "verified": false,
        "kind": "corridor",
        "name": "",
        "nameEn": "",
        "minWidth": 6,
        "accessible": true,
        "bidirectional": true,
        "speedFactor": 1
      }
    },
    {
      "type": "Feature",
      "id": "path-l2f-0127",
      "geometry": {
        "type": "LineString",
        "coordinates": [
          [
            -125.74,
            11.87
          ],
          [
            -87.68,
            0.18
          ],
          [
            -60.55,
            -3.91
          ],
          [
            -45.32,
            1.57
          ],
          [
            -27.29,
            11.33
          ],
          [
            -25.23,
            12.32
          ]
        ]
      },
      "properties": {
        "level": "L2F",
        "zone": "landside",
        "verified": false,
        "kind": "corridor",
        "name": "",
        "nameEn": "",
        "minWidth": 6,
        "accessible": true,
        "bidirectional": true,
        "speedFactor": 1
      }
    },
    {
      "type": "Feature",
      "id": "path-l2f-0128",
      "geometry": {
        "type": "LineString",
        "coordinates": [
          [
            -60.55,
            -3.91
          ],
          [
            -51.6,
            -11.23
          ],
          [
            -20.27,
            -16.93
          ],
          [
            0.91,
            -15.37
          ],
          [
            20.91,
            -11.38
          ],
          [
            51.12,
            2.77
          ],
          [
            72.74,
            15.64
          ],
          [
            80.72,
            25.79
          ],
          [
            55.28,
            39.6
          ]
        ]
      },
      "properties": {
        "level": "L2F",
        "zone": "airside_domestic",
        "verified": false,
        "kind": "corridor",
        "name": "",
        "nameEn": "",
        "minWidth": 6,
        "accessible": true,
        "bidirectional": true,
        "speedFactor": 1
      }
    },
    {
      "type": "Feature",
      "id": "path-l2f-0129",
      "geometry": {
        "type": "LineString",
        "coordinates": [
          [
            -96.16,
            2.79
          ],
          [
            -65.34,
            25.14
          ]
        ]
      },
      "properties": {
        "level": "L2F",
        "zone": "landside",
        "verified": false,
        "kind": "corridor",
        "name": "",
        "nameEn": "",
        "minWidth": 6,
        "accessible": true,
        "bidirectional": true,
        "speedFactor": 1
      }
    },
    {
      "type": "Feature",
      "id": "path-l2f-0130",
      "geometry": {
        "type": "LineString",
        "coordinates": [
          [
            -84.83,
            31.64
          ],
          [
            -81.64,
            13.32
          ]
        ]
      },
      "properties": {
        "level": "L2F",
        "zone": "landside",
        "verified": false,
        "kind": "corridor",
        "name": "",
        "nameEn": "",
        "minWidth": 6,
        "accessible": true,
        "bidirectional": true,
        "speedFactor": 1
      }
    },
    {
      "type": "Feature",
      "id": "path-l2f-0131",
      "geometry": {
        "type": "LineString",
        "coordinates": [
          [
            68.33,
            32.52
          ],
          [
            80.34,
            60.32
          ]
        ]
      },
      "properties": {
        "level": "L2F",
        "zone": "landside",
        "verified": false,
        "kind": "corridor",
        "name": "",
        "nameEn": "",
        "minWidth": 6,
        "accessible": true,
        "bidirectional": true,
        "speedFactor": 1
      }
    },
    {
      "type": "Feature",
      "id": "path-l2f-0132",
      "geometry": {
        "type": "LineString",
        "coordinates": [
          [
            80.72,
            25.79
          ],
          [
            111.08,
            39.65
          ],
          [
            124.78,
            42.33
          ],
          [
            125.63,
            60.12
          ]
        ]
      },
      "properties": {
        "level": "L2F",
        "zone": "landside",
        "verified": false,
        "kind": "corridor",
        "name": "",
        "nameEn": "",
        "minWidth": 6,
        "accessible": true,
        "bidirectional": true,
        "speedFactor": 1
      }
    },
    {
      "type": "Feature",
      "id": "path-l2f-0133",
      "geometry": {
        "type": "LineString",
        "coordinates": [
          [
            115.45,
            40.5
          ],
          [
            114.8,
            84.78
          ]
        ]
      },
      "properties": {
        "level": "L2F",
        "zone": "landside",
        "verified": false,
        "kind": "corridor",
        "name": "",
        "nameEn": "",
        "minWidth": 6,
        "accessible": true,
        "bidirectional": true,
        "speedFactor": 1
      }
    },
    {
      "type": "Feature",
      "id": "path-l2f-0134",
      "geometry": {
        "type": "LineString",
        "coordinates": [
          [
            124.78,
            42.33
          ],
          [
            135.78,
            53.64
          ],
          [
            134.73,
            98.04
          ],
          [
            114.8,
            84.78
          ]
        ]
      },
      "properties": {
        "level": "L2F",
        "zone": "landside",
        "verified": false,
        "kind": "corridor",
        "name": "",
        "nameEn": "",
        "minWidth": 6,
        "accessible": true,
        "bidirectional": true,
        "speedFactor": 1
      }
    },
    {
      "type": "Feature",
      "id": "path-l2f-0135",
      "geometry": {
        "type": "LineString",
        "coordinates": [
          [
            134.73,
            98.04
          ],
          [
            148.48,
            112.02
          ]
        ]
      },
      "properties": {
        "level": "L2F",
        "zone": "landside",
        "verified": false,
        "kind": "corridor",
        "name": "",
        "nameEn": "",
        "minWidth": 6,
        "accessible": true,
        "bidirectional": true,
        "speedFactor": 1
      }
    },
    {
      "type": "Feature",
      "id": "path-l2f-0136",
      "geometry": {
        "type": "LineString",
        "coordinates": [
          [
            66.56,
            11.96
          ],
          [
            22.08,
            18.7
          ]
        ]
      },
      "properties": {
        "level": "L2F",
        "zone": "landside",
        "verified": false,
        "kind": "corridor",
        "name": "",
        "nameEn": "",
        "minWidth": 6,
        "accessible": true,
        "bidirectional": true,
        "speedFactor": 1
      }
    },
    {
      "type": "Feature",
      "id": "path-l2f-0137",
      "geometry": {
        "type": "LineString",
        "coordinates": [
          [
            129.58,
            142.93
          ],
          [
            131.37,
            140.96
          ]
        ]
      },
      "properties": {
        "level": "L2F",
        "zone": "landside",
        "verified": false,
        "kind": "corridor",
        "name": "",
        "nameEn": "",
        "minWidth": 6,
        "accessible": true,
        "bidirectional": true,
        "speedFactor": 1
      }
    },
    {
      "type": "Feature",
      "id": "path-l2f-0138",
      "geometry": {
        "type": "LineString",
        "coordinates": [
          [
            135.49,
            147.47
          ],
          [
            139.8,
            141.76
          ],
          [
            134.63,
            138.16
          ],
          [
            135.17,
            136.41
          ]
        ]
      },
      "properties": {
        "level": "L2F",
        "zone": "landside",
        "verified": false,
        "kind": "corridor",
        "name": "",
        "nameEn": "",
        "minWidth": 6,
        "accessible": true,
        "bidirectional": true,
        "speedFactor": 1
      }
    },
    {
      "type": "Feature",
      "id": "path-l2f-0139",
      "geometry": {
        "type": "LineString",
        "coordinates": [
          [
            139.8,
            141.76
          ],
          [
            144.21,
            145.22
          ],
          [
            145.18,
            144.15
          ]
        ]
      },
      "properties": {
        "level": "L2F",
        "zone": "landside",
        "verified": false,
        "kind": "corridor",
        "name": "",
        "nameEn": "",
        "minWidth": 6,
        "accessible": true,
        "bidirectional": true,
        "speedFactor": 1
      }
    },
    {
      "type": "Feature",
      "id": "path-l2f-0140",
      "geometry": {
        "type": "LineString",
        "coordinates": [
          [
            137.1,
            142.93
          ],
          [
            139.76,
            145.15
          ]
        ]
      },
      "properties": {
        "level": "L2F",
        "zone": "landside",
        "verified": false,
        "kind": "corridor",
        "name": "",
        "nameEn": "",
        "minWidth": 6,
        "accessible": true,
        "bidirectional": true,
        "speedFactor": 1
      }
    },
    {
      "type": "Feature",
      "id": "path-l2f-0141",
      "geometry": {
        "type": "LineString",
        "coordinates": [
          [
            -164.62,
            107.74
          ],
          [
            -165.79,
            105.14
          ]
        ]
      },
      "properties": {
        "level": "L2F",
        "zone": "airside_intl",
        "verified": false,
        "kind": "corridor",
        "name": "",
        "nameEn": "",
        "minWidth": 6,
        "accessible": true,
        "bidirectional": true,
        "speedFactor": 1
      }
    },
    {
      "type": "Feature",
      "id": "path-l2f-0142",
      "geometry": {
        "type": "LineString",
        "coordinates": [
          [
            -96.8,
            126.07
          ],
          [
            -96.77,
            121.97
          ]
        ]
      },
      "properties": {
        "level": "L2F",
        "zone": "landside",
        "verified": false,
        "kind": "corridor",
        "name": "",
        "nameEn": "",
        "minWidth": 6,
        "accessible": true,
        "bidirectional": true,
        "speedFactor": 1
      }
    },
    {
      "type": "Feature",
      "id": "path-l2f-0143",
      "geometry": {
        "type": "LineString",
        "coordinates": [
          [
            59.56,
            145.86
          ],
          [
            60.15,
            141.26
          ]
        ]
      },
      "properties": {
        "level": "L2F",
        "zone": "landside",
        "verified": false,
        "kind": "corridor",
        "name": "",
        "nameEn": "",
        "minWidth": 6,
        "accessible": true,
        "bidirectional": true,
        "speedFactor": 1
      }
    },
    {
      "type": "Feature",
      "id": "path-l2f-0144",
      "geometry": {
        "type": "LineString",
        "coordinates": [
          [
            124.78,
            42.33
          ],
          [
            132.33,
            19.77
          ],
          [
            152.15,
            23.02
          ]
        ]
      },
      "properties": {
        "level": "L2F",
        "zone": "airside_domestic",
        "verified": false,
        "kind": "corridor",
        "name": "",
        "nameEn": "",
        "minWidth": 6,
        "accessible": true,
        "bidirectional": true,
        "speedFactor": 1
      }
    },
    {
      "type": "Feature",
      "id": "path-l2f-0145",
      "geometry": {
        "type": "LineString",
        "coordinates": [
          [
            132.33,
            19.77
          ],
          [
            133.32,
            14.55
          ],
          [
            152.3,
            16.14
          ]
        ]
      },
      "properties": {
        "level": "L2F",
        "zone": "airside_domestic",
        "verified": false,
        "kind": "corridor",
        "name": "",
        "nameEn": "",
        "minWidth": 6,
        "accessible": true,
        "bidirectional": true,
        "speedFactor": 1
      }
    },
    {
      "type": "Feature",
      "id": "path-l2f-0146",
      "geometry": {
        "type": "LineString",
        "coordinates": [
          [
            153.63,
            19.77
          ],
          [
            132.76,
            17.52
          ]
        ]
      },
      "properties": {
        "level": "L2F",
        "zone": "airside_domestic",
        "verified": false,
        "kind": "corridor",
        "name": "",
        "nameEn": "",
        "minWidth": 6,
        "accessible": true,
        "bidirectional": true,
        "speedFactor": 1
      }
    },
    {
      "type": "Feature",
      "id": "path-l2f-0147",
      "geometry": {
        "type": "LineString",
        "coordinates": [
          [
            -136.81,
            15.13
          ],
          [
            -137.43,
            -16.49
          ],
          [
            -155.62,
            -18.24
          ]
        ]
      },
      "properties": {
        "level": "L2F",
        "zone": "airside_domestic",
        "verified": false,
        "kind": "corridor",
        "name": "",
        "nameEn": "",
        "minWidth": 6,
        "accessible": true,
        "bidirectional": true,
        "speedFactor": 1
      }
    },
    {
      "type": "Feature",
      "id": "path-l2f-0148",
      "geometry": {
        "type": "LineString",
        "coordinates": [
          [
            -156.51,
            -15.06
          ],
          [
            -137.36,
            -13.17
          ]
        ]
      },
      "properties": {
        "level": "L2F",
        "zone": "airside_domestic",
        "verified": false,
        "kind": "corridor",
        "name": "",
        "nameEn": "",
        "minWidth": 6,
        "accessible": true,
        "bidirectional": true,
        "speedFactor": 1
      }
    },
    {
      "type": "Feature",
      "id": "path-l2f-0149",
      "geometry": {
        "type": "LineString",
        "coordinates": [
          [
            -155.4,
            -21.43
          ],
          [
            -137.26,
            -19.89
          ],
          [
            -137.43,
            -16.49
          ]
        ]
      },
      "properties": {
        "level": "L2F",
        "zone": "airside_domestic",
        "verified": false,
        "kind": "corridor",
        "name": "",
        "nameEn": "",
        "minWidth": 6,
        "accessible": true,
        "bidirectional": true,
        "speedFactor": 1
      }
    },
    {
      "type": "Feature",
      "id": "path-l2f-0150",
      "geometry": {
        "type": "LineString",
        "coordinates": [
          [
            -154.55,
            -54.58
          ],
          [
            -140.91,
            -39.62
          ],
          [
            -137.26,
            -19.89
          ]
        ]
      },
      "properties": {
        "level": "L2F",
        "zone": "airside_domestic",
        "verified": false,
        "kind": "corridor",
        "name": "",
        "nameEn": "",
        "minWidth": 6,
        "accessible": true,
        "bidirectional": true,
        "speedFactor": 1
      }
    },
    {
      "type": "Feature",
      "id": "path-l2f-0151",
      "geometry": {
        "type": "LineString",
        "coordinates": [
          [
            161.66,
            -17.52
          ],
          [
            139.39,
            0.26
          ],
          [
            133.32,
            14.55
          ]
        ]
      },
      "properties": {
        "level": "L2F",
        "zone": "airside_domestic",
        "verified": false,
        "kind": "corridor",
        "name": "",
        "nameEn": "",
        "minWidth": 6,
        "accessible": true,
        "bidirectional": true,
        "speedFactor": 1
      }
    },
    {
      "type": "Feature",
      "id": "path-l2f-0152",
      "geometry": {
        "type": "LineString",
        "coordinates": [
          [
            66.56,
            11.96
          ],
          [
            104.53,
            -0.01
          ]
        ]
      },
      "properties": {
        "level": "L2F",
        "zone": "airside_domestic",
        "verified": false,
        "kind": "corridor",
        "name": "",
        "nameEn": "",
        "minWidth": 6,
        "accessible": true,
        "bidirectional": true,
        "speedFactor": 1
      }
    },
    {
      "type": "Feature",
      "id": "path-l2f-0153",
      "geometry": {
        "type": "LineString",
        "coordinates": [
          [
            82.52,
            6.93
          ],
          [
            80.72,
            25.79
          ]
        ]
      },
      "properties": {
        "level": "L2F",
        "zone": "landside",
        "verified": false,
        "kind": "corridor",
        "name": "",
        "nameEn": "",
        "minWidth": 6,
        "accessible": true,
        "bidirectional": true,
        "speedFactor": 1
      }
    },
    {
      "type": "Feature",
      "id": "path-l2f-0154",
      "geometry": {
        "type": "LineString",
        "coordinates": [
          [
            -104.5,
            -25.16
          ],
          [
            -70.97,
            -2.34
          ]
        ]
      },
      "properties": {
        "level": "L2F",
        "zone": "landside",
        "verified": false,
        "kind": "corridor",
        "name": "",
        "nameEn": "",
        "minWidth": 6,
        "accessible": true,
        "bidirectional": true,
        "speedFactor": 1
      }
    },
    {
      "type": "Feature",
      "id": "path-l2f-0155",
      "geometry": {
        "type": "LineString",
        "coordinates": [
          [
            -85.69,
            -12.36
          ],
          [
            -87.68,
            0.18
          ]
        ]
      },
      "properties": {
        "level": "L2F",
        "zone": "landside",
        "verified": false,
        "kind": "corridor",
        "name": "",
        "nameEn": "",
        "minWidth": 6,
        "accessible": true,
        "bidirectional": true,
        "speedFactor": 1
      }
    },
    {
      "type": "Feature",
      "id": "path-l2f-0156",
      "geometry": {
        "type": "LineString",
        "coordinates": [
          [
            -81.64,
            13.32
          ],
          [
            -87.68,
            0.18
          ]
        ]
      },
      "properties": {
        "level": "L2F",
        "zone": "landside",
        "verified": false,
        "kind": "corridor",
        "name": "",
        "nameEn": "",
        "minWidth": 6,
        "accessible": true,
        "bidirectional": true,
        "speedFactor": 1
      }
    },
    {
      "type": "Feature",
      "id": "path-l2f-0157",
      "geometry": {
        "type": "LineString",
        "coordinates": [
          [
            -42.48,
            3.11
          ],
          [
            -42.49,
            17.7
          ]
        ]
      },
      "properties": {
        "level": "L2F",
        "zone": "landside",
        "verified": false,
        "kind": "corridor",
        "name": "",
        "nameEn": "",
        "minWidth": 6,
        "accessible": true,
        "bidirectional": true,
        "speedFactor": 1
      }
    },
    {
      "type": "Feature",
      "id": "path-l2f-0158",
      "geometry": {
        "type": "LineString",
        "coordinates": [
          [
            36.14,
            16.57
          ],
          [
            35.38,
            26.98
          ]
        ]
      },
      "properties": {
        "level": "L2F",
        "zone": "landside",
        "verified": false,
        "kind": "corridor",
        "name": "",
        "nameEn": "",
        "minWidth": 6,
        "accessible": true,
        "bidirectional": true,
        "speedFactor": 1
      }
    },
    {
      "type": "Feature",
      "id": "path-l2f-0159",
      "geometry": {
        "type": "LineString",
        "coordinates": [
          [
            36.14,
            16.57
          ],
          [
            31.58,
            -6.38
          ]
        ]
      },
      "properties": {
        "level": "L2F",
        "zone": "airside_domestic",
        "verified": false,
        "kind": "corridor",
        "name": "",
        "nameEn": "",
        "minWidth": 6,
        "accessible": true,
        "bidirectional": true,
        "speedFactor": 1
      }
    },
    {
      "type": "Feature",
      "id": "path-l2f-0160",
      "geometry": {
        "type": "LineString",
        "coordinates": [
          [
            -42.48,
            3.11
          ],
          [
            -30.2,
            -15.12
          ]
        ]
      },
      "properties": {
        "level": "L2F",
        "zone": "airside_domestic",
        "verified": false,
        "kind": "corridor",
        "name": "",
        "nameEn": "",
        "minWidth": 6,
        "accessible": true,
        "bidirectional": true,
        "speedFactor": 1
      }
    },
    {
      "type": "Feature",
      "id": "path-l2f-0161",
      "geometry": {
        "type": "LineString",
        "coordinates": [
          [
            -178.53,
            26.9
          ],
          [
            -199.5,
            35.86
          ],
          [
            -214.41,
            52.67
          ],
          [
            -219.53,
            74.01
          ],
          [
            -227.62,
            90.25
          ]
        ]
      },
      "properties": {
        "level": "L2F",
        "zone": "landside",
        "verified": false,
        "kind": "corridor",
        "name": "",
        "nameEn": "",
        "minWidth": 6,
        "accessible": true,
        "bidirectional": true,
        "speedFactor": 1
      }
    },
    {
      "type": "Feature",
      "id": "path-l2f-0162",
      "geometry": {
        "type": "LineString",
        "coordinates": [
          [
            -222.25,
            79.75
          ],
          [
            -213.96,
            84.36
          ]
        ]
      },
      "properties": {
        "level": "L2F",
        "zone": "landside",
        "verified": false,
        "kind": "corridor",
        "name": "",
        "nameEn": "",
        "minWidth": 6,
        "accessible": true,
        "bidirectional": true,
        "speedFactor": 1
      }
    },
    {
      "type": "Feature",
      "id": "path-l2f-0163",
      "geometry": {
        "type": "LineString",
        "coordinates": [
          [
            135.78,
            53.64
          ],
          [
            161.6,
            64.37
          ],
          [
            184.7,
            79.41
          ],
          [
            192.04,
            103.8
          ],
          [
            192.96,
            126.72
          ],
          [
            206.34,
            156.06
          ]
        ]
      },
      "properties": {
        "level": "L2F",
        "zone": "landside",
        "verified": false,
        "kind": "corridor",
        "name": "",
        "nameEn": "",
        "minWidth": 6,
        "accessible": true,
        "bidirectional": true,
        "speedFactor": 1
      }
    },
    {
      "type": "Feature",
      "id": "path-l2f-0164",
      "geometry": {
        "type": "LineString",
        "coordinates": [
          [
            -150.3,
            56.9
          ],
          [
            -454.06,
            187.9
          ]
        ]
      },
      "properties": {
        "level": "L2F",
        "zone": "landside",
        "verified": false,
        "kind": "corridor",
        "name": "",
        "nameEn": "",
        "minWidth": 6,
        "accessible": true,
        "bidirectional": true,
        "speedFactor": 1
      }
    },
    {
      "type": "Feature",
      "id": "path-l2f-0165",
      "geometry": {
        "type": "LineString",
        "coordinates": [
          [
            -321.61,
            130.78
          ],
          [
            -307.68,
            136.69
          ],
          [
            -199.88,
            88.4
          ],
          [
            -149.89,
            66.47
          ],
          [
            -150.58,
            62.64
          ]
        ]
      },
      "properties": {
        "level": "L2F",
        "zone": "landside",
        "verified": false,
        "kind": "corridor",
        "name": "",
        "nameEn": "",
        "minWidth": 6,
        "accessible": true,
        "bidirectional": true,
        "speedFactor": 1
      }
    },
    {
      "type": "Feature",
      "id": "path-l2f-0166",
      "geometry": {
        "type": "LineString",
        "coordinates": [
          [
            -147.28,
            -108.69
          ],
          [
            -25.43,
            -15.99
          ]
        ]
      },
      "properties": {
        "level": "L2F",
        "zone": "airside_domestic",
        "verified": false,
        "kind": "corridor",
        "name": "",
        "nameEn": "",
        "minWidth": 6,
        "accessible": true,
        "bidirectional": true,
        "speedFactor": 1
      }
    },
    {
      "type": "Feature",
      "id": "path-l2f-0167",
      "geometry": {
        "type": "LineString",
        "coordinates": [
          [
            -146.57,
            -100.84
          ],
          [
            -140.39,
            -110.16
          ],
          [
            -297.49,
            -227.86
          ],
          [
            -379.97,
            -290.12
          ],
          [
            -387.02,
            -281.76
          ],
          [
            -278.82,
            -202.8
          ],
          [
            -180.8,
            -125.4
          ],
          [
            -146.57,
            -100.84
          ]
        ]
      },
      "properties": {
        "level": "L2F",
        "zone": "airside_domestic",
        "verified": false,
        "kind": "corridor",
        "name": "",
        "nameEn": "",
        "minWidth": 6,
        "accessible": true,
        "bidirectional": true,
        "speedFactor": 1
      }
    },
    {
      "type": "Feature",
      "id": "path-l2f-0168",
      "geometry": {
        "type": "LineString",
        "coordinates": [
          [
            -378.79,
            -283.77
          ],
          [
            -383.06,
            -286.46
          ]
        ]
      },
      "properties": {
        "level": "L2F",
        "zone": "airside_domestic",
        "verified": false,
        "kind": "corridor",
        "name": "",
        "nameEn": "",
        "minWidth": 6,
        "accessible": true,
        "bidirectional": true,
        "speedFactor": 1
      }
    },
    {
      "type": "Feature",
      "id": "path-l2f-0169",
      "geometry": {
        "type": "LineString",
        "coordinates": [
          [
            -328.86,
            -239.32
          ],
          [
            -322.45,
            -246.7
          ]
        ]
      },
      "properties": {
        "level": "L2F",
        "zone": "airside_domestic",
        "verified": false,
        "kind": "corridor",
        "name": "",
        "nameEn": "",
        "minWidth": 6,
        "accessible": true,
        "bidirectional": true,
        "speedFactor": 1
      }
    },
    {
      "type": "Feature",
      "id": "path-l2f-0170",
      "geometry": {
        "type": "LineString",
        "coordinates": [
          [
            -267.71,
            -194.03
          ],
          [
            -262.5,
            -201.65
          ]
        ]
      },
      "properties": {
        "level": "L2F",
        "zone": "airside_domestic",
        "verified": false,
        "kind": "corridor",
        "name": "",
        "nameEn": "",
        "minWidth": 6,
        "accessible": true,
        "bidirectional": true,
        "speedFactor": 1
      }
    },
    {
      "type": "Feature",
      "id": "path-l2f-0171",
      "geometry": {
        "type": "LineString",
        "coordinates": [
          [
            -208.85,
            -147.55
          ],
          [
            -203.38,
            -157.35
          ]
        ]
      },
      "properties": {
        "level": "L2F",
        "zone": "airside_domestic",
        "verified": false,
        "kind": "corridor",
        "name": "",
        "nameEn": "",
        "minWidth": 6,
        "accessible": true,
        "bidirectional": true,
        "speedFactor": 1
      }
    },
    {
      "type": "Feature",
      "id": "path-l2f-0172",
      "geometry": {
        "type": "LineString",
        "coordinates": [
          [
            -242.11,
            102.61
          ],
          [
            -245,
            97.74
          ]
        ]
      },
      "properties": {
        "level": "L2F",
        "zone": "landside",
        "verified": false,
        "kind": "corridor",
        "name": "",
        "nameEn": "",
        "minWidth": 6,
        "accessible": true,
        "bidirectional": true,
        "speedFactor": 1
      }
    },
    {
      "type": "Feature",
      "id": "path-l2f-0173",
      "geometry": {
        "type": "LineString",
        "coordinates": [
          [
            -445.56,
            190.39
          ],
          [
            -452.68,
            193.8
          ],
          [
            -454.06,
            187.9
          ]
        ]
      },
      "properties": {
        "level": "L2F",
        "zone": "landside",
        "verified": false,
        "kind": "corridor",
        "name": "",
        "nameEn": "",
        "minWidth": 6,
        "accessible": true,
        "bidirectional": true,
        "speedFactor": 1
      }
    },
    {
      "type": "Feature",
      "id": "path-l2f-0174",
      "geometry": {
        "type": "LineString",
        "coordinates": [
          [
            -25.23,
            12.32
          ],
          [
            -14.94,
            18.78
          ],
          [
            -5.88,
            34.46
          ]
        ]
      },
      "properties": {
        "level": "L2F",
        "zone": "landside",
        "verified": false,
        "kind": "corridor",
        "name": "",
        "nameEn": "",
        "minWidth": 6,
        "accessible": true,
        "bidirectional": true,
        "speedFactor": 1
      }
    },
    {
      "type": "Feature",
      "id": "path-l2f-0175",
      "geometry": {
        "type": "LineString",
        "coordinates": [
          [
            -5.88,
            34.46
          ],
          [
            7.97,
            21.02
          ],
          [
            22.08,
            18.7
          ]
        ]
      },
      "properties": {
        "level": "L2F",
        "zone": "landside",
        "verified": false,
        "kind": "corridor",
        "name": "",
        "nameEn": "",
        "minWidth": 6,
        "accessible": true,
        "bidirectional": true,
        "speedFactor": 1
      }
    },
    {
      "type": "Feature",
      "id": "path-l2f-0176",
      "geometry": {
        "type": "LineString",
        "coordinates": [
          [
            -107.65,
            90.15
          ],
          [
            -104.41,
            74.39
          ]
        ]
      },
      "properties": {
        "level": "L2F",
        "zone": "landside",
        "verified": false,
        "kind": "corridor",
        "name": "",
        "nameEn": "",
        "minWidth": 6,
        "accessible": true,
        "bidirectional": true,
        "speedFactor": 1
      }
    },
    {
      "type": "Feature",
      "id": "path-l2f-0177",
      "geometry": {
        "type": "LineString",
        "coordinates": [
          [
            -111.29,
            117.1
          ],
          [
            -112.52,
            125.72
          ]
        ]
      },
      "properties": {
        "level": "L2F",
        "zone": "landside",
        "verified": false,
        "kind": "corridor",
        "name": "",
        "nameEn": "",
        "minWidth": 6,
        "accessible": true,
        "bidirectional": true,
        "speedFactor": 1
      }
    },
    {
      "type": "Feature",
      "id": "path-l2f-0178",
      "geometry": {
        "type": "LineString",
        "coordinates": [
          [
            114.4,
            132.37
          ],
          [
            114.13,
            137.91
          ]
        ]
      },
      "properties": {
        "level": "L2F",
        "zone": "landside",
        "verified": false,
        "kind": "corridor",
        "name": "",
        "nameEn": "",
        "minWidth": 6,
        "accessible": true,
        "bidirectional": true,
        "speedFactor": 1
      }
    },
    {
      "type": "Feature",
      "id": "path-l2f-0179",
      "geometry": {
        "type": "LineString",
        "coordinates": [
          [
            110.06,
            165.03
          ],
          [
            109.61,
            171.04
          ]
        ]
      },
      "properties": {
        "level": "L2F",
        "zone": "landside",
        "verified": false,
        "kind": "corridor",
        "name": "",
        "nameEn": "",
        "minWidth": 6,
        "accessible": true,
        "bidirectional": true,
        "speedFactor": 1
      }
    },
    {
      "type": "Feature",
      "id": "path-l2f-0180",
      "geometry": {
        "type": "LineString",
        "coordinates": [
          [
            128.26,
            178.07
          ],
          [
            127.3,
            183.9
          ]
        ]
      },
      "properties": {
        "level": "L2F",
        "zone": "landside",
        "verified": false,
        "kind": "corridor",
        "name": "",
        "nameEn": "",
        "minWidth": 6,
        "accessible": true,
        "bidirectional": true,
        "speedFactor": 1
      }
    },
    {
      "type": "Feature",
      "id": "path-l2f-0181",
      "geometry": {
        "type": "LineString",
        "coordinates": [
          [
            131.4,
            150.8
          ],
          [
            131.66,
            144.52
          ]
        ]
      },
      "properties": {
        "level": "L2F",
        "zone": "landside",
        "verified": false,
        "kind": "corridor",
        "name": "",
        "nameEn": "",
        "minWidth": 6,
        "accessible": true,
        "bidirectional": true,
        "speedFactor": 1
      }
    },
    {
      "type": "Feature",
      "id": "path-l2f-0182",
      "geometry": {
        "type": "LineString",
        "coordinates": [
          [
            148.79,
            158.4
          ],
          [
            148.27,
            163.83
          ]
        ]
      },
      "properties": {
        "level": "L2F",
        "zone": "landside",
        "verified": false,
        "kind": "corridor",
        "name": "",
        "nameEn": "",
        "minWidth": 6,
        "accessible": true,
        "bidirectional": true,
        "speedFactor": 1
      }
    },
    {
      "type": "Feature",
      "id": "path-l2f-0183",
      "geometry": {
        "type": "LineString",
        "coordinates": [
          [
            144.85,
            191.12
          ],
          [
            144.13,
            196.28
          ]
        ]
      },
      "properties": {
        "level": "L2F",
        "zone": "landside",
        "verified": false,
        "kind": "corridor",
        "name": "",
        "nameEn": "",
        "minWidth": 6,
        "accessible": true,
        "bidirectional": true,
        "speedFactor": 1
      }
    },
    {
      "type": "Feature",
      "id": "path-l2f-0184",
      "geometry": {
        "type": "LineString",
        "coordinates": [
          [
            65.71,
            144.07
          ],
          [
            73.07,
            94.89
          ]
        ]
      },
      "properties": {
        "level": "L2F",
        "zone": "landside",
        "verified": false,
        "kind": "corridor",
        "name": "",
        "nameEn": "",
        "minWidth": 6,
        "accessible": true,
        "bidirectional": true,
        "speedFactor": 1
      }
    },
    {
      "type": "Feature",
      "id": "path-l2f-0185",
      "geometry": {
        "type": "LineString",
        "coordinates": [
          [
            47.8,
            135.03
          ],
          [
            53.24,
            85.54
          ]
        ]
      },
      "properties": {
        "level": "L2F",
        "zone": "landside",
        "verified": false,
        "kind": "corridor",
        "name": "",
        "nameEn": "",
        "minWidth": 6,
        "accessible": true,
        "bidirectional": true,
        "speedFactor": 1
      }
    },
    {
      "type": "Feature",
      "id": "path-l2f-0186",
      "geometry": {
        "type": "LineString",
        "coordinates": [
          [
            29.68,
            128.25
          ],
          [
            36.12,
            78.91
          ]
        ]
      },
      "properties": {
        "level": "L2F",
        "zone": "landside",
        "verified": false,
        "kind": "corridor",
        "name": "",
        "nameEn": "",
        "minWidth": 6,
        "accessible": true,
        "bidirectional": true,
        "speedFactor": 1
      }
    },
    {
      "type": "Feature",
      "id": "path-l2f-0187",
      "geometry": {
        "type": "LineString",
        "coordinates": [
          [
            -64.27,
            118.62
          ],
          [
            -56.95,
            66.27
          ]
        ]
      },
      "properties": {
        "level": "L2F",
        "zone": "landside",
        "verified": false,
        "kind": "corridor",
        "name": "",
        "nameEn": "",
        "minWidth": 6,
        "accessible": true,
        "bidirectional": true,
        "speedFactor": 1
      }
    },
    {
      "type": "Feature",
      "id": "path-l2f-0188",
      "geometry": {
        "type": "LineString",
        "coordinates": [
          [
            -82.14,
            120.17
          ],
          [
            -76.48,
            68.5
          ]
        ]
      },
      "properties": {
        "level": "L2F",
        "zone": "landside",
        "verified": false,
        "kind": "corridor",
        "name": "",
        "nameEn": "",
        "minWidth": 6,
        "accessible": true,
        "bidirectional": true,
        "speedFactor": 1
      }
    },
    {
      "type": "Feature",
      "id": "path-l2f-0189",
      "geometry": {
        "type": "LineString",
        "coordinates": [
          [
            -100.79,
            122.46
          ],
          [
            -97.22,
            71.85
          ]
        ]
      },
      "properties": {
        "level": "L2F",
        "zone": "landside",
        "verified": false,
        "kind": "corridor",
        "name": "",
        "nameEn": "",
        "minWidth": 6,
        "accessible": true,
        "bidirectional": true,
        "speedFactor": 1
      }
    },
    {
      "type": "Feature",
      "id": "path-l2f-0190",
      "geometry": {
        "type": "LineString",
        "coordinates": [
          [
            -160.89,
            143.59
          ],
          [
            -156.87,
            104.91
          ]
        ]
      },
      "properties": {
        "level": "L2F",
        "zone": "landside",
        "verified": false,
        "kind": "corridor",
        "name": "",
        "nameEn": "",
        "minWidth": 6,
        "accessible": true,
        "bidirectional": true,
        "speedFactor": 1
      }
    },
    {
      "type": "Feature",
      "id": "path-l2f-0191",
      "geometry": {
        "type": "LineString",
        "coordinates": [
          [
            -182.62,
            152.89
          ],
          [
            -177.6,
            112.77
          ]
        ]
      },
      "properties": {
        "level": "L2F",
        "zone": "landside",
        "verified": false,
        "kind": "corridor",
        "name": "",
        "nameEn": "",
        "minWidth": 6,
        "accessible": true,
        "bidirectional": true,
        "speedFactor": 1
      }
    },
    {
      "type": "Feature",
      "id": "path-l2f-0192",
      "geometry": {
        "type": "LineString",
        "coordinates": [
          [
            -183.29,
            132.38
          ],
          [
            -172.23,
            127.67
          ]
        ]
      },
      "properties": {
        "level": "L2F",
        "zone": "landside",
        "verified": false,
        "kind": "corridor",
        "name": "",
        "nameEn": "",
        "minWidth": 6,
        "accessible": true,
        "bidirectional": true,
        "speedFactor": 1
      }
    },
    {
      "type": "Feature",
      "id": "path-l2f-0193",
      "geometry": {
        "type": "LineString",
        "coordinates": [
          [
            -163.31,
            124.02
          ],
          [
            -152.26,
            119.24
          ]
        ]
      },
      "properties": {
        "level": "L2F",
        "zone": "landside",
        "verified": false,
        "kind": "corridor",
        "name": "",
        "nameEn": "",
        "minWidth": 6,
        "accessible": true,
        "bidirectional": true,
        "speedFactor": 1
      }
    },
    {
      "type": "Feature",
      "id": "path-l2f-0194",
      "geometry": {
        "type": "LineString",
        "coordinates": [
          [
            -104,
            101.51
          ],
          [
            -93,
            97.42
          ]
        ]
      },
      "properties": {
        "level": "L2F",
        "zone": "landside",
        "verified": false,
        "kind": "corridor",
        "name": "",
        "nameEn": "",
        "minWidth": 6,
        "accessible": true,
        "bidirectional": true,
        "speedFactor": 1
      }
    },
    {
      "type": "Feature",
      "id": "path-l2f-0195",
      "geometry": {
        "type": "LineString",
        "coordinates": [
          [
            -84.47,
            94.9
          ],
          [
            -73.7,
            93.33
          ]
        ]
      },
      "properties": {
        "level": "L2F",
        "zone": "landside",
        "verified": false,
        "kind": "corridor",
        "name": "",
        "nameEn": "",
        "minWidth": 6,
        "accessible": true,
        "bidirectional": true,
        "speedFactor": 1
      }
    },
    {
      "type": "Feature",
      "id": "path-l2f-0196",
      "geometry": {
        "type": "LineString",
        "coordinates": [
          [
            -127.57,
            106.96
          ],
          [
            -143.9,
            118.18
          ]
        ]
      },
      "properties": {
        "level": "L2F",
        "zone": "landside",
        "verified": false,
        "kind": "corridor",
        "name": "",
        "nameEn": "",
        "minWidth": 6,
        "accessible": true,
        "bidirectional": true,
        "speedFactor": 1
      }
    },
    {
      "type": "Feature",
      "id": "path-l2f-0197",
      "geometry": {
        "type": "LineString",
        "coordinates": [
          [
            -64.95,
            92.11
          ],
          [
            -54.28,
            90.17
          ]
        ]
      },
      "properties": {
        "level": "L2F",
        "zone": "landside",
        "verified": false,
        "kind": "corridor",
        "name": "",
        "nameEn": "",
        "minWidth": 6,
        "accessible": true,
        "bidirectional": true,
        "speedFactor": 1
      }
    },
    {
      "type": "Feature",
      "id": "path-l2f-0198",
      "geometry": {
        "type": "LineString",
        "coordinates": [
          [
            -45.91,
            91.47
          ],
          [
            -22.63,
            92.24
          ]
        ]
      },
      "properties": {
        "level": "L2F",
        "zone": "landside",
        "verified": false,
        "kind": "corridor",
        "name": "",
        "nameEn": "",
        "minWidth": 6,
        "accessible": true,
        "bidirectional": true,
        "speedFactor": 1
      }
    },
    {
      "type": "Feature",
      "id": "path-l2f-0199",
      "geometry": {
        "type": "LineString",
        "coordinates": [
          [
            4.17,
            95.38
          ],
          [
            19.96,
            98.62
          ]
        ]
      },
      "properties": {
        "level": "L2F",
        "zone": "landside",
        "verified": false,
        "kind": "corridor",
        "name": "",
        "nameEn": "",
        "minWidth": 6,
        "accessible": true,
        "bidirectional": true,
        "speedFactor": 1
      }
    },
    {
      "type": "Feature",
      "id": "path-l2f-0200",
      "geometry": {
        "type": "LineString",
        "coordinates": [
          [
            28.58,
            100.66
          ],
          [
            38.16,
            104.33
          ]
        ]
      },
      "properties": {
        "level": "L2F",
        "zone": "landside",
        "verified": false,
        "kind": "corridor",
        "name": "",
        "nameEn": "",
        "minWidth": 6,
        "accessible": true,
        "bidirectional": true,
        "speedFactor": 1
      }
    },
    {
      "type": "Feature",
      "id": "path-l2f-0201",
      "geometry": {
        "type": "LineString",
        "coordinates": [
          [
            46.41,
            108.22
          ],
          [
            56.05,
            113.19
          ]
        ]
      },
      "properties": {
        "level": "L2F",
        "zone": "landside",
        "verified": false,
        "kind": "corridor",
        "name": "",
        "nameEn": "",
        "minWidth": 6,
        "accessible": true,
        "bidirectional": true,
        "speedFactor": 1
      }
    },
    {
      "type": "Feature",
      "id": "path-l2f-0202",
      "geometry": {
        "type": "LineString",
        "coordinates": [
          [
            64.14,
            117.08
          ],
          [
            73.87,
            123.18
          ]
        ]
      },
      "properties": {
        "level": "L2F",
        "zone": "landside",
        "verified": false,
        "kind": "corridor",
        "name": "",
        "nameEn": "",
        "minWidth": 6,
        "accessible": true,
        "bidirectional": true,
        "speedFactor": 1
      }
    },
    {
      "type": "Feature",
      "id": "path-l2f-0203",
      "geometry": {
        "type": "LineString",
        "coordinates": [
          [
            81.69,
            128.5
          ],
          [
            108.65,
            148.19
          ]
        ]
      },
      "properties": {
        "level": "L2F",
        "zone": "landside",
        "verified": false,
        "kind": "corridor",
        "name": "",
        "nameEn": "",
        "minWidth": 6,
        "accessible": true,
        "bidirectional": true,
        "speedFactor": 1
      }
    },
    {
      "type": "Feature",
      "id": "path-l2f-0204",
      "geometry": {
        "type": "LineString",
        "coordinates": [
          [
            116.61,
            153.11
          ],
          [
            125.76,
            161.95
          ]
        ]
      },
      "properties": {
        "level": "L2F",
        "zone": "landside",
        "verified": false,
        "kind": "corridor",
        "name": "",
        "nameEn": "",
        "minWidth": 6,
        "accessible": true,
        "bidirectional": true,
        "speedFactor": 1
      }
    },
    {
      "type": "Feature",
      "id": "path-l2f-0205",
      "geometry": {
        "type": "LineString",
        "coordinates": [
          [
            133.94,
            167.84
          ],
          [
            143.17,
            174.2
          ]
        ]
      },
      "properties": {
        "level": "L2F",
        "zone": "landside",
        "verified": false,
        "kind": "corridor",
        "name": "",
        "nameEn": "",
        "minWidth": 6,
        "accessible": true,
        "bidirectional": true,
        "speedFactor": 1
      }
    },
    {
      "type": "Feature",
      "id": "path-l2f-0206",
      "geometry": {
        "type": "LineString",
        "coordinates": [
          [
            118.69,
            177.79
          ],
          [
            123.45,
            138.21
          ],
          [
            123.58,
            138.3
          ]
        ]
      },
      "properties": {
        "level": "L2F",
        "zone": "landside",
        "verified": false,
        "kind": "corridor",
        "name": "",
        "nameEn": "",
        "minWidth": 6,
        "accessible": true,
        "bidirectional": true,
        "speedFactor": 1
      }
    },
    {
      "type": "Feature",
      "id": "path-l2f-0207",
      "geometry": {
        "type": "LineString",
        "coordinates": [
          [
            137.02,
            190.8
          ],
          [
            141.19,
            152
          ]
        ]
      },
      "properties": {
        "level": "L2F",
        "zone": "landside",
        "verified": false,
        "kind": "corridor",
        "name": "",
        "nameEn": "",
        "minWidth": 6,
        "accessible": true,
        "bidirectional": true,
        "speedFactor": 1
      }
    },
    {
      "type": "Feature",
      "id": "path-l2f-0208",
      "geometry": {
        "type": "LineString",
        "coordinates": [
          [
            -100.79,
            122.46
          ],
          [
            -102.4,
            133.5
          ],
          [
            -108.21,
            132.68
          ],
          [
            -108.36,
            134.25
          ]
        ]
      },
      "properties": {
        "level": "L2F",
        "zone": "landside",
        "verified": false,
        "kind": "corridor",
        "name": "",
        "nameEn": "",
        "minWidth": 6,
        "accessible": true,
        "bidirectional": true,
        "speedFactor": 1
      }
    },
    {
      "type": "Feature",
      "id": "path-l2f-0209",
      "geometry": {
        "type": "LineString",
        "coordinates": [
          [
            -102.4,
            133.5
          ],
          [
            -98.42,
            134.14
          ],
          [
            -98.45,
            135.34
          ]
        ]
      },
      "properties": {
        "level": "L2F",
        "zone": "landside",
        "verified": false,
        "kind": "corridor",
        "name": "",
        "nameEn": "",
        "minWidth": 6,
        "accessible": true,
        "bidirectional": true,
        "speedFactor": 1
      }
    },
    {
      "type": "Feature",
      "id": "path-l2f-0210",
      "geometry": {
        "type": "LineString",
        "coordinates": [
          [
            -103.57,
            130.64
          ],
          [
            -100.47,
            131.18
          ]
        ]
      },
      "properties": {
        "level": "L2F",
        "zone": "landside",
        "verified": false,
        "kind": "corridor",
        "name": "",
        "nameEn": "",
        "minWidth": 6,
        "accessible": true,
        "bidirectional": true,
        "speedFactor": 1
      }
    },
    {
      "type": "Feature",
      "id": "path-l2f-0211",
      "geometry": {
        "type": "LineString",
        "coordinates": [
          [
            -88.69,
            150.69
          ],
          [
            -87.1,
            137.78
          ],
          [
            -91.43,
            137.1
          ],
          [
            -91.06,
            135.91
          ]
        ]
      },
      "properties": {
        "level": "L2F",
        "zone": "landside",
        "verified": false,
        "kind": "corridor",
        "name": "",
        "nameEn": "",
        "minWidth": 6,
        "accessible": true,
        "bidirectional": true,
        "speedFactor": 1
      }
    },
    {
      "type": "Feature",
      "id": "path-l2f-0212",
      "geometry": {
        "type": "LineString",
        "coordinates": [
          [
            -87.1,
            137.78
          ],
          [
            -81.51,
            138.49
          ],
          [
            -80.85,
            137.25
          ]
        ]
      },
      "properties": {
        "level": "L2F",
        "zone": "landside",
        "verified": false,
        "kind": "corridor",
        "name": "",
        "nameEn": "",
        "minWidth": 6,
        "accessible": true,
        "bidirectional": true,
        "speedFactor": 1
      }
    },
    {
      "type": "Feature",
      "id": "path-l2f-0213",
      "geometry": {
        "type": "LineString",
        "coordinates": [
          [
            -88.87,
            139.92
          ],
          [
            -85.41,
            140.45
          ]
        ]
      },
      "properties": {
        "level": "L2F",
        "zone": "landside",
        "verified": false,
        "kind": "corridor",
        "name": "",
        "nameEn": "",
        "minWidth": 6,
        "accessible": true,
        "bidirectional": true,
        "speedFactor": 1
      }
    },
    {
      "type": "Feature",
      "id": "path-l2f-0214",
      "geometry": {
        "type": "LineString",
        "coordinates": [
          [
            -95.79,
            150.69
          ],
          [
            -95.87,
            147.03
          ]
        ]
      },
      "properties": {
        "level": "L2F",
        "zone": "landside",
        "verified": false,
        "kind": "corridor",
        "name": "",
        "nameEn": "",
        "minWidth": 6,
        "accessible": true,
        "bidirectional": true,
        "speedFactor": 1
      }
    },
    {
      "type": "Feature",
      "id": "path-l2f-0215",
      "geometry": {
        "type": "LineString",
        "coordinates": [
          [
            -83.11,
            150.69
          ],
          [
            -82.85,
            147.66
          ]
        ]
      },
      "properties": {
        "level": "L2F",
        "zone": "landside",
        "verified": false,
        "kind": "corridor",
        "name": "",
        "nameEn": "",
        "minWidth": 6,
        "accessible": true,
        "bidirectional": true,
        "speedFactor": 1
      }
    },
    {
      "type": "Feature",
      "id": "path-l2f-0216",
      "geometry": {
        "type": "LineString",
        "coordinates": [
          [
            16.39,
            161.06
          ],
          [
            18.91,
            156.04
          ]
        ]
      },
      "properties": {
        "level": "L2F",
        "zone": "landside",
        "verified": false,
        "kind": "corridor",
        "name": "",
        "nameEn": "",
        "minWidth": 6,
        "accessible": true,
        "bidirectional": true,
        "speedFactor": 1
      }
    },
    {
      "type": "Feature",
      "id": "path-l2f-0217",
      "geometry": {
        "type": "LineString",
        "coordinates": [
          [
            18.11,
            143.95
          ],
          [
            14.69,
            143.53
          ],
          [
            12.27,
            160.09
          ]
        ]
      },
      "properties": {
        "level": "L2F",
        "zone": "landside",
        "verified": false,
        "kind": "corridor",
        "name": "",
        "nameEn": "",
        "minWidth": 6,
        "accessible": true,
        "bidirectional": true,
        "speedFactor": 1
      }
    },
    {
      "type": "Feature",
      "id": "path-l2f-0218",
      "geometry": {
        "type": "LineString",
        "coordinates": [
          [
            46.84,
            167.95
          ],
          [
            47.92,
            155.29
          ],
          [
            41.99,
            154.66
          ],
          [
            42.07,
            152.98
          ]
        ]
      },
      "properties": {
        "level": "L2F",
        "zone": "landside",
        "verified": false,
        "kind": "corridor",
        "name": "",
        "nameEn": "",
        "minWidth": 6,
        "accessible": true,
        "bidirectional": true,
        "speedFactor": 1
      }
    },
    {
      "type": "Feature",
      "id": "path-l2f-0219",
      "geometry": {
        "type": "LineString",
        "coordinates": [
          [
            47.92,
            155.29
          ],
          [
            52.84,
            155.37
          ],
          [
            52.84,
            154.24
          ]
        ]
      },
      "properties": {
        "level": "L2F",
        "zone": "landside",
        "verified": false,
        "kind": "corridor",
        "name": "",
        "nameEn": "",
        "minWidth": 6,
        "accessible": true,
        "bidirectional": true,
        "speedFactor": 1
      }
    },
    {
      "type": "Feature",
      "id": "path-l2f-0220",
      "geometry": {
        "type": "LineString",
        "coordinates": [
          [
            46.1,
            157.51
          ],
          [
            49.65,
            158.09
          ]
        ]
      },
      "properties": {
        "level": "L2F",
        "zone": "landside",
        "verified": false,
        "kind": "corridor",
        "name": "",
        "nameEn": "",
        "minWidth": 6,
        "accessible": true,
        "bidirectional": true,
        "speedFactor": 1
      }
    },
    {
      "type": "Feature",
      "id": "path-l2f-0221",
      "geometry": {
        "type": "LineString",
        "coordinates": [
          [
            41.11,
            166.69
          ],
          [
            41.89,
            163.57
          ]
        ]
      },
      "properties": {
        "level": "L2F",
        "zone": "landside",
        "verified": false,
        "kind": "corridor",
        "name": "",
        "nameEn": "",
        "minWidth": 6,
        "accessible": true,
        "bidirectional": true,
        "speedFactor": 1
      }
    },
    {
      "type": "Feature",
      "id": "path-l2f-0222",
      "geometry": {
        "type": "LineString",
        "coordinates": [
          [
            50.15,
            168.68
          ],
          [
            51,
            165.53
          ]
        ]
      },
      "properties": {
        "level": "L2F",
        "zone": "landside",
        "verified": false,
        "kind": "corridor",
        "name": "",
        "nameEn": "",
        "minWidth": 6,
        "accessible": true,
        "bidirectional": true,
        "speedFactor": 1
      }
    },
    {
      "type": "Feature",
      "id": "path-l2f-0223",
      "geometry": {
        "type": "LineString",
        "coordinates": [
          [
            65.71,
            144.07
          ],
          [
            64.39,
            154.2
          ],
          [
            60.02,
            153.94
          ],
          [
            59.66,
            155.31
          ]
        ]
      },
      "properties": {
        "level": "L2F",
        "zone": "landside",
        "verified": false,
        "kind": "corridor",
        "name": "",
        "nameEn": "",
        "minWidth": 6,
        "accessible": true,
        "bidirectional": true,
        "speedFactor": 1
      }
    },
    {
      "type": "Feature",
      "id": "path-l2f-0224",
      "geometry": {
        "type": "LineString",
        "coordinates": [
          [
            64.39,
            154.2
          ],
          [
            69.52,
            155.21
          ],
          [
            69.55,
            156.64
          ]
        ]
      },
      "properties": {
        "level": "L2F",
        "zone": "landside",
        "verified": false,
        "kind": "corridor",
        "name": "",
        "nameEn": "",
        "minWidth": 6,
        "accessible": true,
        "bidirectional": true,
        "speedFactor": 1
      }
    },
    {
      "type": "Feature",
      "id": "path-l2f-0225",
      "geometry": {
        "type": "LineString",
        "coordinates": [
          [
            62.84,
            151.96
          ],
          [
            66.13,
            152.11
          ]
        ]
      },
      "properties": {
        "level": "L2F",
        "zone": "landside",
        "verified": false,
        "kind": "corridor",
        "name": "",
        "nameEn": "",
        "minWidth": 6,
        "accessible": true,
        "bidirectional": true,
        "speedFactor": 1
      }
    },
    {
      "type": "Feature",
      "id": "path-l2f-0226",
      "geometry": {
        "type": "LineString",
        "coordinates": [
          [
            118.69,
            177.79
          ],
          [
            115.34,
            181.78
          ]
        ]
      },
      "properties": {
        "level": "L2F",
        "zone": "landside",
        "verified": false,
        "kind": "corridor",
        "name": "",
        "nameEn": "",
        "minWidth": 6,
        "accessible": true,
        "bidirectional": true,
        "speedFactor": 1
      }
    },
    {
      "type": "Feature",
      "id": "path-l2f-0227",
      "geometry": {
        "type": "LineString",
        "coordinates": [
          [
            -299.03,
            103.87
          ],
          [
            -291.72,
            117.89
          ]
        ]
      },
      "properties": {
        "level": "L2F",
        "zone": "landside",
        "verified": false,
        "kind": "corridor",
        "name": "",
        "nameEn": "",
        "minWidth": 6,
        "accessible": true,
        "bidirectional": true,
        "speedFactor": 1
      }
    }
  ]
}
